split,sample,label_file,df_row_0based,excel_row,Element_Name,Width_b,Height_h
train,sample_1,data/train/sample_1/Label-02-shahidi.xlsx,120,122,121.0,0.0,0.0
train,sample_1,data/train/sample_1/Label-02-shahidi.xlsx,121,123,122.0,0.0,0.0
train,sample_1,data/train/sample_1/Label-02-shahidi.xlsx,122,124,123.0,0.0,0.0
train,sample_1,data/train/sample_1/Label-02-shahidi.xlsx,123,125,124.0,0.0,0.0
train,sample_1,data/train/sample_1/Label-02-shahidi.xlsx,124,126,125.0,0.0,0.0
train,sample_1,data/train/sample_1/Label-02-shahidi.xlsx,125,127,126.0,0.0,0.0
train,sample_1,data/train/sample_1/Label-02-shahidi.xlsx,126,128,127.0,0.0,0.0
train,sample_1,data/train/sample_1/Label-02-shahidi.xlsx,128,130,129.0,0.0,0.0
train,sample_1,data/train/sample_1/Label-02-shahidi.xlsx,129,131,130.0,0.0,0.0
train,sample_1,data/train/sample_1/Label-02-shahidi.xlsx,130,132,131.0,0.0,0.0
train,sample_1,data/train/sample_1/Label-02-shahidi.xlsx,131,133,132.0,0.0,0.0
train,sample_1,data/train/sample_1/Label-02-shahidi.xlsx,132,134,133.0,0.0,0.0
train,sample_1,data/train/sample_1/Label-02-shahidi.xlsx,133,135,134.0,0.0,0.0
train,sample_1,data/train/sample_1/Label-02-shahidi.xlsx,134,136,135.0,0.0,0.0
train,sample_1,data/train/sample_1/Label-02-shahidi.xlsx,152,154,153.0,0.0,0.0
train,sample_1,data/train/sample_1/Label-02-shahidi.xlsx,153,155,154.0,0.0,0.0
train,sample_1,data/train/sample_1/Label-02-shahidi.xlsx,154,156,155.0,0.0,0.0
train,sample_1,data/train/sample_1/Label-02-shahidi.xlsx,155,157,156.0,0.0,0.0
train,sample_1,data/train/sample_1/Label-02-shahidi.xlsx,156,158,157.0,0.0,0.0
train,sample_1,data/train/sample_1/Label-02-shahidi.xlsx,157,159,158.0,0.0,0.0
train,sample_1,data/train/sample_1/Label-02-shahidi.xlsx,158,160,159.0,0.0,0.0
train,sample_1,data/train/sample_1/Label-02-shahidi.xlsx,159,161,160.0,0.0,0.0
train,sample_1,data/train/sample_1/Label-02-shahidi.xlsx,168,170,169.0,0.0,0.0
train,sample_1,data/train/sample_1/Label-02-shahidi.xlsx,169,171,170.0,0.0,0.0
train,sample_1,data/train/sample_1/Label-02-shahidi.xlsx,170,172,171.0,0.0,0.0
train,sample_1,data/train/sample_1/Label-02-shahidi.xlsx,171,173,172.0,0.0,0.0
train,sample_1,data/train/sample_1/Label-02-shahidi.xlsx,172,174,173.0,0.0,0.0
train,sample_1,data/train/sample_1/Label-02-shahidi.xlsx,173,175,174.0,0.0,0.0
train,sample_1,data/train/sample_1/Label-02-shahidi.xlsx,311,313,369.0,0.0,0.0
train,sample_1,data/train/sample_1/Label-02-shahidi.xlsx,312,314,370.0,0.0,0.0
train,sample_1,data/train/sample_1/Label-02-shahidi.xlsx,313,315,371.0,0.0,0.0
train,sample_1,data/train/sample_1/Label-02-shahidi.xlsx,314,316,372.0,0.0,0.0
train,sample_1,data/train/sample_1/Label-02-shahidi.xlsx,315,317,373.0,0.0,0.0
train,sample_1,data/train/sample_1/Label-02-shahidi.xlsx,316,318,374.0,0.0,0.0
train,sample_1,data/train/sample_1/Label-02-shahidi.xlsx,317,319,375.0,0.0,0.0
train,sample_1,data/train/sample_1/Label-02-shahidi.xlsx,423,425,545.0,0.0,0.0
train,sample_1,data/train/sample_1/Label-02-shahidi.xlsx,424,426,546.0,0.0,0.0
train,sample_1,data/train/sample_1/Label-02-shahidi.xlsx,425,427,547.0,0.0,0.0
train,sample_1,data/train/sample_1/Label-02-shahidi.xlsx,426,428,548.0,0.0,0.0
train,sample_1,data/train/sample_1/Label-02-shahidi.xlsx,427,429,549.0,0.0,0.0
train,sample_1,data/train/sample_1/Label-02-shahidi.xlsx,428,430,550.0,0.0,0.0
train,sample_1,data/train/sample_1/Label-02-shahidi.xlsx,429,431,551.0,0.0,0.0
train,sample_1,data/train/sample_1/Label-02-shahidi.xlsx,430,432,553.0,0.0,0.0
train,sample_1,data/train/sample_1/Label-02-shahidi.xlsx,431,433,554.0,0.0,0.0
train,sample_1,data/train/sample_1/Label-02-shahidi.xlsx,432,434,555.0,0.0,0.0
train,sample_1,data/train/sample_1/Label-02-shahidi.xlsx,433,435,556.0,0.0,0.0
train,sample_1,data/train/sample_1/Label-02-shahidi.xlsx,434,436,557.0,0.0,0.0
train,sample_1,data/train/sample_1/Label-02-shahidi.xlsx,435,437,558.0,0.0,0.0
train,sample_1,data/train/sample_1/Label-02-shahidi.xlsx,436,438,559.0,0.0,0.0
train,sample_1,data/train/sample_1/Label-02-shahidi.xlsx,437,439,561.0,0.0,0.0
train,sample_1,data/train/sample_1/Label-02-shahidi.xlsx,438,440,562.0,0.0,0.0
train,sample_1,data/train/sample_1/Label-02-shahidi.xlsx,439,441,563.0,0.0,0.0
train,sample_1,data/train/sample_1/Label-02-shahidi.xlsx,440,442,564.0,0.0,0.0
train,sample_1,data/train/sample_1/Label-02-shahidi.xlsx,441,443,565.0,0.0,0.0
train,sample_1,data/train/sample_1/Label-02-shahidi.xlsx,442,444,566.0,0.0,0.0
train,sample_1,data/train/sample_1/Label-02-shahidi.xlsx,443,445,567.0,0.0,0.0
train,sample_1,data/train/sample_1/Label-02-shahidi.xlsx,460,462,601.0,0.0,0.0
train,sample_1,data/train/sample_1/Label-02-shahidi.xlsx,461,463,603.0,0.0,0.0
train,sample_1,data/train/sample_1/Label-02-shahidi.xlsx,462,464,605.0,0.0,0.0
train,sample_1,data/train/sample_1/Label-02-shahidi.xlsx,463,465,607.0,0.0,0.0
train,sample_1,data/train/sample_1/Label-02-shahidi.xlsx,464,466,609.0,0.0,0.0
train,sample_1,data/train/sample_1/Label-02-shahidi.xlsx,465,467,611.0,0.0,0.0
train,sample_1,data/train/sample_1/Label-02-shahidi.xlsx,466,468,613.0,0.0,0.0
train,sample_1,data/train/sample_1/Label-02-shahidi.xlsx,467,469,617.0,0.0,0.0
train,sample_1,data/train/sample_1/Label-02-shahidi.xlsx,468,470,619.0,0.0,0.0
train,sample_1,data/train/sample_1/Label-02-shahidi.xlsx,469,471,621.0,0.0,0.0
train,sample_1,data/train/sample_1/Label-02-shahidi.xlsx,470,472,623.0,0.0,0.0
train,sample_1,data/train/sample_1/Label-02-shahidi.xlsx,471,473,625.0,0.0,0.0
train,sample_1,data/train/sample_1/Label-02-shahidi.xlsx,472,474,627.0,0.0,0.0
train,sample_1,data/train/sample_1/Label-02-shahidi.xlsx,473,475,629.0,0.0,0.0
train,sample_105,data/train/sample_105/Label-Chegini Sazmani B1.xlsx,54,56,240.0,0.0,0.0
train,sample_105,data/train/sample_105/Label-Chegini Sazmani B1.xlsx,58,60,245.0,0.0,0.0
train,sample_105,data/train/sample_105/Label-Chegini Sazmani B1.xlsx,64,66,251.0,0.0,0.0
train,sample_105,data/train/sample_105/Label-Chegini Sazmani B1.xlsx,418,420,643.0,0.0,0.0
train,sample_109,data/train/sample_109/Label-Dejamkhoo Sazmani.xlsx,50,52,150.0,0.0,0.0
train,sample_112,data/train/sample_112/Label-Education Department1.xlsx,160,162,161.0,0.0,0.0
train,sample_112,data/train/sample_112/Label-Education Department1.xlsx,161,163,162.0,0.0,0.0
train,sample_112,data/train/sample_112/Label-Education Department1.xlsx,162,164,163.0,0.0,0.0
train,sample_112,data/train/sample_112/Label-Education Department1.xlsx,163,165,164.0,0.0,0.0
train,sample_112,data/train/sample_112/Label-Education Department1.xlsx,164,166,165.0,0.0,0.0
train,sample_112,data/train/sample_112/Label-Education Department1.xlsx,165,167,166.0,0.0,0.0
train,sample_112,data/train/sample_112/Label-Education Department1.xlsx,166,168,167.0,0.0,0.0
train,sample_112,data/train/sample_112/Label-Education Department1.xlsx,167,169,168.0,0.0,0.0
train,sample_112,data/train/sample_112/Label-Education Department1.xlsx,168,170,169.0,0.0,0.0
train,sample_112,data/train/sample_112/Label-Education Department1.xlsx,169,171,170.0,0.0,0.0
train,sample_112,data/train/sample_112/Label-Education Department1.xlsx,180,182,181.0,0.0,0.0
train,sample_112,data/train/sample_112/Label-Education Department1.xlsx,181,183,182.0,0.0,0.0
train,sample_112,data/train/sample_112/Label-Education Department1.xlsx,182,184,183.0,0.0,0.0
train,sample_112,data/train/sample_112/Label-Education Department1.xlsx,183,185,184.0,0.0,0.0
train,sample_112,data/train/sample_112/Label-Education Department1.xlsx,184,186,185.0,0.0,0.0
train,sample_112,data/train/sample_112/Label-Education Department1.xlsx,210,212,211.0,0.0,0.0
train,sample_112,data/train/sample_112/Label-Education Department1.xlsx,213,215,214.0,0.0,0.0
train,sample_112,data/train/sample_112/Label-Education Department1.xlsx,214,216,215.0,0.0,0.0
train,sample_112,data/train/sample_112/Label-Education Department1.xlsx,215,217,216.0,0.0,0.0
train,sample_112,data/train/sample_112/Label-Education Department1.xlsx,225,227,226.0,0.0,0.0
train,sample_112,data/train/sample_112/Label-Education Department1.xlsx,226,228,227.0,0.0,0.0
train,sample_112,data/train/sample_112/Label-Education Department1.xlsx,227,229,228.0,0.0,0.0
train,sample_112,data/train/sample_112/Label-Education Department1.xlsx,228,230,229.0,0.0,0.0
train,sample_112,data/train/sample_112/Label-Education Department1.xlsx,237,239,240.0,0.0,0.0
train,sample_113,data/train/sample_113/Label-Education Department2.xlsx,1,3,2.0,0.0,0.0
train,sample_113,data/train/sample_113/Label-Education Department2.xlsx,18,20,19.0,0.0,0.0
train,sample_113,data/train/sample_113/Label-Education Department2.xlsx,28,30,29.0,0.0,0.0
train,sample_113,data/train/sample_113/Label-Education Department2.xlsx,41,43,42.0,0.0,0.0
train,sample_113,data/train/sample_113/Label-Education Department2.xlsx,46,48,47.0,0.0,0.0
train,sample_113,data/train/sample_113/Label-Education Department2.xlsx,127,129,128.0,0.0,0.0
train,sample_113,data/train/sample_113/Label-Education Department2.xlsx,128,130,129.0,0.0,0.0
train,sample_113,data/train/sample_113/Label-Education Department2.xlsx,132,134,133.0,0.0,0.0
train,sample_113,data/train/sample_113/Label-Education Department2.xlsx,134,136,135.0,0.0,0.0
train,sample_113,data/train/sample_113/Label-Education Department2.xlsx,135,137,136.0,0.0,0.0
train,sample_113,data/train/sample_113/Label-Education Department2.xlsx,137,139,138.0,0.0,0.0
train,sample_113,data/train/sample_113/Label-Education Department2.xlsx,139,141,140.0,0.0,0.0
train,sample_113,data/train/sample_113/Label-Education Department2.xlsx,145,147,146.0,0.0,0.0
train,sample_113,data/train/sample_113/Label-Education Department2.xlsx,146,148,147.0,0.0,0.0
train,sample_113,data/train/sample_113/Label-Education Department2.xlsx,150,152,151.0,0.0,0.0
train,sample_113,data/train/sample_113/Label-Education Department2.xlsx,155,157,156.0,0.0,0.0
train,sample_113,data/train/sample_113/Label-Education Department2.xlsx,156,158,157.0,0.0,0.0
train,sample_113,data/train/sample_113/Label-Education Department2.xlsx,157,159,158.0,0.0,0.0
train,sample_113,data/train/sample_113/Label-Education Department2.xlsx,158,160,159.0,0.0,0.0
train,sample_113,data/train/sample_113/Label-Education Department2.xlsx,159,161,160.0,0.0,0.0
train,sample_113,data/train/sample_113/Label-Education Department2.xlsx,168,170,177.0,0.0,0.0
train,sample_113,data/train/sample_113/Label-Education Department2.xlsx,169,171,178.0,0.0,0.0
train,sample_113,data/train/sample_113/Label-Education Department2.xlsx,170,172,179.0,0.0,0.0
train,sample_113,data/train/sample_113/Label-Education Department2.xlsx,171,173,180.0,0.0,0.0
train,sample_114,data/train/sample_114/Label-Eng. Ghadiri.xlsx,31,33,32.0,0.0,0.0
train,sample_114,data/train/sample_114/Label-Eng. Ghadiri.xlsx,64,66,69.0,0.0,0.0
train,sample_114,data/train/sample_114/Label-Eng. Ghadiri.xlsx,67,69,72.0,0.0,0.0
train,sample_114,data/train/sample_114/Label-Eng. Ghadiri.xlsx,68,70,73.0,0.0,0.0
train,sample_114,data/train/sample_114/Label-Eng. Ghadiri.xlsx,69,71,74.0,0.0,0.0
train,sample_114,data/train/sample_114/Label-Eng. Ghadiri.xlsx,70,72,75.0,0.0,0.0
train,sample_114,data/train/sample_114/Label-Eng. Ghadiri.xlsx,72,74,77.0,0.0,0.0
train,sample_114,data/train/sample_114/Label-Eng. Ghadiri.xlsx,77,79,82.0,0.0,0.0
train,sample_114,data/train/sample_114/Label-Eng. Ghadiri.xlsx,83,85,89.0,0.0,0.0
train,sample_114,data/train/sample_114/Label-Eng. Ghadiri.xlsx,84,86,91.0,0.0,0.0
train,sample_114,data/train/sample_114/Label-Eng. Ghadiri.xlsx,144,146,151.0,0.0,0.0
train,sample_114,data/train/sample_114/Label-Eng. Ghadiri.xlsx,145,147,152.0,0.0,0.0
train,sample_114,data/train/sample_114/Label-Eng. Ghadiri.xlsx,146,148,153.0,0.0,0.0
train,sample_114,data/train/sample_114/Label-Eng. Ghadiri.xlsx,147,149,154.0,0.0,0.0
train,sample_114,data/train/sample_114/Label-Eng. Ghadiri.xlsx,148,150,155.0,0.0,0.0
train,sample_114,data/train/sample_114/Label-Eng. Ghadiri.xlsx,150,152,157.0,0.0,0.0
train,sample_114,data/train/sample_114/Label-Eng. Ghadiri.xlsx,155,157,162.0,0.0,0.0
train,sample_114,data/train/sample_114/Label-Eng. Ghadiri.xlsx,158,160,165.0,0.0,0.0
train,sample_114,data/train/sample_114/Label-Eng. Ghadiri.xlsx,224,226,237.0,0.0,0.0
train,sample_114,data/train/sample_114/Label-Eng. Ghadiri.xlsx,225,227,238.0,0.0,0.0
train,sample_114,data/train/sample_114/Label-Eng. Ghadiri.xlsx,226,228,239.0,0.0,0.0
train,sample_114,data/train/sample_114/Label-Eng. Ghadiri.xlsx,227,229,240.0,0.0,0.0
train,sample_114,data/train/sample_114/Label-Eng. Ghadiri.xlsx,228,230,241.0,0.0,0.0
train,sample_114,data/train/sample_114/Label-Eng. Ghadiri.xlsx,230,232,243.0,0.0,0.0
train,sample_114,data/train/sample_114/Label-Eng. Ghadiri.xlsx,235,237,248.0,0.0,0.0
train,sample_114,data/train/sample_114/Label-Eng. Ghadiri.xlsx,238,240,251.0,0.0,0.0
train,sample_114,data/train/sample_114/Label-Eng. Ghadiri.xlsx,298,300,311.0,0.0,0.0
train,sample_114,data/train/sample_114/Label-Eng. Ghadiri.xlsx,299,301,312.0,0.0,0.0
train,sample_114,data/train/sample_114/Label-Eng. Ghadiri.xlsx,300,302,313.0,0.0,0.0
train,sample_114,data/train/sample_114/Label-Eng. Ghadiri.xlsx,301,303,314.0,0.0,0.0
train,sample_114,data/train/sample_114/Label-Eng. Ghadiri.xlsx,302,304,315.0,0.0,0.0
train,sample_114,data/train/sample_114/Label-Eng. Ghadiri.xlsx,304,306,317.0,0.0,0.0
train,sample_114,data/train/sample_114/Label-Eng. Ghadiri.xlsx,309,311,322.0,0.0,0.0
train,sample_114,data/train/sample_114/Label-Eng. Ghadiri.xlsx,312,314,325.0,0.0,0.0
train,sample_115,data/train/sample_115/Label-Esmaeili_Ejraei_V13.xlsx,26,28,63.0,0.0,0.0
train,sample_115,data/train/sample_115/Label-Esmaeili_Ejraei_V13.xlsx,55,57,92.0,0.0,0.0
train,sample_115,data/train/sample_115/Label-Esmaeili_Ejraei_V13.xlsx,84,86,121.0,0.0,0.0
train,sample_115,data/train/sample_115/Label-Esmaeili_Ejraei_V13.xlsx,113,115,150.0,0.0,0.0
train,sample_116,data/train/sample_116/Label-Farshadi.xlsx,100,102,103.0,0.0,0.0
train,sample_116,data/train/sample_116/Label-Farshadi.xlsx,201,203,217.0,0.0,0.0
train,sample_116,data/train/sample_116/Label-Farshadi.xlsx,217,219,233.0,0.0,0.0
train,sample_116,data/train/sample_116/Label-Farshadi.xlsx,235,237,258.0,0.0,0.0
train,sample_116,data/train/sample_116/Label-Farshadi.xlsx,236,238,259.0,0.0,0.0
train,sample_116,data/train/sample_116/Label-Farshadi.xlsx,237,239,260.0,0.0,0.0
train,sample_116,data/train/sample_116/Label-Farshadi.xlsx,238,240,261.0,0.0,0.0
train,sample_116,data/train/sample_116/Label-Farshadi.xlsx,239,241,262.0,0.0,0.0
train,sample_116,data/train/sample_116/Label-Farshadi.xlsx,240,242,263.0,0.0,0.0
train,sample_116,data/train/sample_116/Label-Farshadi.xlsx,241,243,264.0,0.0,0.0
train,sample_116,data/train/sample_116/Label-Farshadi.xlsx,243,245,266.0,0.0,0.0
train,sample_116,data/train/sample_116/Label-Farshadi.xlsx,244,246,267.0,0.0,0.0
train,sample_116,data/train/sample_116/Label-Farshadi.xlsx,245,247,268.0,0.0,0.0
train,sample_116,data/train/sample_116/Label-Farshadi.xlsx,246,248,269.0,0.0,0.0
train,sample_116,data/train/sample_116/Label-Farshadi.xlsx,247,249,270.0,0.0,0.0
train,sample_116,data/train/sample_116/Label-Farshadi.xlsx,248,250,271.0,0.0,0.0
train,sample_116,data/train/sample_116/Label-Farshadi.xlsx,249,251,272.0,0.0,0.0
train,sample_117,data/train/sample_117/Label-Farzane pardisan.xlsx,94,96,99.0,0.0,0.0
train,sample_117,data/train/sample_117/Label-Farzane pardisan.xlsx,151,153,174.0,0.0,0.0
train,sample_117,data/train/sample_117/Label-Farzane pardisan.xlsx,152,154,176.0,0.0,0.0
train,sample_117,data/train/sample_117/Label-Farzane pardisan.xlsx,153,155,177.0,0.0,0.0
train,sample_117,data/train/sample_117/Label-Farzane pardisan.xlsx,154,156,178.0,0.0,0.0
train,sample_118,data/train/sample_118/Label-Ghadir-04.xlsx,246,248,247.0,0.0,0.0
train,sample_118,data/train/sample_118/Label-Ghadir-04.xlsx,247,249,248.0,0.0,0.0
train,sample_118,data/train/sample_118/Label-Ghadir-04.xlsx,256,258,257.0,0.0,0.0
train,sample_118,data/train/sample_118/Label-Ghadir-04.xlsx,259,261,260.0,0.0,0.0
train,sample_118,data/train/sample_118/Label-Ghadir-04.xlsx,265,267,266.0,0.0,0.0
train,sample_118,data/train/sample_118/Label-Ghadir-04.xlsx,311,313,312.0,0.0,0.0
train,sample_118,data/train/sample_118/Label-Ghadir-04.xlsx,312,314,313.0,0.0,0.0
train,sample_118,data/train/sample_118/Label-Ghadir-04.xlsx,321,323,322.0,0.0,0.0
train,sample_118,data/train/sample_118/Label-Ghadir-04.xlsx,324,326,325.0,0.0,0.0
train,sample_118,data/train/sample_118/Label-Ghadir-04.xlsx,370,372,371.0,0.0,0.0
train,sample_118,data/train/sample_118/Label-Ghadir-04.xlsx,371,373,372.0,0.0,0.0
train,sample_118,data/train/sample_118/Label-Ghadir-04.xlsx,380,382,381.0,0.0,0.0
train,sample_118,data/train/sample_118/Label-Ghadir-04.xlsx,383,385,384.0,0.0,0.0
train,sample_118,data/train/sample_118/Label-Ghadir-04.xlsx,429,431,430.0,0.0,0.0
train,sample_118,data/train/sample_118/Label-Ghadir-04.xlsx,430,432,431.0,0.0,0.0
train,sample_118,data/train/sample_118/Label-Ghadir-04.xlsx,439,441,440.0,0.0,0.0
train,sample_118,data/train/sample_118/Label-Ghadir-04.xlsx,442,444,443.0,0.0,0.0
train,sample_118,data/train/sample_118/Label-Ghadir-04.xlsx,488,490,489.0,0.0,0.0
train,sample_118,data/train/sample_118/Label-Ghadir-04.xlsx,489,491,490.0,0.0,0.0
train,sample_118,data/train/sample_118/Label-Ghadir-04.xlsx,498,500,499.0,0.0,0.0
train,sample_118,data/train/sample_118/Label-Ghadir-04.xlsx,501,503,502.0,0.0,0.0
train,sample_118,data/train/sample_118/Label-Ghadir-04.xlsx,547,549,548.0,0.0,0.0
train,sample_118,data/train/sample_118/Label-Ghadir-04.xlsx,548,550,549.0,0.0,0.0
train,sample_118,data/train/sample_118/Label-Ghadir-04.xlsx,557,559,558.0,0.0,0.0
train,sample_118,data/train/sample_118/Label-Ghadir-04.xlsx,560,562,561.0,0.0,0.0
train,sample_118,data/train/sample_118/Label-Ghadir-04.xlsx,602,604,603.0,0.0,0.0
train,sample_118,data/train/sample_118/Label-Ghadir-04.xlsx,603,605,604.0,0.0,0.0
train,sample_118,data/train/sample_118/Label-Ghadir-04.xlsx,604,606,605.0,0.0,0.0
train,sample_118,data/train/sample_118/Label-Ghadir-04.xlsx,606,608,607.0,0.0,0.0
train,sample_119,data/train/sample_119/Label-Ghasemi2.xlsx,89,91,101.0,0.0,0.0
train,sample_119,data/train/sample_119/Label-Ghasemi2.xlsx,90,92,102.0,0.0,0.0
train,sample_119,data/train/sample_119/Label-Ghasemi2.xlsx,91,93,103.0,0.0,0.0
train,sample_119,data/train/sample_119/Label-Ghasemi2.xlsx,92,94,104.0,0.0,0.0
train,sample_119,data/train/sample_119/Label-Ghasemi2.xlsx,121,123,137.0,0.0,0.0
train,sample_120,data/train/sample_120/Label-Ghasemi6.xlsx,48,50,49.0,0.0,0.0
train,sample_120,data/train/sample_120/Label-Ghasemi6.xlsx,49,51,50.0,0.0,0.0
train,sample_120,data/train/sample_120/Label-Ghasemi6.xlsx,50,52,51.0,0.0,0.0
train,sample_120,data/train/sample_120/Label-Ghasemi6.xlsx,51,53,52.0,0.0,0.0
train,sample_120,data/train/sample_120/Label-Ghasemi6.xlsx,82,84,93.0,0.0,0.0
train,sample_120,data/train/sample_120/Label-Ghasemi6.xlsx,83,85,94.0,0.0,0.0
train,sample_120,data/train/sample_120/Label-Ghasemi6.xlsx,84,86,95.0,0.0,0.0
train,sample_120,data/train/sample_120/Label-Ghasemi6.xlsx,85,87,96.0,0.0,0.0
train,sample_120,data/train/sample_120/Label-Ghasemi6.xlsx,86,88,97.0,0.0,0.0
train,sample_120,data/train/sample_120/Label-Ghasemi6.xlsx,87,89,98.0,0.0,0.0
train,sample_120,data/train/sample_120/Label-Ghasemi6.xlsx,88,90,99.0,0.0,0.0
train,sample_120,data/train/sample_120/Label-Ghasemi6.xlsx,91,93,102.0,0.0,0.0
train,sample_120,data/train/sample_120/Label-Ghasemi6.xlsx,92,94,103.0,0.0,0.0
train,sample_120,data/train/sample_120/Label-Ghasemi6.xlsx,94,96,105.0,0.0,0.0
train,sample_120,data/train/sample_120/Label-Ghasemi6.xlsx,95,97,106.0,0.0,0.0
train,sample_120,data/train/sample_120/Label-Ghasemi6.xlsx,96,98,107.0,0.0,0.0
train,sample_120,data/train/sample_120/Label-Ghasemi6.xlsx,97,99,108.0,0.0,0.0
train,sample_120,data/train/sample_120/Label-Ghasemi6.xlsx,106,108,118.0,0.0,0.0
train,sample_120,data/train/sample_120/Label-Ghasemi6.xlsx,107,109,119.0,0.0,0.0
train,sample_120,data/train/sample_120/Label-Ghasemi6.xlsx,109,111,121.0,0.0,0.0
train,sample_120,data/train/sample_120/Label-Ghasemi6.xlsx,110,112,122.0,0.0,0.0
train,sample_120,data/train/sample_120/Label-Ghasemi6.xlsx,114,116,127.0,0.0,0.0
train,sample_121,data/train/sample_121/Label-Ghods.xlsx,108,110,117.0,0.0,0.0
train,sample_121,data/train/sample_121/Label-Ghods.xlsx,109,111,118.0,0.0,0.0
train,sample_121,data/train/sample_121/Label-Ghods.xlsx,110,112,119.0,0.0,0.0
train,sample_121,data/train/sample_121/Label-Ghods.xlsx,111,113,120.0,0.0,0.0
train,sample_121,data/train/sample_121/Label-Ghods.xlsx,112,114,121.0,0.0,0.0
train,sample_121,data/train/sample_121/Label-Ghods.xlsx,113,115,122.0,0.0,0.0
train,sample_121,data/train/sample_121/Label-Ghods.xlsx,114,116,123.0,0.0,0.0
train,sample_121,data/train/sample_121/Label-Ghods.xlsx,115,117,124.0,0.0,0.0
train,sample_121,data/train/sample_121/Label-Ghods.xlsx,116,118,125.0,0.0,0.0
train,sample_121,data/train/sample_121/Label-Ghods.xlsx,117,119,126.0,0.0,0.0
train,sample_121,data/train/sample_121/Label-Ghods.xlsx,118,120,127.0,0.0,0.0
train,sample_121,data/train/sample_121/Label-Ghods.xlsx,119,121,128.0,0.0,0.0
train,sample_121,data/train/sample_121/Label-Ghods.xlsx,159,161,188.0,0.0,0.0
train,sample_121,data/train/sample_121/Label-Ghods.xlsx,166,168,204.0,0.0,0.0
train,sample_121,data/train/sample_121/Label-Ghods.xlsx,167,169,205.0,0.0,0.0
train,sample_121,data/train/sample_121/Label-Ghods.xlsx,168,170,206.0,0.0,0.0
train,sample_121,data/train/sample_121/Label-Ghods.xlsx,169,171,207.0,0.0,0.0
train,sample_121,data/train/sample_121/Label-Ghods.xlsx,170,172,208.0,0.0,0.0
train,sample_121,data/train/sample_121/Label-Ghods.xlsx,171,173,209.0,0.0,0.0
train,sample_121,data/train/sample_121/Label-Ghods.xlsx,172,174,210.0,0.0,0.0
train,sample_121,data/train/sample_121/Label-Ghods.xlsx,173,175,211.0,0.0,0.0
train,sample_122,data/train/sample_122/Label-Gholi Ejraee.xlsx,28,30,98.0,0.0,0.0
train,sample_122,data/train/sample_122/Label-Gholi Ejraee.xlsx,41,43,112.0,0.0,0.0
train,sample_122,data/train/sample_122/Label-Gholi Ejraee.xlsx,42,44,113.0,0.0,0.0
train,sample_122,data/train/sample_122/Label-Gholi Ejraee.xlsx,43,45,114.0,0.0,0.0
train,sample_122,data/train/sample_122/Label-Gholi Ejraee.xlsx,44,46,115.0,0.0,0.0
train,sample_122,data/train/sample_122/Label-Gholi Ejraee.xlsx,53,55,124.0,0.0,0.0
train,sample_122,data/train/sample_122/Label-Gholi Ejraee.xlsx,54,56,125.0,0.0,0.0
train,sample_122,data/train/sample_122/Label-Gholi Ejraee.xlsx,55,57,126.0,0.0,0.0
train,sample_122,data/train/sample_122/Label-Gholi Ejraee.xlsx,56,58,127.0,0.0,0.0
train,sample_122,data/train/sample_122/Label-Gholi Ejraee.xlsx,65,67,136.0,0.0,0.0
train,sample_122,data/train/sample_122/Label-Gholi Ejraee.xlsx,66,68,137.0,0.0,0.0
train,sample_122,data/train/sample_122/Label-Gholi Ejraee.xlsx,98,100,169.0,0.0,0.0
train,sample_122,data/train/sample_122/Label-Gholi Ejraee.xlsx,99,101,170.0,0.0,0.0
train,sample_122,data/train/sample_122/Label-Gholi Ejraee.xlsx,100,102,171.0,0.0,0.0
train,sample_122,data/train/sample_122/Label-Gholi Ejraee.xlsx,101,103,172.0,0.0,0.0
train,sample_122,data/train/sample_122/Label-Gholi Ejraee.xlsx,110,112,181.0,0.0,0.0
train,sample_122,data/train/sample_122/Label-Gholi Ejraee.xlsx,111,113,182.0,0.0,0.0
train,sample_122,data/train/sample_122/Label-Gholi Ejraee.xlsx,135,137,206.0,0.0,0.0
train,sample_122,data/train/sample_122/Label-Gholi Ejraee.xlsx,136,138,207.0,0.0,0.0
train,sample_122,data/train/sample_122/Label-Gholi Ejraee.xlsx,137,139,208.0,0.0,0.0
train,sample_122,data/train/sample_122/Label-Gholi Ejraee.xlsx,138,140,209.0,0.0,0.0
train,sample_122,data/train/sample_122/Label-Gholi Ejraee.xlsx,147,149,218.0,0.0,0.0
train,sample_122,data/train/sample_122/Label-Gholi Ejraee.xlsx,148,150,219.0,0.0,0.0
train,sample_122,data/train/sample_122/Label-Gholi Ejraee.xlsx,179,181,250.0,0.0,0.0
train,sample_122,data/train/sample_122/Label-Gholi Ejraee.xlsx,180,182,251.0,0.0,0.0
train,sample_122,data/train/sample_122/Label-Gholi Ejraee.xlsx,181,183,252.0,0.0,0.0
train,sample_122,data/train/sample_122/Label-Gholi Ejraee.xlsx,182,184,253.0,0.0,0.0
train,sample_122,data/train/sample_122/Label-Gholi Ejraee.xlsx,191,193,262.0,0.0,0.0
train,sample_122,data/train/sample_122/Label-Gholi Ejraee.xlsx,192,194,263.0,0.0,0.0
train,sample_122,data/train/sample_122/Label-Gholi Ejraee.xlsx,223,225,294.0,0.0,0.0
train,sample_122,data/train/sample_122/Label-Gholi Ejraee.xlsx,224,226,295.0,0.0,0.0
train,sample_122,data/train/sample_122/Label-Gholi Ejraee.xlsx,225,227,296.0,0.0,0.0
train,sample_122,data/train/sample_122/Label-Gholi Ejraee.xlsx,226,228,297.0,0.0,0.0
train,sample_122,data/train/sample_122/Label-Gholi Ejraee.xlsx,235,237,306.0,0.0,0.0
train,sample_122,data/train/sample_122/Label-Gholi Ejraee.xlsx,236,238,307.0,0.0,0.0
train,sample_122,data/train/sample_122/Label-Gholi Ejraee.xlsx,262,264,333.0,0.0,0.0
train,sample_124,data/train/sample_124/Label-HajiHoseini.xlsx,36,38,37.0,0.0,0.0
train,sample_124,data/train/sample_124/Label-HajiHoseini.xlsx,73,75,82.0,0.0,0.0
train,sample_124,data/train/sample_124/Label-HajiHoseini.xlsx,76,78,89.0,0.0,0.0
train,sample_124,data/train/sample_124/Label-HajiHoseini.xlsx,79,81,94.0,0.0,0.0
train,sample_124,data/train/sample_124/Label-HajiHoseini.xlsx,83,85,100.0,0.0,0.0
train,sample_124,data/train/sample_124/Label-HajiHoseini.xlsx,85,87,102.0,0.0,0.0
train,sample_124,data/train/sample_124/Label-HajiHoseini.xlsx,87,89,104.0,0.0,0.0
train,sample_125,data/train/sample_125/Label-Hajizade Ejraei 03.xlsx,8,10,10.0,0.0,0.0
train,sample_127,data/train/sample_127/Label-Hashem Tejarat.xlsx,64,66,65.0,0.0,0.0
train,sample_127,data/train/sample_127/Label-Hashem Tejarat.xlsx,70,72,77.0,0.0,0.0
train,sample_127,data/train/sample_127/Label-Hashem Tejarat.xlsx,71,73,78.0,0.0,0.0
train,sample_127,data/train/sample_127/Label-Hashem Tejarat.xlsx,72,74,79.0,0.0,0.0
train,sample_127,data/train/sample_127/Label-Hashem Tejarat.xlsx,73,75,80.0,0.0,0.0
train,sample_128,data/train/sample_128/Label-Hashemi.xlsx,38,40,42.0,0.0,0.0
train,sample_128,data/train/sample_128/Label-Hashemi.xlsx,39,41,43.0,0.0,0.0
train,sample_128,data/train/sample_128/Label-Hashemi.xlsx,45,47,56.0,0.0,0.0
train,sample_128,data/train/sample_128/Label-Hashemi.xlsx,46,48,59.0,0.0,0.0
train,sample_128,data/train/sample_128/Label-Hashemi.xlsx,77,79,95.0,0.0,0.0
train,sample_128,data/train/sample_128/Label-Hashemi.xlsx,78,80,96.0,0.0,0.0
train,sample_128,data/train/sample_128/Label-Hashemi.xlsx,79,81,97.0,0.0,0.0
train,sample_128,data/train/sample_128/Label-Hashemi.xlsx,105,107,125.0,0.0,0.0
train,sample_128,data/train/sample_128/Label-Hashemi.xlsx,106,108,126.0,0.0,0.0
train,sample_128,data/train/sample_128/Label-Hashemi.xlsx,107,109,127.0,0.0,0.0
train,sample_128,data/train/sample_128/Label-Hashemi.xlsx,133,135,155.0,0.0,0.0
train,sample_128,data/train/sample_128/Label-Hashemi.xlsx,134,136,156.0,0.0,0.0
train,sample_128,data/train/sample_128/Label-Hashemi.xlsx,135,137,157.0,0.0,0.0
train,sample_128,data/train/sample_128/Label-Hashemi.xlsx,161,163,185.0,0.0,0.0
train,sample_128,data/train/sample_128/Label-Hashemi.xlsx,162,164,186.0,0.0,0.0
train,sample_128,data/train/sample_128/Label-Hashemi.xlsx,163,165,187.0,0.0,0.0
train,sample_128,data/train/sample_128/Label-Hashemi.xlsx,189,191,215.0,0.0,0.0
train,sample_128,data/train/sample_128/Label-Hashemi.xlsx,190,192,216.0,0.0,0.0
train,sample_128,data/train/sample_128/Label-Hashemi.xlsx,191,193,217.0,0.0,0.0
train,sample_128,data/train/sample_128/Label-Hashemi.xlsx,217,219,245.0,0.0,0.0
train,sample_128,data/train/sample_128/Label-Hashemi.xlsx,218,220,246.0,0.0,0.0
train,sample_128,data/train/sample_128/Label-Hashemi.xlsx,219,221,247.0,0.0,0.0
train,sample_128,data/train/sample_128/Label-Hashemi.xlsx,229,231,260.0,0.0,0.0
train,sample_128,data/train/sample_128/Label-Hashemi.xlsx,235,237,269.0,0.0,0.0
train,sample_128,data/train/sample_128/Label-Hashemi.xlsx,237,239,273.0,0.0,0.0
train,sample_128,data/train/sample_128/Label-Hashemi.xlsx,238,240,275.0,0.0,0.0
train,sample_128,data/train/sample_128/Label-Hashemi.xlsx,239,241,276.0,0.0,0.0
train,sample_128,data/train/sample_128/Label-Hashemi.xlsx,240,242,281.0,0.0,0.0
train,sample_128,data/train/sample_128/Label-Hashemi.xlsx,241,243,283.0,0.0,0.0
train,sample_128,data/train/sample_128/Label-Hashemi.xlsx,242,244,284.0,0.0,0.0
train,sample_129,data/train/sample_129/Label-Hayatbakhsh.xlsx,85,87,127.0,0.0,0.0
train,sample_129,data/train/sample_129/Label-Hayatbakhsh.xlsx,86,88,128.0,0.0,0.0
train,sample_129,data/train/sample_129/Label-Hayatbakhsh.xlsx,87,89,129.0,0.0,0.0
train,sample_129,data/train/sample_129/Label-Hayatbakhsh.xlsx,108,110,150.0,0.0,0.0
train,sample_129,data/train/sample_129/Label-Hayatbakhsh.xlsx,109,111,151.0,0.0,0.0
train,sample_129,data/train/sample_129/Label-Hayatbakhsh.xlsx,110,112,152.0,0.0,0.0
train,sample_129,data/train/sample_129/Label-Hayatbakhsh.xlsx,131,133,173.0,0.0,0.0
train,sample_129,data/train/sample_129/Label-Hayatbakhsh.xlsx,132,134,174.0,0.0,0.0
train,sample_129,data/train/sample_129/Label-Hayatbakhsh.xlsx,133,135,175.0,0.0,0.0
train,sample_129,data/train/sample_129/Label-Hayatbakhsh.xlsx,154,156,196.0,0.0,0.0
train,sample_129,data/train/sample_129/Label-Hayatbakhsh.xlsx,155,157,197.0,0.0,0.0
train,sample_129,data/train/sample_129/Label-Hayatbakhsh.xlsx,156,158,198.0,0.0,0.0
train,sample_129,data/train/sample_129/Label-Hayatbakhsh.xlsx,177,179,219.0,0.0,0.0
train,sample_129,data/train/sample_129/Label-Hayatbakhsh.xlsx,178,180,220.0,0.0,0.0
train,sample_129,data/train/sample_129/Label-Hayatbakhsh.xlsx,179,181,221.0,0.0,0.0
train,sample_129,data/train/sample_129/Label-Hayatbakhsh.xlsx,200,202,242.0,0.0,0.0
train,sample_129,data/train/sample_129/Label-Hayatbakhsh.xlsx,201,203,243.0,0.0,0.0
train,sample_129,data/train/sample_129/Label-Hayatbakhsh.xlsx,202,204,244.0,0.0,0.0
train,sample_129,data/train/sample_129/Label-Hayatbakhsh.xlsx,210,212,252.0,0.0,0.0
train,sample_130,data/train/sample_130/Label-Heydari 02.xlsx,107,109,119.0,0.0,0.0
train,sample_131,data/train/sample_131/Label-Heydari1.xlsx,116,118,157.0,0.0,0.0
train,sample_131,data/train/sample_131/Label-Heydari1.xlsx,117,119,159.0,0.0,0.0
train,sample_131,data/train/sample_131/Label-Heydari1.xlsx,118,120,160.0,0.0,0.0
train,sample_131,data/train/sample_131/Label-Heydari1.xlsx,119,121,161.0,0.0,0.0
train,sample_131,data/train/sample_131/Label-Heydari1.xlsx,129,131,210.0,0.0,0.0
train,sample_132,data/train/sample_132/Label-Heydari2.xlsx,1,3,2.0,0.0,0.0
train,sample_132,data/train/sample_132/Label-Heydari2.xlsx,3,5,4.0,0.0,0.0
train,sample_132,data/train/sample_132/Label-Heydari2.xlsx,5,7,6.0,0.0,0.0
train,sample_132,data/train/sample_132/Label-Heydari2.xlsx,7,9,8.0,0.0,0.0
train,sample_132,data/train/sample_132/Label-Heydari2.xlsx,128,130,157.0,0.0,0.0
train,sample_132,data/train/sample_132/Label-Heydari2.xlsx,129,131,159.0,0.0,0.0
train,sample_132,data/train/sample_132/Label-Heydari2.xlsx,130,132,160.0,0.0,0.0
train,sample_132,data/train/sample_132/Label-Heydari2.xlsx,131,133,161.0,0.0,0.0
train,sample_132,data/train/sample_132/Label-Heydari2.xlsx,141,143,210.0,0.0,0.0
train,sample_133,data/train/sample_133/Label-Jahangiri 02.xlsx,75,77,79.0,0.0,0.0
train,sample_133,data/train/sample_133/Label-Jahangiri 02.xlsx,150,152,155.0,0.0,0.0
train,sample_133,data/train/sample_133/Label-Jahangiri 02.xlsx,151,153,156.0,0.0,0.0
train,sample_133,data/train/sample_133/Label-Jahangiri 02.xlsx,152,154,157.0,0.0,0.0
train,sample_133,data/train/sample_133/Label-Jahangiri 02.xlsx,153,155,158.0,0.0,0.0
train,sample_133,data/train/sample_133/Label-Jahangiri 02.xlsx,154,156,159.0,0.0,0.0
train,sample_133,data/train/sample_133/Label-Jahangiri 02.xlsx,164,166,170.0,0.0,0.0
train,sample_133,data/train/sample_133/Label-Jahangiri 02.xlsx,165,167,171.0,0.0,0.0
train,sample_133,data/train/sample_133/Label-Jahangiri 02.xlsx,166,168,172.0,0.0,0.0
train,sample_133,data/train/sample_133/Label-Jahangiri 02.xlsx,167,169,173.0,0.0,0.0
train,sample_133,data/train/sample_133/Label-Jahangiri 02.xlsx,176,178,191.0,0.0,0.0
train,sample_133,data/train/sample_133/Label-Jahangiri 02.xlsx,177,179,192.0,0.0,0.0
train,sample_133,data/train/sample_133/Label-Jahangiri 02.xlsx,178,180,193.0,0.0,0.0
train,sample_133,data/train/sample_133/Label-Jahangiri 02.xlsx,183,185,206.0,0.0,0.0
train,sample_133,data/train/sample_133/Label-Jahangiri 02.xlsx,184,186,207.0,0.0,0.0
train,sample_133,data/train/sample_133/Label-Jahangiri 02.xlsx,185,187,208.0,0.0,0.0
train,sample_133,data/train/sample_133/Label-Jahangiri 02.xlsx,192,194,226.0,0.0,0.0
train,sample_133,data/train/sample_133/Label-Jahangiri 02.xlsx,193,195,227.0,0.0,0.0
train,sample_133,data/train/sample_133/Label-Jahangiri 02.xlsx,194,196,228.0,0.0,0.0
train,sample_133,data/train/sample_133/Label-Jahangiri 02.xlsx,195,197,231.0,0.0,0.0
train,sample_133,data/train/sample_133/Label-Jahangiri 02.xlsx,196,198,232.0,0.0,0.0
train,sample_133,data/train/sample_133/Label-Jahangiri 02.xlsx,197,199,233.0,0.0,0.0
train,sample_133,data/train/sample_133/Label-Jahangiri 02.xlsx,198,200,246.0,0.0,0.0
train,sample_133,data/train/sample_133/Label-Jahangiri 02.xlsx,199,201,247.0,0.0,0.0
train,sample_133,data/train/sample_133/Label-Jahangiri 02.xlsx,200,202,248.0,0.0,0.0
train,sample_133,data/train/sample_133/Label-Jahangiri 02.xlsx,201,203,251.0,0.0,0.0
train,sample_133,data/train/sample_133/Label-Jahangiri 02.xlsx,202,204,252.0,0.0,0.0
train,sample_133,data/train/sample_133/Label-Jahangiri 02.xlsx,203,205,253.0,0.0,0.0
train,sample_133,data/train/sample_133/Label-Jahangiri 02.xlsx,204,206,256.0,0.0,0.0
train,sample_133,data/train/sample_133/Label-Jahangiri 02.xlsx,205,207,257.0,0.0,0.0
train,sample_133,data/train/sample_133/Label-Jahangiri 02.xlsx,206,208,258.0,0.0,0.0
train,sample_134,data/train/sample_134/Label-Javadi Pour.xlsx,23,25,25.0,0.0,0.0
train,sample_134,data/train/sample_134/Label-Javadi Pour.xlsx,25,27,27.0,0.0,0.0
train,sample_134,data/train/sample_134/Label-Javadi Pour.xlsx,26,28,28.0,0.0,0.0
train,sample_134,data/train/sample_134/Label-Javadi Pour.xlsx,55,57,58.0,0.0,0.0
train,sample_134,data/train/sample_134/Label-Javadi Pour.xlsx,57,59,60.0,0.0,0.0
train,sample_134,data/train/sample_134/Label-Javadi Pour.xlsx,58,60,61.0,0.0,0.0
train,sample_134,data/train/sample_134/Label-Javadi Pour.xlsx,74,76,77.0,0.0,0.0
train,sample_134,data/train/sample_134/Label-Javadi Pour.xlsx,100,102,107.0,0.0,0.0
train,sample_134,data/train/sample_134/Label-Javadi Pour.xlsx,102,104,109.0,0.0,0.0
train,sample_134,data/train/sample_134/Label-Javadi Pour.xlsx,103,105,110.0,0.0,0.0
train,sample_134,data/train/sample_134/Label-Javadi Pour.xlsx,134,136,143.0,0.0,0.0
train,sample_134,data/train/sample_134/Label-Javadi Pour.xlsx,136,138,145.0,0.0,0.0
train,sample_134,data/train/sample_134/Label-Javadi Pour.xlsx,137,139,146.0,0.0,0.0
train,sample_134,data/train/sample_134/Label-Javadi Pour.xlsx,168,170,179.0,0.0,0.0
train,sample_134,data/train/sample_134/Label-Javadi Pour.xlsx,170,172,181.0,0.0,0.0
train,sample_134,data/train/sample_134/Label-Javadi Pour.xlsx,171,173,182.0,0.0,0.0
train,sample_135,data/train/sample_135/Label-Kaj 04.xlsx,288,290,300.0,0.0,0.0
train,sample_135,data/train/sample_135/Label-Kaj 04.xlsx,289,291,301.0,0.0,0.0
train,sample_135,data/train/sample_135/Label-Kaj 04.xlsx,290,292,302.0,0.0,0.0
train,sample_135,data/train/sample_135/Label-Kaj 04.xlsx,291,293,303.0,0.0,0.0
train,sample_135,data/train/sample_135/Label-Kaj 04.xlsx,292,294,304.0,0.0,0.0
train,sample_135,data/train/sample_135/Label-Kaj 04.xlsx,293,295,305.0,0.0,0.0
train,sample_135,data/train/sample_135/Label-Kaj 04.xlsx,294,296,306.0,0.0,0.0
train,sample_135,data/train/sample_135/Label-Kaj 04.xlsx,295,297,307.0,0.0,0.0
train,sample_135,data/train/sample_135/Label-Kaj 04.xlsx,296,298,309.0,0.0,0.0
train,sample_135,data/train/sample_135/Label-Kaj 04.xlsx,297,299,310.0,0.0,0.0
train,sample_135,data/train/sample_135/Label-Kaj 04.xlsx,298,300,311.0,0.0,0.0
train,sample_135,data/train/sample_135/Label-Kaj 04.xlsx,299,301,312.0,0.0,0.0
train,sample_135,data/train/sample_135/Label-Kaj 04.xlsx,300,302,313.0,0.0,0.0
train,sample_135,data/train/sample_135/Label-Kaj 04.xlsx,301,303,314.0,0.0,0.0
train,sample_135,data/train/sample_135/Label-Kaj 04.xlsx,302,304,315.0,0.0,0.0
train,sample_135,data/train/sample_135/Label-Kaj 04.xlsx,303,305,317.0,0.0,0.0
train,sample_135,data/train/sample_135/Label-Kaj 04.xlsx,304,306,318.0,0.0,0.0
train,sample_135,data/train/sample_135/Label-Kaj 04.xlsx,305,307,319.0,0.0,0.0
train,sample_135,data/train/sample_135/Label-Kaj 04.xlsx,306,308,320.0,0.0,0.0
train,sample_135,data/train/sample_135/Label-Kaj 04.xlsx,307,309,321.0,0.0,0.0
train,sample_135,data/train/sample_135/Label-Kaj 04.xlsx,308,310,322.0,0.0,0.0
train,sample_135,data/train/sample_135/Label-Kaj 04.xlsx,309,311,323.0,0.0,0.0
train,sample_135,data/train/sample_135/Label-Kaj 04.xlsx,349,351,365.0,0.0,0.0
train,sample_135,data/train/sample_135/Label-Kaj 04.xlsx,351,353,368.0,0.0,0.0
train,sample_135,data/train/sample_135/Label-Kaj 04.xlsx,352,354,373.0,0.0,0.0
train,sample_135,data/train/sample_135/Label-Kaj 04.xlsx,353,355,374.0,0.0,0.0
train,sample_135,data/train/sample_135/Label-Kaj 04.xlsx,354,356,375.0,0.0,0.0
train,sample_135,data/train/sample_135/Label-Kaj 04.xlsx,355,357,376.0,0.0,0.0
train,sample_135,data/train/sample_135/Label-Kaj 04.xlsx,356,358,377.0,0.0,0.0
train,sample_135,data/train/sample_135/Label-Kaj 04.xlsx,357,359,378.0,0.0,0.0
train,sample_135,data/train/sample_135/Label-Kaj 04.xlsx,358,360,379.0,0.0,0.0
train,sample_135,data/train/sample_135/Label-Kaj 04.xlsx,359,361,380.0,0.0,0.0
train,sample_135,data/train/sample_135/Label-Kaj 04.xlsx,369,371,397.0,0.0,0.0
train,sample_135,data/train/sample_135/Label-Kaj 04.xlsx,370,372,398.0,0.0,0.0
train,sample_135,data/train/sample_135/Label-Kaj 04.xlsx,371,373,399.0,0.0,0.0
train,sample_135,data/train/sample_135/Label-Kaj 04.xlsx,372,374,400.0,0.0,0.0
train,sample_135,data/train/sample_135/Label-Kaj 04.xlsx,373,375,401.0,0.0,0.0
train,sample_135,data/train/sample_135/Label-Kaj 04.xlsx,374,376,402.0,0.0,0.0
train,sample_135,data/train/sample_135/Label-Kaj 04.xlsx,375,377,403.0,0.0,0.0
train,sample_135,data/train/sample_135/Label-Kaj 04.xlsx,376,378,405.0,0.0,0.0
train,sample_135,data/train/sample_135/Label-Kaj 04.xlsx,377,379,407.0,0.0,0.0
train,sample_135,data/train/sample_135/Label-Kaj 04.xlsx,378,380,409.0,0.0,0.0
train,sample_135,data/train/sample_135/Label-Kaj 04.xlsx,379,381,411.0,0.0,0.0
train,sample_135,data/train/sample_135/Label-Kaj 04.xlsx,380,382,413.0,0.0,0.0
train,sample_135,data/train/sample_135/Label-Kaj 04.xlsx,381,383,415.0,0.0,0.0
train,sample_135,data/train/sample_135/Label-Kaj 04.xlsx,382,384,417.0,0.0,0.0
train,sample_136,data/train/sample_136/Label-Kakolivand Ejraee.xlsx,22,24,71.0,0.0,0.0
train,sample_136,data/train/sample_136/Label-Kakolivand Ejraee.xlsx,51,53,100.0,0.0,0.0
train,sample_136,data/train/sample_136/Label-Kakolivand Ejraee.xlsx,79,81,128.0,0.0,0.0
train,sample_136,data/train/sample_136/Label-Kakolivand Ejraee.xlsx,107,109,156.0,0.0,0.0
train,sample_136,data/train/sample_136/Label-Kakolivand Ejraee.xlsx,136,138,185.0,0.0,0.0
train,sample_136,data/train/sample_136/Label-Kakolivand Ejraee.xlsx,164,166,213.0,0.0,0.0
train,sample_136,data/train/sample_136/Label-Kakolivand Ejraee.xlsx,182,184,231.0,0.0,0.0
train,sample_137,data/train/sample_137/Label-Karami.xlsx,109,111,145.0,0.0,0.0
train,sample_138,data/train/sample_138/Label-Karegar.xlsx,25,27,42.0,0.0,0.0
train,sample_138,data/train/sample_138/Label-Karegar.xlsx,52,54,70.0,0.0,0.0
train,sample_139,data/train/sample_139/Label-Karimi Sazmani.xlsx,134,136,311.0,0.0,0.0
train,sample_139,data/train/sample_139/Label-Karimi Sazmani.xlsx,135,137,312.0,0.0,0.0
train,sample_139,data/train/sample_139/Label-Karimi Sazmani.xlsx,145,147,322.0,0.0,0.0
train,sample_139,data/train/sample_139/Label-Karimi Sazmani.xlsx,165,167,342.0,0.0,0.0
train,sample_139,data/train/sample_139/Label-Karimi Sazmani.xlsx,166,168,343.0,0.0,0.0
train,sample_139,data/train/sample_139/Label-Karimi Sazmani.xlsx,176,178,353.0,0.0,0.0
train,sample_139,data/train/sample_139/Label-Karimi Sazmani.xlsx,196,198,373.0,0.0,0.0
train,sample_139,data/train/sample_139/Label-Karimi Sazmani.xlsx,197,199,374.0,0.0,0.0
train,sample_139,data/train/sample_139/Label-Karimi Sazmani.xlsx,207,209,384.0,0.0,0.0
train,sample_139,data/train/sample_139/Label-Karimi Sazmani.xlsx,227,229,404.0,0.0,0.0
train,sample_139,data/train/sample_139/Label-Karimi Sazmani.xlsx,228,230,405.0,0.0,0.0
train,sample_139,data/train/sample_139/Label-Karimi Sazmani.xlsx,238,240,415.0,0.0,0.0
train,sample_139,data/train/sample_139/Label-Karimi Sazmani.xlsx,258,260,435.0,0.0,0.0
train,sample_139,data/train/sample_139/Label-Karimi Sazmani.xlsx,259,261,436.0,0.0,0.0
train,sample_139,data/train/sample_139/Label-Karimi Sazmani.xlsx,269,271,446.0,0.0,0.0
train,sample_139,data/train/sample_139/Label-Karimi Sazmani.xlsx,289,291,466.0,0.0,0.0
train,sample_139,data/train/sample_139/Label-Karimi Sazmani.xlsx,290,292,467.0,0.0,0.0
train,sample_139,data/train/sample_139/Label-Karimi Sazmani.xlsx,300,302,477.0,0.0,0.0
train,sample_139,data/train/sample_139/Label-Karimi Sazmani.xlsx,320,322,497.0,0.0,0.0
train,sample_139,data/train/sample_139/Label-Karimi Sazmani.xlsx,321,323,498.0,0.0,0.0
train,sample_139,data/train/sample_139/Label-Karimi Sazmani.xlsx,331,333,508.0,0.0,0.0
train,sample_139,data/train/sample_139/Label-Karimi Sazmani.xlsx,332,334,509.0,0.0,0.0
train,sample_139,data/train/sample_139/Label-Karimi Sazmani.xlsx,337,339,514.0,0.0,0.0
train,sample_14,data/train/sample_14/Label-19.xlsx,56,58,57.0,0.0,0.0
train,sample_14,data/train/sample_14/Label-19.xlsx,63,65,64.0,0.0,0.0
train,sample_14,data/train/sample_14/Label-19.xlsx,77,79,78.0,0.0,0.0
train,sample_14,data/train/sample_14/Label-19.xlsx,91,93,92.0,0.0,0.0
train,sample_14,data/train/sample_14/Label-19.xlsx,98,100,99.0,0.0,0.0
train,sample_14,data/train/sample_14/Label-19.xlsx,147,149,148.0,0.0,0.0
train,sample_14,data/train/sample_14/Label-19.xlsx,148,150,149.0,0.0,0.0
train,sample_14,data/train/sample_14/Label-19.xlsx,149,151,150.0,0.0,0.0
train,sample_14,data/train/sample_14/Label-19.xlsx,150,152,151.0,0.0,0.0
train,sample_14,data/train/sample_14/Label-19.xlsx,151,153,152.0,0.0,0.0
train,sample_14,data/train/sample_14/Label-19.xlsx,170,172,172.0,0.0,0.0
train,sample_14,data/train/sample_14/Label-19.xlsx,171,173,173.0,0.0,0.0
train,sample_14,data/train/sample_14/Label-19.xlsx,172,174,174.0,0.0,0.0
train,sample_14,data/train/sample_14/Label-19.xlsx,174,176,176.0,0.0,0.0
train,sample_14,data/train/sample_14/Label-19.xlsx,181,183,183.0,0.0,0.0
train,sample_14,data/train/sample_14/Label-19.xlsx,256,258,262.0,0.0,0.0
train,sample_14,data/train/sample_14/Label-19.xlsx,258,260,264.0,0.0,0.0
train,sample_14,data/train/sample_14/Label-19.xlsx,259,261,265.0,0.0,0.0
train,sample_14,data/train/sample_14/Label-19.xlsx,261,263,267.0,0.0,0.0
train,sample_14,data/train/sample_14/Label-19.xlsx,262,264,268.0,0.0,0.0
train,sample_14,data/train/sample_14/Label-19.xlsx,396,398,423.0,0.0,0.0
train,sample_14,data/train/sample_14/Label-19.xlsx,397,399,425.0,0.0,0.0
train,sample_14,data/train/sample_14/Label-19.xlsx,398,400,426.0,0.0,0.0
train,sample_14,data/train/sample_14/Label-19.xlsx,400,402,428.0,0.0,0.0
train,sample_14,data/train/sample_14/Label-19.xlsx,401,403,429.0,0.0,0.0
train,sample_14,data/train/sample_14/Label-19.xlsx,402,404,430.0,0.0,0.0
train,sample_14,data/train/sample_14/Label-19.xlsx,424,426,461.0,0.0,0.0
train,sample_14,data/train/sample_14/Label-19.xlsx,425,427,463.0,0.0,0.0
train,sample_14,data/train/sample_14/Label-19.xlsx,426,428,464.0,0.0,0.0
train,sample_14,data/train/sample_14/Label-19.xlsx,427,429,465.0,0.0,0.0
train,sample_14,data/train/sample_14/Label-19.xlsx,428,430,466.0,0.0,0.0
train,sample_14,data/train/sample_14/Label-19.xlsx,429,431,467.0,0.0,0.0
train,sample_142,data/train/sample_142/Label-Khobroi.xlsx,3,5,5.0,0.0,0.0
train,sample_142,data/train/sample_142/Label-Khobroi.xlsx,6,8,8.0,0.0,0.0
train,sample_144,data/train/sample_144/Label-MASKAN MELI E.xlsx,117,119,121.0,0.0,0.0
train,sample_144,data/train/sample_144/Label-MASKAN MELI E.xlsx,118,120,122.0,0.0,0.0
train,sample_144,data/train/sample_144/Label-MASKAN MELI E.xlsx,119,121,123.0,0.0,0.0
train,sample_144,data/train/sample_144/Label-MASKAN MELI E.xlsx,120,122,124.0,0.0,0.0
train,sample_144,data/train/sample_144/Label-MASKAN MELI E.xlsx,121,123,125.0,0.0,0.0
train,sample_144,data/train/sample_144/Label-MASKAN MELI E.xlsx,122,124,126.0,0.0,0.0
train,sample_144,data/train/sample_144/Label-MASKAN MELI E.xlsx,330,332,372.0,0.0,0.0
train,sample_144,data/train/sample_144/Label-MASKAN MELI E.xlsx,331,333,374.0,0.0,0.0
train,sample_144,data/train/sample_144/Label-MASKAN MELI E.xlsx,332,334,375.0,0.0,0.0
train,sample_144,data/train/sample_144/Label-MASKAN MELI E.xlsx,333,335,376.0,0.0,0.0
train,sample_144,data/train/sample_144/Label-MASKAN MELI E.xlsx,334,336,377.0,0.0,0.0
train,sample_144,data/train/sample_144/Label-MASKAN MELI E.xlsx,335,337,378.0,0.0,0.0
train,sample_144,data/train/sample_144/Label-MASKAN MELI E.xlsx,343,345,386.0,0.0,0.0
train,sample_144,data/train/sample_144/Label-MASKAN MELI E.xlsx,344,346,388.0,0.0,0.0
train,sample_144,data/train/sample_144/Label-MASKAN MELI E.xlsx,345,347,389.0,0.0,0.0
train,sample_144,data/train/sample_144/Label-MASKAN MELI E.xlsx,346,348,390.0,0.0,0.0
train,sample_144,data/train/sample_144/Label-MASKAN MELI E.xlsx,347,349,391.0,0.0,0.0
train,sample_144,data/train/sample_144/Label-MASKAN MELI E.xlsx,348,350,392.0,0.0,0.0
train,sample_145,data/train/sample_145/Label-Mehdi.xlsx,57,59,63.0,0.0,0.0
train,sample_145,data/train/sample_145/Label-Mehdi.xlsx,58,60,64.0,0.0,0.0
train,sample_145,data/train/sample_145/Label-Mehdi.xlsx,59,61,66.0,0.0,0.0
train,sample_146,data/train/sample_146/Label-Memerzade.xlsx,47,49,48.0,0.0,0.0
train,sample_146,data/train/sample_146/Label-Memerzade.xlsx,127,129,155.0,0.0,0.0
train,sample_146,data/train/sample_146/Label-Memerzade.xlsx,128,130,157.0,0.0,0.0
train,sample_146,data/train/sample_146/Label-Memerzade.xlsx,129,131,159.0,0.0,0.0
train,sample_146,data/train/sample_146/Label-Memerzade.xlsx,130,132,161.0,0.0,0.0
train,sample_146,data/train/sample_146/Label-Memerzade.xlsx,131,133,163.0,0.0,0.0
train,sample_147,data/train/sample_147/Label-Mohammadi 03 (3).xlsx,46,48,47.0,0.0,0.0
train,sample_147,data/train/sample_147/Label-Mohammadi 03 (3).xlsx,47,49,48.0,0.0,0.0
train,sample_147,data/train/sample_147/Label-Mohammadi 03 (3).xlsx,48,50,49.0,0.0,0.0
train,sample_147,data/train/sample_147/Label-Mohammadi 03 (3).xlsx,49,51,50.0,0.0,0.0
train,sample_147,data/train/sample_147/Label-Mohammadi 03 (3).xlsx,50,52,51.0,0.0,0.0
train,sample_147,data/train/sample_147/Label-Mohammadi 03 (3).xlsx,51,53,52.0,0.0,0.0
train,sample_147,data/train/sample_147/Label-Mohammadi 03 (3).xlsx,52,54,53.0,0.0,0.0
train,sample_147,data/train/sample_147/Label-Mohammadi 03 (3).xlsx,53,55,54.0,0.0,0.0
train,sample_147,data/train/sample_147/Label-Mohammadi 03 (3).xlsx,54,56,55.0,0.0,0.0
train,sample_147,data/train/sample_147/Label-Mohammadi 03 (3).xlsx,57,59,58.0,0.0,0.0
train,sample_147,data/train/sample_147/Label-Mohammadi 03 (3).xlsx,64,66,65.0,0.0,0.0
train,sample_147,data/train/sample_147/Label-Mohammadi 03 (3).xlsx,66,68,67.0,0.0,0.0
train,sample_147,data/train/sample_147/Label-Mohammadi 03 (3).xlsx,67,69,68.0,0.0,0.0
train,sample_147,data/train/sample_147/Label-Mohammadi 03 (3).xlsx,68,70,69.0,0.0,0.0
train,sample_147,data/train/sample_147/Label-Mohammadi 03 (3).xlsx,69,71,70.0,0.0,0.0
train,sample_147,data/train/sample_147/Label-Mohammadi 03 (3).xlsx,74,76,75.0,0.0,0.0
train,sample_148,data/train/sample_148/Label-Mohammadi 04 (2).xlsx,242,244,243.0,0.0,0.0
train,sample_148,data/train/sample_148/Label-Mohammadi 04 (2).xlsx,243,245,244.0,0.0,0.0
train,sample_148,data/train/sample_148/Label-Mohammadi 04 (2).xlsx,244,246,245.0,0.0,0.0
train,sample_148,data/train/sample_148/Label-Mohammadi 04 (2).xlsx,245,247,246.0,0.0,0.0
train,sample_148,data/train/sample_148/Label-Mohammadi 04 (2).xlsx,246,248,247.0,0.0,0.0
train,sample_148,data/train/sample_148/Label-Mohammadi 04 (2).xlsx,247,249,248.0,0.0,0.0
train,sample_148,data/train/sample_148/Label-Mohammadi 04 (2).xlsx,248,250,249.0,0.0,0.0
train,sample_148,data/train/sample_148/Label-Mohammadi 04 (2).xlsx,249,251,250.0,0.0,0.0
train,sample_148,data/train/sample_148/Label-Mohammadi 04 (2).xlsx,250,252,251.0,0.0,0.0
train,sample_148,data/train/sample_148/Label-Mohammadi 04 (2).xlsx,255,257,256.0,0.0,0.0
train,sample_148,data/train/sample_148/Label-Mohammadi 04 (2).xlsx,256,258,257.0,0.0,0.0
train,sample_148,data/train/sample_148/Label-Mohammadi 04 (2).xlsx,257,259,258.0,0.0,0.0
train,sample_148,data/train/sample_148/Label-Mohammadi 04 (2).xlsx,258,260,259.0,0.0,0.0
train,sample_148,data/train/sample_148/Label-Mohammadi 04 (2).xlsx,259,261,260.0,0.0,0.0
train,sample_148,data/train/sample_148/Label-Mohammadi 04 (2).xlsx,260,262,261.0,0.0,0.0
train,sample_148,data/train/sample_148/Label-Mohammadi 04 (2).xlsx,261,263,262.0,0.0,0.0
train,sample_148,data/train/sample_148/Label-Mohammadi 04 (2).xlsx,262,264,263.0,0.0,0.0
train,sample_148,data/train/sample_148/Label-Mohammadi 04 (2).xlsx,264,266,265.0,0.0,0.0
train,sample_148,data/train/sample_148/Label-Mohammadi 04 (2).xlsx,265,267,266.0,0.0,0.0
train,sample_148,data/train/sample_148/Label-Mohammadi 04 (2).xlsx,267,269,268.0,0.0,0.0
train,sample_148,data/train/sample_148/Label-Mohammadi 04 (2).xlsx,268,270,269.0,0.0,0.0
train,sample_148,data/train/sample_148/Label-Mohammadi 04 (2).xlsx,270,272,271.0,0.0,0.0
train,sample_148,data/train/sample_148/Label-Mohammadi 04 (2).xlsx,271,273,272.0,0.0,0.0
train,sample_148,data/train/sample_148/Label-Mohammadi 04 (2).xlsx,275,277,276.0,0.0,0.0
train,sample_148,data/train/sample_148/Label-Mohammadi 04 (2).xlsx,276,278,277.0,0.0,0.0
train,sample_148,data/train/sample_148/Label-Mohammadi 04 (2).xlsx,277,279,278.0,0.0,0.0
train,sample_148,data/train/sample_148/Label-Mohammadi 04 (2).xlsx,278,280,279.0,0.0,0.0
train,sample_148,data/train/sample_148/Label-Mohammadi 04 (2).xlsx,279,281,280.0,0.0,0.0
train,sample_148,data/train/sample_148/Label-Mohammadi 04 (2).xlsx,280,282,281.0,0.0,0.0
train,sample_148,data/train/sample_148/Label-Mohammadi 04 (2).xlsx,284,286,285.0,0.0,0.0
train,sample_148,data/train/sample_148/Label-Mohammadi 04 (2).xlsx,285,287,286.0,0.0,0.0
train,sample_148,data/train/sample_148/Label-Mohammadi 04 (2).xlsx,286,288,287.0,0.0,0.0
train,sample_148,data/train/sample_148/Label-Mohammadi 04 (2).xlsx,301,303,302.0,0.0,0.0
train,sample_149,data/train/sample_149/Label-Moradi Sazmani.xlsx,24,26,79.0,0.0,0.0
train,sample_149,data/train/sample_149/Label-Moradi Sazmani.xlsx,26,28,81.0,0.0,0.0
train,sample_149,data/train/sample_149/Label-Moradi Sazmani.xlsx,52,54,107.0,0.0,0.0
train,sample_149,data/train/sample_149/Label-Moradi Sazmani.xlsx,82,84,137.0,0.0,0.0
train,sample_149,data/train/sample_149/Label-Moradi Sazmani.xlsx,112,114,167.0,0.0,0.0
train,sample_149,data/train/sample_149/Label-Moradi Sazmani.xlsx,142,144,197.0,0.0,0.0
train,sample_149,data/train/sample_149/Label-Moradi Sazmani.xlsx,172,174,227.0,0.0,0.0
train,sample_149,data/train/sample_149/Label-Moradi Sazmani.xlsx,202,204,257.0,0.0,0.0
train,sample_149,data/train/sample_149/Label-Moradi Sazmani.xlsx,217,219,272.0,0.0,0.0
train,sample_15,data/train/sample_15/Label-2.xlsx,62,64,68.0,0.0,0.0
train,sample_15,data/train/sample_15/Label-2.xlsx,68,70,74.0,0.0,0.0
train,sample_150,data/train/sample_150/Label-Mosque No.1.xlsx,62,64,68.0,0.0,0.0
train,sample_151,data/train/sample_151/Label-Movahedi Main.xlsx,0,2,1.0,0.0,0.0
train,sample_151,data/train/sample_151/Label-Movahedi Main.xlsx,1,3,2.0,0.0,0.0
train,sample_151,data/train/sample_151/Label-Movahedi Main.xlsx,2,4,3.0,0.0,0.0
train,sample_151,data/train/sample_151/Label-Movahedi Main.xlsx,3,5,4.0,0.0,0.0
train,sample_151,data/train/sample_151/Label-Movahedi Main.xlsx,4,6,5.0,0.0,0.0
train,sample_151,data/train/sample_151/Label-Movahedi Main.xlsx,8,10,9.0,0.0,0.0
train,sample_151,data/train/sample_151/Label-Movahedi Main.xlsx,9,11,10.0,0.0,0.0
train,sample_151,data/train/sample_151/Label-Movahedi Main.xlsx,10,12,11.0,0.0,0.0
train,sample_151,data/train/sample_151/Label-Movahedi Main.xlsx,11,13,12.0,0.0,0.0
train,sample_151,data/train/sample_151/Label-Movahedi Main.xlsx,12,14,13.0,0.0,0.0
train,sample_151,data/train/sample_151/Label-Movahedi Main.xlsx,13,15,14.0,0.0,0.0
train,sample_151,data/train/sample_151/Label-Movahedi Main.xlsx,14,16,15.0,0.0,0.0
train,sample_151,data/train/sample_151/Label-Movahedi Main.xlsx,16,18,17.0,0.0,0.0
train,sample_151,data/train/sample_151/Label-Movahedi Main.xlsx,17,19,18.0,0.0,0.0
train,sample_151,data/train/sample_151/Label-Movahedi Main.xlsx,18,20,19.0,0.0,0.0
train,sample_151,data/train/sample_151/Label-Movahedi Main.xlsx,19,21,20.0,0.0,0.0
train,sample_151,data/train/sample_151/Label-Movahedi Main.xlsx,20,22,21.0,0.0,0.0
train,sample_151,data/train/sample_151/Label-Movahedi Main.xlsx,23,25,24.0,0.0,0.0
train,sample_151,data/train/sample_151/Label-Movahedi Main.xlsx,24,26,25.0,0.0,0.0
train,sample_151,data/train/sample_151/Label-Movahedi Main.xlsx,25,27,26.0,0.0,0.0
train,sample_151,data/train/sample_151/Label-Movahedi Main.xlsx,26,28,27.0,0.0,0.0
train,sample_151,data/train/sample_151/Label-Movahedi Main.xlsx,27,29,28.0,0.0,0.0
train,sample_151,data/train/sample_151/Label-Movahedi Main.xlsx,31,33,32.0,0.0,0.0
train,sample_151,data/train/sample_151/Label-Movahedi Main.xlsx,38,40,39.0,0.0,0.0
train,sample_151,data/train/sample_151/Label-Movahedi Main.xlsx,41,43,42.0,0.0,0.0
train,sample_151,data/train/sample_151/Label-Movahedi Main.xlsx,42,44,43.0,0.0,0.0
train,sample_151,data/train/sample_151/Label-Movahedi Main.xlsx,43,45,44.0,0.0,0.0
train,sample_151,data/train/sample_151/Label-Movahedi Main.xlsx,44,46,45.0,0.0,0.0
train,sample_151,data/train/sample_151/Label-Movahedi Main.xlsx,45,47,46.0,0.0,0.0
train,sample_151,data/train/sample_151/Label-Movahedi Main.xlsx,48,50,49.0,0.0,0.0
train,sample_151,data/train/sample_151/Label-Movahedi Main.xlsx,56,58,57.0,0.0,0.0
train,sample_151,data/train/sample_151/Label-Movahedi Main.xlsx,64,66,65.0,0.0,0.0
train,sample_151,data/train/sample_151/Label-Movahedi Main.xlsx,104,106,105.0,0.0,0.0
train,sample_151,data/train/sample_151/Label-Movahedi Main.xlsx,105,107,106.0,0.0,0.0
train,sample_151,data/train/sample_151/Label-Movahedi Main.xlsx,106,108,107.0,0.0,0.0
train,sample_151,data/train/sample_151/Label-Movahedi Main.xlsx,107,109,108.0,0.0,0.0
train,sample_151,data/train/sample_151/Label-Movahedi Main.xlsx,108,110,109.0,0.0,0.0
train,sample_151,data/train/sample_151/Label-Movahedi Main.xlsx,109,111,110.0,0.0,0.0
train,sample_151,data/train/sample_151/Label-Movahedi Main.xlsx,110,112,111.0,0.0,0.0
train,sample_151,data/train/sample_151/Label-Movahedi Main.xlsx,201,203,204.0,0.0,0.0
train,sample_151,data/train/sample_151/Label-Movahedi Main.xlsx,202,204,205.0,0.0,0.0
train,sample_151,data/train/sample_151/Label-Movahedi Main.xlsx,203,205,206.0,0.0,0.0
train,sample_151,data/train/sample_151/Label-Movahedi Main.xlsx,204,206,207.0,0.0,0.0
train,sample_151,data/train/sample_151/Label-Movahedi Main.xlsx,205,207,208.0,0.0,0.0
train,sample_151,data/train/sample_151/Label-Movahedi Main.xlsx,206,208,209.0,0.0,0.0
train,sample_151,data/train/sample_151/Label-Movahedi Main.xlsx,207,209,210.0,0.0,0.0
train,sample_151,data/train/sample_151/Label-Movahedi Main.xlsx,208,210,211.0,0.0,0.0
train,sample_151,data/train/sample_151/Label-Movahedi Main.xlsx,209,211,212.0,0.0,0.0
train,sample_151,data/train/sample_151/Label-Movahedi Main.xlsx,210,212,213.0,0.0,0.0
train,sample_151,data/train/sample_151/Label-Movahedi Main.xlsx,211,213,214.0,0.0,0.0
train,sample_151,data/train/sample_151/Label-Movahedi Main.xlsx,241,243,244.0,0.0,0.0
train,sample_151,data/train/sample_151/Label-Movahedi Main.xlsx,257,259,260.0,0.0,0.0
train,sample_151,data/train/sample_151/Label-Movahedi Main.xlsx,258,260,261.0,0.0,0.0
train,sample_151,data/train/sample_151/Label-Movahedi Main.xlsx,259,261,262.0,0.0,0.0
train,sample_151,data/train/sample_151/Label-Movahedi Main.xlsx,260,262,263.0,0.0,0.0
train,sample_151,data/train/sample_151/Label-Movahedi Main.xlsx,261,263,264.0,0.0,0.0
train,sample_151,data/train/sample_151/Label-Movahedi Main.xlsx,262,264,265.0,0.0,0.0
train,sample_151,data/train/sample_151/Label-Movahedi Main.xlsx,263,265,266.0,0.0,0.0
train,sample_151,data/train/sample_151/Label-Movahedi Main.xlsx,271,273,274.0,0.0,0.0
train,sample_151,data/train/sample_151/Label-Movahedi Main.xlsx,272,274,275.0,0.0,0.0
train,sample_151,data/train/sample_151/Label-Movahedi Main.xlsx,273,275,276.0,0.0,0.0
train,sample_151,data/train/sample_151/Label-Movahedi Main.xlsx,274,276,277.0,0.0,0.0
train,sample_151,data/train/sample_151/Label-Movahedi Main.xlsx,281,283,284.0,0.0,0.0
train,sample_151,data/train/sample_151/Label-Movahedi Main.xlsx,282,284,285.0,0.0,0.0
train,sample_151,data/train/sample_151/Label-Movahedi Main.xlsx,283,285,286.0,0.0,0.0
train,sample_151,data/train/sample_151/Label-Movahedi Main.xlsx,284,286,287.0,0.0,0.0
train,sample_151,data/train/sample_151/Label-Movahedi Main.xlsx,285,287,288.0,0.0,0.0
train,sample_151,data/train/sample_151/Label-Movahedi Main.xlsx,286,288,289.0,0.0,0.0
train,sample_151,data/train/sample_151/Label-Movahedi Main.xlsx,287,289,290.0,0.0,0.0
train,sample_151,data/train/sample_151/Label-Movahedi Main.xlsx,305,307,308.0,0.0,0.0
train,sample_151,data/train/sample_151/Label-Movahedi Main.xlsx,306,308,309.0,0.0,0.0
train,sample_151,data/train/sample_151/Label-Movahedi Main.xlsx,307,309,310.0,0.0,0.0
train,sample_151,data/train/sample_151/Label-Movahedi Main.xlsx,316,318,319.0,0.0,0.0
train,sample_151,data/train/sample_151/Label-Movahedi Main.xlsx,317,319,320.0,0.0,0.0
train,sample_151,data/train/sample_151/Label-Movahedi Main.xlsx,318,320,321.0,0.0,0.0
train,sample_151,data/train/sample_151/Label-Movahedi Main.xlsx,319,321,322.0,0.0,0.0
train,sample_151,data/train/sample_151/Label-Movahedi Main.xlsx,320,322,323.0,0.0,0.0
train,sample_151,data/train/sample_151/Label-Movahedi Main.xlsx,321,323,324.0,0.0,0.0
train,sample_151,data/train/sample_151/Label-Movahedi Main.xlsx,322,324,325.0,0.0,0.0
train,sample_151,data/train/sample_151/Label-Movahedi Main.xlsx,342,344,345.0,0.0,0.0
train,sample_151,data/train/sample_151/Label-Movahedi Main.xlsx,343,345,346.0,0.0,0.0
train,sample_151,data/train/sample_151/Label-Movahedi Main.xlsx,344,346,347.0,0.0,0.0
train,sample_151,data/train/sample_151/Label-Movahedi Main.xlsx,345,347,348.0,0.0,0.0
train,sample_151,data/train/sample_151/Label-Movahedi Main.xlsx,346,348,349.0,0.0,0.0
train,sample_151,data/train/sample_151/Label-Movahedi Main.xlsx,347,349,350.0,0.0,0.0
train,sample_151,data/train/sample_151/Label-Movahedi Main.xlsx,348,350,351.0,0.0,0.0
train,sample_151,data/train/sample_151/Label-Movahedi Main.xlsx,349,351,352.0,0.0,0.0
train,sample_151,data/train/sample_151/Label-Movahedi Main.xlsx,350,352,353.0,0.0,0.0
train,sample_151,data/train/sample_151/Label-Movahedi Main.xlsx,351,353,354.0,0.0,0.0
train,sample_151,data/train/sample_151/Label-Movahedi Main.xlsx,367,369,370.0,0.0,0.0
train,sample_151,data/train/sample_151/Label-Movahedi Main.xlsx,376,378,383.0,0.0,0.0
train,sample_151,data/train/sample_151/Label-Movahedi Main.xlsx,378,380,385.0,0.0,0.0
train,sample_151,data/train/sample_151/Label-Movahedi Main.xlsx,382,384,389.0,0.0,0.0
train,sample_153,data/train/sample_153/Label-Nariman.xlsx,43,45,44.0,0.0,0.0
train,sample_153,data/train/sample_153/Label-Nariman.xlsx,44,46,45.0,0.0,0.0
train,sample_153,data/train/sample_153/Label-Nariman.xlsx,45,47,46.0,0.0,0.0
train,sample_153,data/train/sample_153/Label-Nariman.xlsx,52,54,53.0,0.0,0.0
train,sample_153,data/train/sample_153/Label-Nariman.xlsx,83,85,84.0,0.0,0.0
train,sample_153,data/train/sample_153/Label-Nariman.xlsx,84,86,85.0,0.0,0.0
train,sample_153,data/train/sample_153/Label-Nariman.xlsx,85,87,86.0,0.0,0.0
train,sample_153,data/train/sample_153/Label-Nariman.xlsx,134,136,141.0,0.0,0.0
train,sample_153,data/train/sample_153/Label-Nariman.xlsx,135,137,142.0,0.0,0.0
train,sample_153,data/train/sample_153/Label-Nariman.xlsx,136,138,143.0,0.0,0.0
train,sample_153,data/train/sample_153/Label-Nariman.xlsx,175,177,185.0,0.0,0.0
train,sample_153,data/train/sample_153/Label-Nariman.xlsx,176,178,186.0,0.0,0.0
train,sample_153,data/train/sample_153/Label-Nariman.xlsx,177,179,187.0,0.0,0.0
train,sample_153,data/train/sample_153/Label-Nariman.xlsx,216,218,229.0,0.0,0.0
train,sample_153,data/train/sample_153/Label-Nariman.xlsx,217,219,230.0,0.0,0.0
train,sample_153,data/train/sample_153/Label-Nariman.xlsx,218,220,231.0,0.0,0.0
train,sample_153,data/train/sample_153/Label-Nariman.xlsx,257,259,273.0,0.0,0.0
train,sample_153,data/train/sample_153/Label-Nariman.xlsx,258,260,274.0,0.0,0.0
train,sample_153,data/train/sample_153/Label-Nariman.xlsx,259,261,275.0,0.0,0.0
train,sample_153,data/train/sample_153/Label-Nariman.xlsx,298,300,317.0,0.0,0.0
train,sample_153,data/train/sample_153/Label-Nariman.xlsx,299,301,318.0,0.0,0.0
train,sample_153,data/train/sample_153/Label-Nariman.xlsx,300,302,319.0,0.0,0.0
train,sample_153,data/train/sample_153/Label-Nariman.xlsx,320,322,345.0,0.0,0.0
train,sample_153,data/train/sample_153/Label-Nariman.xlsx,324,326,350.0,0.0,0.0
train,sample_153,data/train/sample_153/Label-Nariman.xlsx,326,328,353.0,0.0,0.0
train,sample_154,data/train/sample_154/Label-Nejati 03.xlsx,169,171,186.0,0.0,0.0
train,sample_154,data/train/sample_154/Label-Nejati 03.xlsx,177,179,195.0,0.0,0.0
train,sample_154,data/train/sample_154/Label-Nejati 03.xlsx,196,198,217.0,0.0,0.0
train,sample_154,data/train/sample_154/Label-Nejati 03.xlsx,197,199,218.0,0.0,0.0
train,sample_154,data/train/sample_154/Label-Nejati 03.xlsx,198,200,219.0,0.0,0.0
train,sample_154,data/train/sample_154/Label-Nejati 03.xlsx,199,201,220.0,0.0,0.0
train,sample_154,data/train/sample_154/Label-Nejati 03.xlsx,200,202,221.0,0.0,0.0
train,sample_154,data/train/sample_154/Label-Nejati 03.xlsx,201,203,222.0,0.0,0.0
train,sample_155,data/train/sample_155/Label-Nikokalam 07.xlsx,102,104,170.0,0.0,0.0
train,sample_155,data/train/sample_155/Label-Nikokalam 07.xlsx,103,105,171.0,0.0,0.0
train,sample_155,data/train/sample_155/Label-Nikokalam 07.xlsx,106,108,187.0,0.0,0.0
train,sample_155,data/train/sample_155/Label-Nikokalam 07.xlsx,107,109,188.0,0.0,0.0
train,sample_155,data/train/sample_155/Label-Nikokalam 07.xlsx,108,110,189.0,0.0,0.0
train,sample_155,data/train/sample_155/Label-Nikokalam 07.xlsx,109,111,190.0,0.0,0.0
train,sample_155,data/train/sample_155/Label-Nikokalam 07.xlsx,110,112,191.0,0.0,0.0
train,sample_155,data/train/sample_155/Label-Nikokalam 07.xlsx,111,113,192.0,0.0,0.0
train,sample_155,data/train/sample_155/Label-Nikokalam 07.xlsx,123,125,248.0,0.0,0.0
train,sample_155,data/train/sample_155/Label-Nikokalam 07.xlsx,124,126,249.0,0.0,0.0
train,sample_155,data/train/sample_155/Label-Nikokalam 07.xlsx,125,127,250.0,0.0,0.0
train,sample_155,data/train/sample_155/Label-Nikokalam 07.xlsx,127,129,260.0,0.0,0.0
train,sample_156,data/train/sample_156/Label-Norouzi 04.xlsx,55,57,72.0,0.0,0.0
train,sample_156,data/train/sample_156/Label-Norouzi 04.xlsx,57,59,74.0,0.0,0.0
train,sample_156,data/train/sample_156/Label-Norouzi 04.xlsx,157,159,208.0,0.0,0.0
train,sample_156,data/train/sample_156/Label-Norouzi 04.xlsx,158,160,209.0,0.0,0.0
train,sample_156,data/train/sample_156/Label-Norouzi 04.xlsx,159,161,210.0,0.0,0.0
train,sample_156,data/train/sample_156/Label-Norouzi 04.xlsx,160,162,211.0,0.0,0.0
train,sample_156,data/train/sample_156/Label-Norouzi 04.xlsx,161,163,212.0,0.0,0.0
train,sample_156,data/train/sample_156/Label-Norouzi 04.xlsx,162,164,213.0,0.0,0.0
train,sample_156,data/train/sample_156/Label-Norouzi 04.xlsx,169,171,220.0,0.0,0.0
train,sample_156,data/train/sample_156/Label-Norouzi 04.xlsx,170,172,221.0,0.0,0.0
train,sample_156,data/train/sample_156/Label-Norouzi 04.xlsx,171,173,222.0,0.0,0.0
train,sample_156,data/train/sample_156/Label-Norouzi 04.xlsx,172,174,223.0,0.0,0.0
train,sample_156,data/train/sample_156/Label-Norouzi 04.xlsx,173,175,224.0,0.0,0.0
train,sample_156,data/train/sample_156/Label-Norouzi 04.xlsx,174,176,225.0,0.0,0.0
train,sample_156,data/train/sample_156/Label-Norouzi 04.xlsx,180,182,232.0,0.0,0.0
train,sample_156,data/train/sample_156/Label-Norouzi 04.xlsx,181,183,233.0,0.0,0.0
train,sample_156,data/train/sample_156/Label-Norouzi 04.xlsx,184,186,239.0,0.0,0.0
train,sample_157,data/train/sample_157/Label-Octagonal Mosque.xlsx,5,7,6.0,0.0,0.0
train,sample_157,data/train/sample_157/Label-Octagonal Mosque.xlsx,6,8,7.0,0.0,0.0
train,sample_157,data/train/sample_157/Label-Octagonal Mosque.xlsx,9,11,10.0,0.0,0.0
train,sample_157,data/train/sample_157/Label-Octagonal Mosque.xlsx,10,12,11.0,0.0,0.0
train,sample_158,data/train/sample_158/Label-Pajoheshgah 04.xlsx,105,107,106.0,0.0,0.0
train,sample_158,data/train/sample_158/Label-Pajoheshgah 04.xlsx,130,132,131.0,0.0,0.0
train,sample_158,data/train/sample_158/Label-Pajoheshgah 04.xlsx,131,133,132.0,0.0,0.0
train,sample_158,data/train/sample_158/Label-Pajoheshgah 04.xlsx,132,134,133.0,0.0,0.0
train,sample_158,data/train/sample_158/Label-Pajoheshgah 04.xlsx,133,135,134.0,0.0,0.0
train,sample_158,data/train/sample_158/Label-Pajoheshgah 04.xlsx,134,136,135.0,0.0,0.0
train,sample_158,data/train/sample_158/Label-Pajoheshgah 04.xlsx,135,137,136.0,0.0,0.0
train,sample_158,data/train/sample_158/Label-Pajoheshgah 04.xlsx,190,192,191.0,0.0,0.0
train,sample_158,data/train/sample_158/Label-Pajoheshgah 04.xlsx,191,193,192.0,0.0,0.0
train,sample_158,data/train/sample_158/Label-Pajoheshgah 04.xlsx,192,194,193.0,0.0,0.0
train,sample_158,data/train/sample_158/Label-Pajoheshgah 04.xlsx,194,196,198.0,0.0,0.0
train,sample_158,data/train/sample_158/Label-Pajoheshgah 04.xlsx,207,209,215.0,0.0,0.0
train,sample_158,data/train/sample_158/Label-Pajoheshgah 04.xlsx,208,210,216.0,0.0,0.0
train,sample_158,data/train/sample_158/Label-Pajoheshgah 04.xlsx,209,211,217.0,0.0,0.0
train,sample_158,data/train/sample_158/Label-Pajoheshgah 04.xlsx,210,212,218.0,0.0,0.0
train,sample_158,data/train/sample_158/Label-Pajoheshgah 04.xlsx,211,213,219.0,0.0,0.0
train,sample_158,data/train/sample_158/Label-Pajoheshgah 04.xlsx,212,214,220.0,0.0,0.0
train,sample_158,data/train/sample_158/Label-Pajoheshgah 04.xlsx,237,239,251.0,0.0,0.0
train,sample_158,data/train/sample_158/Label-Pajoheshgah 04.xlsx,238,240,252.0,0.0,0.0
train,sample_158,data/train/sample_158/Label-Pajoheshgah 04.xlsx,239,241,253.0,0.0,0.0
train,sample_158,data/train/sample_158/Label-Pajoheshgah 04.xlsx,240,242,254.0,0.0,0.0
train,sample_158,data/train/sample_158/Label-Pajoheshgah 04.xlsx,241,243,255.0,0.0,0.0
train,sample_158,data/train/sample_158/Label-Pajoheshgah 04.xlsx,242,244,256.0,0.0,0.0
train,sample_158,data/train/sample_158/Label-Pajoheshgah 04.xlsx,283,285,317.0,0.0,0.0
train,sample_158,data/train/sample_158/Label-Pajoheshgah 04.xlsx,284,286,318.0,0.0,0.0
train,sample_158,data/train/sample_158/Label-Pajoheshgah 04.xlsx,285,287,319.0,0.0,0.0
train,sample_158,data/train/sample_158/Label-Pajoheshgah 04.xlsx,286,288,320.0,0.0,0.0
train,sample_158,data/train/sample_158/Label-Pajoheshgah 04.xlsx,287,289,321.0,0.0,0.0
train,sample_158,data/train/sample_158/Label-Pajoheshgah 04.xlsx,288,290,322.0,0.0,0.0
train,sample_158,data/train/sample_158/Label-Pajoheshgah 04.xlsx,291,293,329.0,0.0,0.0
train,sample_158,data/train/sample_158/Label-Pajoheshgah 04.xlsx,292,294,330.0,0.0,0.0
train,sample_158,data/train/sample_158/Label-Pajoheshgah 04.xlsx,293,295,331.0,0.0,0.0
train,sample_158,data/train/sample_158/Label-Pajoheshgah 04.xlsx,294,296,332.0,0.0,0.0
train,sample_158,data/train/sample_158/Label-Pajoheshgah 04.xlsx,295,297,333.0,0.0,0.0
train,sample_158,data/train/sample_158/Label-Pajoheshgah 04.xlsx,296,298,334.0,0.0,0.0
train,sample_158,data/train/sample_158/Label-Pajoheshgah 04.xlsx,321,323,359.0,0.0,0.0
train,sample_158,data/train/sample_158/Label-Pajoheshgah 04.xlsx,322,324,360.0,0.0,0.0
train,sample_158,data/train/sample_158/Label-Pajoheshgah 04.xlsx,323,325,361.0,0.0,0.0
train,sample_158,data/train/sample_158/Label-Pajoheshgah 04.xlsx,324,326,362.0,0.0,0.0
train,sample_158,data/train/sample_158/Label-Pajoheshgah 04.xlsx,325,327,363.0,0.0,0.0
train,sample_158,data/train/sample_158/Label-Pajoheshgah 04.xlsx,326,328,364.0,0.0,0.0
train,sample_158,data/train/sample_158/Label-Pajoheshgah 04.xlsx,327,329,365.0,0.0,0.0
train,sample_158,data/train/sample_158/Label-Pajoheshgah 04.xlsx,328,330,366.0,0.0,0.0
train,sample_158,data/train/sample_158/Label-Pajoheshgah 04.xlsx,329,331,367.0,0.0,0.0
train,sample_158,data/train/sample_158/Label-Pajoheshgah 04.xlsx,330,332,368.0,0.0,0.0
train,sample_158,data/train/sample_158/Label-Pajoheshgah 04.xlsx,331,333,369.0,0.0,0.0
train,sample_158,data/train/sample_158/Label-Pajoheshgah 04.xlsx,332,334,370.0,0.0,0.0
train,sample_158,data/train/sample_158/Label-Pajoheshgah 04.xlsx,345,347,384.0,0.0,0.0
train,sample_158,data/train/sample_158/Label-Pajoheshgah 04.xlsx,346,348,386.0,0.0,0.0
train,sample_158,data/train/sample_158/Label-Pajoheshgah 04.xlsx,347,349,388.0,0.0,0.0
train,sample_158,data/train/sample_158/Label-Pajoheshgah 04.xlsx,348,350,390.0,0.0,0.0
train,sample_158,data/train/sample_158/Label-Pajoheshgah 04.xlsx,349,351,392.0,0.0,0.0
train,sample_158,data/train/sample_158/Label-Pajoheshgah 04.xlsx,350,352,394.0,0.0,0.0
train,sample_159,data/train/sample_159/Label-Pasdaran.xlsx,11,13,12.0,0.0,0.0
train,sample_159,data/train/sample_159/Label-Pasdaran.xlsx,12,14,13.0,0.0,0.0
train,sample_159,data/train/sample_159/Label-Pasdaran.xlsx,13,15,14.0,0.0,0.0
train,sample_159,data/train/sample_159/Label-Pasdaran.xlsx,96,98,97.0,0.0,0.0
train,sample_159,data/train/sample_159/Label-Pasdaran.xlsx,97,99,98.0,0.0,0.0
train,sample_159,data/train/sample_159/Label-Pasdaran.xlsx,98,100,99.0,0.0,0.0
train,sample_159,data/train/sample_159/Label-Pasdaran.xlsx,211,213,212.0,0.0,0.0
train,sample_159,data/train/sample_159/Label-Pasdaran.xlsx,215,217,216.0,0.0,0.0
train,sample_159,data/train/sample_159/Label-Pasdaran.xlsx,219,221,220.0,0.0,0.0
train,sample_159,data/train/sample_159/Label-Pasdaran.xlsx,220,222,221.0,0.0,0.0
train,sample_159,data/train/sample_159/Label-Pasdaran.xlsx,221,223,222.0,0.0,0.0
train,sample_159,data/train/sample_159/Label-Pasdaran.xlsx,222,224,223.0,0.0,0.0
train,sample_159,data/train/sample_159/Label-Pasdaran.xlsx,223,225,224.0,0.0,0.0
train,sample_159,data/train/sample_159/Label-Pasdaran.xlsx,224,226,225.0,0.0,0.0
train,sample_159,data/train/sample_159/Label-Pasdaran.xlsx,225,227,226.0,0.0,0.0
train,sample_159,data/train/sample_159/Label-Pasdaran.xlsx,226,228,227.0,0.0,0.0
train,sample_159,data/train/sample_159/Label-Pasdaran.xlsx,227,229,228.0,0.0,0.0
train,sample_159,data/train/sample_159/Label-Pasdaran.xlsx,228,230,229.0,0.0,0.0
train,sample_159,data/train/sample_159/Label-Pasdaran.xlsx,229,231,230.0,0.0,0.0
train,sample_159,data/train/sample_159/Label-Pasdaran.xlsx,230,232,231.0,0.0,0.0
train,sample_159,data/train/sample_159/Label-Pasdaran.xlsx,231,233,232.0,0.0,0.0
train,sample_159,data/train/sample_159/Label-Pasdaran.xlsx,232,234,233.0,0.0,0.0
train,sample_159,data/train/sample_159/Label-Pasdaran.xlsx,239,241,240.0,0.0,0.0
train,sample_159,data/train/sample_159/Label-Pasdaran.xlsx,267,269,268.0,0.0,0.0
train,sample_159,data/train/sample_159/Label-Pasdaran.xlsx,288,290,289.0,0.0,0.0
train,sample_159,data/train/sample_159/Label-Pasdaran.xlsx,308,310,309.0,0.0,0.0
train,sample_159,data/train/sample_159/Label-Pasdaran.xlsx,321,323,332.0,0.0,0.0
train,sample_16,data/train/sample_16/Label-23-mostaghimi.xlsx,283,285,370.0,0.0,0.0
train,sample_16,data/train/sample_16/Label-23-mostaghimi.xlsx,284,286,371.0,0.0,0.0
train,sample_16,data/train/sample_16/Label-23-mostaghimi.xlsx,285,287,372.0,0.0,0.0
train,sample_16,data/train/sample_16/Label-23-mostaghimi.xlsx,286,288,373.0,0.0,0.0
train,sample_16,data/train/sample_16/Label-23-mostaghimi.xlsx,287,289,374.0,0.0,0.0
train,sample_16,data/train/sample_16/Label-23-mostaghimi.xlsx,288,290,375.0,0.0,0.0
train,sample_16,data/train/sample_16/Label-23-mostaghimi.xlsx,289,291,376.0,0.0,0.0
train,sample_160,data/train/sample_160/Label-Pashazade.xlsx,126,128,131.0,0.0,0.0
train,sample_160,data/train/sample_160/Label-Pashazade.xlsx,127,129,132.0,0.0,0.0
train,sample_160,data/train/sample_160/Label-Pashazade.xlsx,128,130,133.0,0.0,0.0
train,sample_160,data/train/sample_160/Label-Pashazade.xlsx,129,131,134.0,0.0,0.0
train,sample_160,data/train/sample_160/Label-Pashazade.xlsx,130,132,135.0,0.0,0.0
train,sample_160,data/train/sample_160/Label-Pashazade.xlsx,174,176,186.0,0.0,0.0
train,sample_161,data/train/sample_161/Label-Pousti.xlsx,132,134,137.0,0.0,0.0
train,sample_161,data/train/sample_161/Label-Pousti.xlsx,133,135,138.0,0.0,0.0
train,sample_161,data/train/sample_161/Label-Pousti.xlsx,134,136,140.0,0.0,0.0
train,sample_161,data/train/sample_161/Label-Pousti.xlsx,135,137,141.0,0.0,0.0
train,sample_161,data/train/sample_161/Label-Pousti.xlsx,136,138,142.0,0.0,0.0
train,sample_161,data/train/sample_161/Label-Pousti.xlsx,137,139,144.0,0.0,0.0
train,sample_161,data/train/sample_161/Label-Pousti.xlsx,138,140,145.0,0.0,0.0
train,sample_161,data/train/sample_161/Label-Pousti.xlsx,139,141,146.0,0.0,0.0
train,sample_161,data/train/sample_161/Label-Pousti.xlsx,142,144,149.0,0.0,0.0
train,sample_161,data/train/sample_161/Label-Pousti.xlsx,143,145,150.0,0.0,0.0
train,sample_161,data/train/sample_161/Label-Pousti.xlsx,144,146,151.0,0.0,0.0
train,sample_161,data/train/sample_161/Label-Pousti.xlsx,145,147,152.0,0.0,0.0
train,sample_161,data/train/sample_161/Label-Pousti.xlsx,146,148,153.0,0.0,0.0
train,sample_161,data/train/sample_161/Label-Pousti.xlsx,147,149,154.0,0.0,0.0
train,sample_161,data/train/sample_161/Label-Pousti.xlsx,148,150,155.0,0.0,0.0
train,sample_161,data/train/sample_161/Label-Pousti.xlsx,149,151,157.0,0.0,0.0
train,sample_161,data/train/sample_161/Label-Pousti.xlsx,151,153,159.0,0.0,0.0
train,sample_161,data/train/sample_161/Label-Pousti.xlsx,153,155,161.0,0.0,0.0
train,sample_161,data/train/sample_161/Label-Pousti.xlsx,154,156,163.0,0.0,0.0
train,sample_161,data/train/sample_161/Label-Pousti.xlsx,155,157,164.0,0.0,0.0
train,sample_161,data/train/sample_161/Label-Pousti.xlsx,156,158,165.0,0.0,0.0
train,sample_163,data/train/sample_163/Label-Rahmani.xlsx,0,2,1.0,0.0,0.0
train,sample_163,data/train/sample_163/Label-Rahmani.xlsx,15,17,18.0,0.0,0.0
train,sample_163,data/train/sample_163/Label-Rahmani.xlsx,16,18,19.0,0.0,0.0
train,sample_163,data/train/sample_163/Label-Rahmani.xlsx,17,19,21.0,0.0,0.0
train,sample_163,data/train/sample_163/Label-Rahmani.xlsx,18,20,22.0,0.0,0.0
train,sample_163,data/train/sample_163/Label-Rahmani.xlsx,28,30,36.0,0.0,0.0
train,sample_163,data/train/sample_163/Label-Rahmani.xlsx,30,32,38.0,0.0,0.0
train,sample_163,data/train/sample_163/Label-Rahmani.xlsx,33,35,42.0,0.0,0.0
train,sample_163,data/train/sample_163/Label-Rahmani.xlsx,34,36,43.0,0.0,0.0
train,sample_163,data/train/sample_163/Label-Rahmani.xlsx,37,39,48.0,0.0,0.0
train,sample_164,data/train/sample_164/Label-Ramshak.xlsx,96,98,100.0,0.0,0.0
train,sample_164,data/train/sample_164/Label-Ramshak.xlsx,97,99,101.0,0.0,0.0
train,sample_164,data/train/sample_164/Label-Ramshak.xlsx,98,100,102.0,0.0,0.0
train,sample_164,data/train/sample_164/Label-Ramshak.xlsx,100,102,109.0,0.0,0.0
train,sample_164,data/train/sample_164/Label-Ramshak.xlsx,101,103,110.0,0.0,0.0
train,sample_164,data/train/sample_164/Label-Ramshak.xlsx,102,104,111.0,0.0,0.0
train,sample_165,data/train/sample_165/Label-Raoufi.xlsx,166,168,167.0,0.0,0.0
train,sample_165,data/train/sample_165/Label-Raoufi.xlsx,263,265,264.0,0.0,0.0
train,sample_165,data/train/sample_165/Label-Raoufi.xlsx,312,314,314.0,0.0,0.0
train,sample_165,data/train/sample_165/Label-Raoufi.xlsx,319,321,321.0,0.0,0.0
train,sample_165,data/train/sample_165/Label-Raoufi.xlsx,320,322,322.0,0.0,0.0
train,sample_165,data/train/sample_165/Label-Raoufi.xlsx,321,323,323.0,0.0,0.0
train,sample_165,data/train/sample_165/Label-Raoufi.xlsx,322,324,324.0,0.0,0.0
train,sample_165,data/train/sample_165/Label-Raoufi.xlsx,323,325,325.0,0.0,0.0
train,sample_165,data/train/sample_165/Label-Raoufi.xlsx,324,326,326.0,0.0,0.0
train,sample_165,data/train/sample_165/Label-Raoufi.xlsx,325,327,327.0,0.0,0.0
train,sample_165,data/train/sample_165/Label-Raoufi.xlsx,326,328,328.0,0.0,0.0
train,sample_165,data/train/sample_165/Label-Raoufi.xlsx,327,329,329.0,0.0,0.0
train,sample_165,data/train/sample_165/Label-Raoufi.xlsx,382,384,391.0,0.0,0.0
train,sample_165,data/train/sample_165/Label-Raoufi.xlsx,383,385,392.0,0.0,0.0
train,sample_165,data/train/sample_165/Label-Raoufi.xlsx,384,386,393.0,0.0,0.0
train,sample_165,data/train/sample_165/Label-Raoufi.xlsx,385,387,394.0,0.0,0.0
train,sample_165,data/train/sample_165/Label-Raoufi.xlsx,386,388,395.0,0.0,0.0
train,sample_165,data/train/sample_165/Label-Raoufi.xlsx,387,389,396.0,0.0,0.0
train,sample_165,data/train/sample_165/Label-Raoufi.xlsx,388,390,397.0,0.0,0.0
train,sample_165,data/train/sample_165/Label-Raoufi.xlsx,389,391,398.0,0.0,0.0
train,sample_165,data/train/sample_165/Label-Raoufi.xlsx,390,392,399.0,0.0,0.0
train,sample_165,data/train/sample_165/Label-Raoufi.xlsx,391,393,400.0,0.0,0.0
train,sample_165,data/train/sample_165/Label-Raoufi.xlsx,397,399,407.0,0.0,0.0
train,sample_166,data/train/sample_166/Label-Rezaee.xlsx,75,77,85.0,0.0,0.0
train,sample_166,data/train/sample_166/Label-Rezaee.xlsx,76,78,86.0,0.0,0.0
train,sample_166,data/train/sample_166/Label-Rezaee.xlsx,77,79,87.0,0.0,0.0
train,sample_166,data/train/sample_166/Label-Rezaee.xlsx,87,89,112.0,0.0,0.0
train,sample_166,data/train/sample_166/Label-Rezaee.xlsx,88,90,118.0,0.0,0.0
train,sample_167,data/train/sample_167/Label-Sadeghi.xlsx,27,29,29.0,0.0,0.0
train,sample_167,data/train/sample_167/Label-Sadeghi.xlsx,28,30,30.0,0.0,0.0
train,sample_167,data/train/sample_167/Label-Sadeghi.xlsx,50,52,52.0,0.0,0.0
train,sample_167,data/train/sample_167/Label-Sadeghi.xlsx,62,64,65.0,0.0,0.0
train,sample_167,data/train/sample_167/Label-Sadeghi.xlsx,63,65,66.0,0.0,0.0
train,sample_167,data/train/sample_167/Label-Sadeghi.xlsx,76,78,82.0,0.0,0.0
train,sample_167,data/train/sample_167/Label-Sadeghi.xlsx,77,79,83.0,0.0,0.0
train,sample_167,data/train/sample_167/Label-Sadeghi.xlsx,78,80,84.0,0.0,0.0
train,sample_167,data/train/sample_167/Label-Sadeghi.xlsx,79,81,86.0,0.0,0.0
train,sample_167,data/train/sample_167/Label-Sadeghi.xlsx,112,114,125.0,0.0,0.0
train,sample_167,data/train/sample_167/Label-Sadeghi.xlsx,113,115,126.0,0.0,0.0
train,sample_167,data/train/sample_167/Label-Sadeghi.xlsx,148,150,163.0,0.0,0.0
train,sample_167,data/train/sample_167/Label-Sadeghi.xlsx,149,151,164.0,0.0,0.0
train,sample_168,data/train/sample_168/Label-Saffari 01.xlsx,35,37,38.0,0.0,0.0
train,sample_168,data/train/sample_168/Label-Saffari 01.xlsx,232,234,272.0,0.0,0.0
train,sample_168,data/train/sample_168/Label-Saffari 01.xlsx,233,235,273.0,0.0,0.0
train,sample_168,data/train/sample_168/Label-Saffari 01.xlsx,234,236,274.0,0.0,0.0
train,sample_168,data/train/sample_168/Label-Saffari 01.xlsx,235,237,275.0,0.0,0.0
train,sample_168,data/train/sample_168/Label-Saffari 01.xlsx,236,238,276.0,0.0,0.0
train,sample_168,data/train/sample_168/Label-Saffari 01.xlsx,237,239,277.0,0.0,0.0
train,sample_168,data/train/sample_168/Label-Saffari 01.xlsx,239,241,279.0,0.0,0.0
train,sample_168,data/train/sample_168/Label-Saffari 01.xlsx,240,242,280.0,0.0,0.0
train,sample_168,data/train/sample_168/Label-Saffari 01.xlsx,241,243,281.0,0.0,0.0
train,sample_168,data/train/sample_168/Label-Saffari 01.xlsx,242,244,282.0,0.0,0.0
train,sample_168,data/train/sample_168/Label-Saffari 01.xlsx,243,245,283.0,0.0,0.0
train,sample_168,data/train/sample_168/Label-Saffari 01.xlsx,244,246,284.0,0.0,0.0
train,sample_168,data/train/sample_168/Label-Saffari 01.xlsx,245,247,285.0,0.0,0.0
train,sample_168,data/train/sample_168/Label-Saffari 01.xlsx,247,249,288.0,0.0,0.0
train,sample_168,data/train/sample_168/Label-Saffari 01.xlsx,255,257,298.0,0.0,0.0
train,sample_169,data/train/sample_169/Label-Salimi 10.xlsx,136,138,152.0,0.0,0.0
train,sample_169,data/train/sample_169/Label-Salimi 10.xlsx,140,142,156.0,0.0,0.0
train,sample_169,data/train/sample_169/Label-Salimi 10.xlsx,141,143,157.0,0.0,0.0
train,sample_169,data/train/sample_169/Label-Salimi 10.xlsx,188,190,215.0,0.0,0.0
train,sample_169,data/train/sample_169/Label-Salimi 10.xlsx,197,199,224.0,0.0,0.0
train,sample_169,data/train/sample_169/Label-Salimi 10.xlsx,215,217,242.0,0.0,0.0
train,sample_169,data/train/sample_169/Label-Salimi 10.xlsx,224,226,251.0,0.0,0.0
train,sample_169,data/train/sample_169/Label-Salimi 10.xlsx,258,260,370.0,0.0,0.0
train,sample_169,data/train/sample_169/Label-Salimi 10.xlsx,259,261,371.0,0.0,0.0
train,sample_169,data/train/sample_169/Label-Salimi 10.xlsx,260,262,372.0,0.0,0.0
train,sample_169,data/train/sample_169/Label-Salimi 10.xlsx,261,263,373.0,0.0,0.0
train,sample_169,data/train/sample_169/Label-Salimi 10.xlsx,262,264,374.0,0.0,0.0
train,sample_169,data/train/sample_169/Label-Salimi 10.xlsx,263,265,375.0,0.0,0.0
train,sample_169,data/train/sample_169/Label-Salimi 10.xlsx,299,301,461.0,0.0,0.0
train,sample_169,data/train/sample_169/Label-Salimi 10.xlsx,300,302,463.0,0.0,0.0
train,sample_169,data/train/sample_169/Label-Salimi 10.xlsx,301,303,465.0,0.0,0.0
train,sample_169,data/train/sample_169/Label-Salimi 10.xlsx,302,304,467.0,0.0,0.0
train,sample_169,data/train/sample_169/Label-Salimi 10.xlsx,303,305,469.0,0.0,0.0
train,sample_169,data/train/sample_169/Label-Salimi 10.xlsx,304,306,471.0,0.0,0.0
train,sample_169,data/train/sample_169/Label-Salimi 10.xlsx,305,307,473.0,0.0,0.0
train,sample_169,data/train/sample_169/Label-Salimi 10.xlsx,306,308,479.0,0.0,0.0
train,sample_169,data/train/sample_169/Label-Salimi 10.xlsx,307,309,481.0,0.0,0.0
train,sample_169,data/train/sample_169/Label-Salimi 10.xlsx,308,310,483.0,0.0,0.0
train,sample_169,data/train/sample_169/Label-Salimi 10.xlsx,309,311,485.0,0.0,0.0
train,sample_169,data/train/sample_169/Label-Salimi 10.xlsx,310,312,487.0,0.0,0.0
train,sample_169,data/train/sample_169/Label-Salimi 10.xlsx,311,313,489.0,0.0,0.0
train,sample_169,data/train/sample_169/Label-Salimi 10.xlsx,312,314,491.0,0.0,0.0
train,sample_169,data/train/sample_169/Label-Salimi 10.xlsx,313,315,496.0,0.0,0.0
train,sample_169,data/train/sample_169/Label-Salimi 10.xlsx,314,316,497.0,0.0,0.0
train,sample_169,data/train/sample_169/Label-Salimi 10.xlsx,315,317,498.0,0.0,0.0
train,sample_169,data/train/sample_169/Label-Salimi 10.xlsx,316,318,499.0,0.0,0.0
train,sample_169,data/train/sample_169/Label-Salimi 10.xlsx,317,319,500.0,0.0,0.0
train,sample_169,data/train/sample_169/Label-Salimi 10.xlsx,318,320,501.0,0.0,0.0
train,sample_169,data/train/sample_169/Label-Salimi 10.xlsx,319,321,502.0,0.0,0.0
train,sample_169,data/train/sample_169/Label-Salimi 10.xlsx,320,322,505.0,0.0,0.0
train,sample_169,data/train/sample_169/Label-Salimi 10.xlsx,321,323,506.0,0.0,0.0
train,sample_169,data/train/sample_169/Label-Salimi 10.xlsx,322,324,507.0,0.0,0.0
train,sample_169,data/train/sample_169/Label-Salimi 10.xlsx,323,325,508.0,0.0,0.0
train,sample_169,data/train/sample_169/Label-Salimi 10.xlsx,324,326,509.0,0.0,0.0
train,sample_169,data/train/sample_169/Label-Salimi 10.xlsx,325,327,510.0,0.0,0.0
train,sample_169,data/train/sample_169/Label-Salimi 10.xlsx,326,328,511.0,0.0,0.0
train,sample_169,data/train/sample_169/Label-Salimi 10.xlsx,327,329,514.0,0.0,0.0
train,sample_169,data/train/sample_169/Label-Salimi 10.xlsx,328,330,515.0,0.0,0.0
train,sample_169,data/train/sample_169/Label-Salimi 10.xlsx,329,331,516.0,0.0,0.0
train,sample_169,data/train/sample_169/Label-Salimi 10.xlsx,330,332,517.0,0.0,0.0
train,sample_169,data/train/sample_169/Label-Salimi 10.xlsx,331,333,518.0,0.0,0.0
train,sample_169,data/train/sample_169/Label-Salimi 10.xlsx,332,334,519.0,0.0,0.0
train,sample_169,data/train/sample_169/Label-Salimi 10.xlsx,333,335,520.0,0.0,0.0
train,sample_169,data/train/sample_169/Label-Salimi 10.xlsx,334,336,523.0,0.0,0.0
train,sample_169,data/train/sample_169/Label-Salimi 10.xlsx,335,337,524.0,0.0,0.0
train,sample_169,data/train/sample_169/Label-Salimi 10.xlsx,336,338,525.0,0.0,0.0
train,sample_169,data/train/sample_169/Label-Salimi 10.xlsx,337,339,526.0,0.0,0.0
train,sample_169,data/train/sample_169/Label-Salimi 10.xlsx,338,340,527.0,0.0,0.0
train,sample_169,data/train/sample_169/Label-Salimi 10.xlsx,339,341,528.0,0.0,0.0
train,sample_169,data/train/sample_169/Label-Salimi 10.xlsx,340,342,529.0,0.0,0.0
train,sample_17,data/train/sample_17/Label-25-akbar azizi.xlsx,33,35,34.0,0.0,0.0
train,sample_17,data/train/sample_17/Label-25-akbar azizi.xlsx,35,37,36.0,0.0,0.0
train,sample_17,data/train/sample_17/Label-25-akbar azizi.xlsx,39,41,40.0,0.0,0.0
train,sample_17,data/train/sample_17/Label-25-akbar azizi.xlsx,41,43,42.0,0.0,0.0
train,sample_17,data/train/sample_17/Label-25-akbar azizi.xlsx,43,45,44.0,0.0,0.0
train,sample_17,data/train/sample_17/Label-25-akbar azizi.xlsx,44,46,45.0,0.0,0.0
train,sample_17,data/train/sample_17/Label-25-akbar azizi.xlsx,46,48,47.0,0.0,0.0
train,sample_17,data/train/sample_17/Label-25-akbar azizi.xlsx,47,49,48.0,0.0,0.0
train,sample_17,data/train/sample_17/Label-25-akbar azizi.xlsx,48,50,49.0,0.0,0.0
train,sample_17,data/train/sample_17/Label-25-akbar azizi.xlsx,49,51,50.0,0.0,0.0
train,sample_17,data/train/sample_17/Label-25-akbar azizi.xlsx,51,53,52.0,0.0,0.0
train,sample_17,data/train/sample_17/Label-25-akbar azizi.xlsx,52,54,53.0,0.0,0.0
train,sample_17,data/train/sample_17/Label-25-akbar azizi.xlsx,53,55,54.0,0.0,0.0
train,sample_17,data/train/sample_17/Label-25-akbar azizi.xlsx,54,56,55.0,0.0,0.0
train,sample_17,data/train/sample_17/Label-25-akbar azizi.xlsx,56,58,57.0,0.0,0.0
train,sample_17,data/train/sample_17/Label-25-akbar azizi.xlsx,57,59,58.0,0.0,0.0
train,sample_17,data/train/sample_17/Label-25-akbar azizi.xlsx,58,60,59.0,0.0,0.0
train,sample_17,data/train/sample_17/Label-25-akbar azizi.xlsx,59,61,60.0,0.0,0.0
train,sample_17,data/train/sample_17/Label-25-akbar azizi.xlsx,62,64,63.0,0.0,0.0
train,sample_17,data/train/sample_17/Label-25-akbar azizi.xlsx,63,65,64.0,0.0,0.0
train,sample_17,data/train/sample_17/Label-25-akbar azizi.xlsx,64,66,65.0,0.0,0.0
train,sample_17,data/train/sample_17/Label-25-akbar azizi.xlsx,69,71,70.0,0.0,0.0
train,sample_17,data/train/sample_17/Label-25-akbar azizi.xlsx,84,86,85.0,0.0,0.0
train,sample_17,data/train/sample_17/Label-25-akbar azizi.xlsx,98,100,99.0,0.0,0.0
train,sample_17,data/train/sample_17/Label-25-akbar azizi.xlsx,104,106,105.0,0.0,0.0
train,sample_17,data/train/sample_17/Label-25-akbar azizi.xlsx,106,108,107.0,0.0,0.0
train,sample_17,data/train/sample_17/Label-25-akbar azizi.xlsx,108,110,109.0,0.0,0.0
train,sample_17,data/train/sample_17/Label-25-akbar azizi.xlsx,109,111,110.0,0.0,0.0
train,sample_17,data/train/sample_17/Label-25-akbar azizi.xlsx,110,112,111.0,0.0,0.0
train,sample_17,data/train/sample_17/Label-25-akbar azizi.xlsx,111,113,112.0,0.0,0.0
train,sample_17,data/train/sample_17/Label-25-akbar azizi.xlsx,112,114,113.0,0.0,0.0
train,sample_17,data/train/sample_17/Label-25-akbar azizi.xlsx,113,115,114.0,0.0,0.0
train,sample_17,data/train/sample_17/Label-25-akbar azizi.xlsx,114,116,115.0,0.0,0.0
train,sample_17,data/train/sample_17/Label-25-akbar azizi.xlsx,115,117,116.0,0.0,0.0
train,sample_17,data/train/sample_17/Label-25-akbar azizi.xlsx,116,118,117.0,0.0,0.0
train,sample_17,data/train/sample_17/Label-25-akbar azizi.xlsx,117,119,118.0,0.0,0.0
train,sample_17,data/train/sample_17/Label-25-akbar azizi.xlsx,118,120,119.0,0.0,0.0
train,sample_17,data/train/sample_17/Label-25-akbar azizi.xlsx,119,121,120.0,0.0,0.0
train,sample_17,data/train/sample_17/Label-25-akbar azizi.xlsx,121,123,122.0,0.0,0.0
train,sample_17,data/train/sample_17/Label-25-akbar azizi.xlsx,122,124,123.0,0.0,0.0
train,sample_17,data/train/sample_17/Label-25-akbar azizi.xlsx,123,125,124.0,0.0,0.0
train,sample_17,data/train/sample_17/Label-25-akbar azizi.xlsx,124,126,125.0,0.0,0.0
train,sample_17,data/train/sample_17/Label-25-akbar azizi.xlsx,127,129,128.0,0.0,0.0
train,sample_17,data/train/sample_17/Label-25-akbar azizi.xlsx,128,130,129.0,0.0,0.0
train,sample_17,data/train/sample_17/Label-25-akbar azizi.xlsx,129,131,130.0,0.0,0.0
train,sample_17,data/train/sample_17/Label-25-akbar azizi.xlsx,154,156,155.0,0.0,0.0
train,sample_17,data/train/sample_17/Label-25-akbar azizi.xlsx,160,162,161.0,0.0,0.0
train,sample_17,data/train/sample_17/Label-25-akbar azizi.xlsx,163,165,164.0,0.0,0.0
train,sample_17,data/train/sample_17/Label-25-akbar azizi.xlsx,168,170,169.0,0.0,0.0
train,sample_17,data/train/sample_17/Label-25-akbar azizi.xlsx,169,171,170.0,0.0,0.0
train,sample_17,data/train/sample_17/Label-25-akbar azizi.xlsx,173,175,174.0,0.0,0.0
train,sample_17,data/train/sample_17/Label-25-akbar azizi.xlsx,174,176,175.0,0.0,0.0
train,sample_17,data/train/sample_17/Label-25-akbar azizi.xlsx,175,177,176.0,0.0,0.0
train,sample_17,data/train/sample_17/Label-25-akbar azizi.xlsx,176,178,177.0,0.0,0.0
train,sample_17,data/train/sample_17/Label-25-akbar azizi.xlsx,177,179,178.0,0.0,0.0
train,sample_17,data/train/sample_17/Label-25-akbar azizi.xlsx,178,180,179.0,0.0,0.0
train,sample_17,data/train/sample_17/Label-25-akbar azizi.xlsx,179,181,180.0,0.0,0.0
train,sample_17,data/train/sample_17/Label-25-akbar azizi.xlsx,182,184,183.0,0.0,0.0
train,sample_17,data/train/sample_17/Label-25-akbar azizi.xlsx,183,185,184.0,0.0,0.0
train,sample_17,data/train/sample_17/Label-25-akbar azizi.xlsx,184,186,185.0,0.0,0.0
train,sample_17,data/train/sample_17/Label-25-akbar azizi.xlsx,185,187,186.0,0.0,0.0
train,sample_17,data/train/sample_17/Label-25-akbar azizi.xlsx,186,188,187.0,0.0,0.0
train,sample_17,data/train/sample_17/Label-25-akbar azizi.xlsx,187,189,188.0,0.0,0.0
train,sample_17,data/train/sample_17/Label-25-akbar azizi.xlsx,188,190,189.0,0.0,0.0
train,sample_17,data/train/sample_17/Label-25-akbar azizi.xlsx,190,192,191.0,0.0,0.0
train,sample_17,data/train/sample_17/Label-25-akbar azizi.xlsx,191,193,192.0,0.0,0.0
train,sample_17,data/train/sample_17/Label-25-akbar azizi.xlsx,192,194,193.0,0.0,0.0
train,sample_17,data/train/sample_17/Label-25-akbar azizi.xlsx,193,195,194.0,0.0,0.0
train,sample_17,data/train/sample_17/Label-25-akbar azizi.xlsx,196,198,197.0,0.0,0.0
train,sample_17,data/train/sample_17/Label-25-akbar azizi.xlsx,197,199,198.0,0.0,0.0
train,sample_17,data/train/sample_17/Label-25-akbar azizi.xlsx,207,209,208.0,0.0,0.0
train,sample_17,data/train/sample_17/Label-25-akbar azizi.xlsx,214,216,215.0,0.0,0.0
train,sample_17,data/train/sample_17/Label-25-akbar azizi.xlsx,219,221,220.0,0.0,0.0
train,sample_17,data/train/sample_17/Label-25-akbar azizi.xlsx,224,226,225.0,0.0,0.0
train,sample_17,data/train/sample_17/Label-25-akbar azizi.xlsx,227,229,228.0,0.0,0.0
train,sample_17,data/train/sample_17/Label-25-akbar azizi.xlsx,229,231,230.0,0.0,0.0
train,sample_17,data/train/sample_17/Label-25-akbar azizi.xlsx,233,235,234.0,0.0,0.0
train,sample_17,data/train/sample_17/Label-25-akbar azizi.xlsx,234,236,235.0,0.0,0.0
train,sample_17,data/train/sample_17/Label-25-akbar azizi.xlsx,235,237,236.0,0.0,0.0
train,sample_17,data/train/sample_17/Label-25-akbar azizi.xlsx,237,239,238.0,0.0,0.0
train,sample_17,data/train/sample_17/Label-25-akbar azizi.xlsx,238,240,239.0,0.0,0.0
train,sample_17,data/train/sample_17/Label-25-akbar azizi.xlsx,239,241,240.0,0.0,0.0
train,sample_17,data/train/sample_17/Label-25-akbar azizi.xlsx,240,242,241.0,0.0,0.0
train,sample_17,data/train/sample_17/Label-25-akbar azizi.xlsx,241,243,242.0,0.0,0.0
train,sample_17,data/train/sample_17/Label-25-akbar azizi.xlsx,242,244,243.0,0.0,0.0
train,sample_17,data/train/sample_17/Label-25-akbar azizi.xlsx,243,245,244.0,0.0,0.0
train,sample_17,data/train/sample_17/Label-25-akbar azizi.xlsx,245,247,246.0,0.0,0.0
train,sample_17,data/train/sample_17/Label-25-akbar azizi.xlsx,246,248,247.0,0.0,0.0
train,sample_17,data/train/sample_17/Label-25-akbar azizi.xlsx,247,249,248.0,0.0,0.0
train,sample_17,data/train/sample_17/Label-25-akbar azizi.xlsx,248,250,249.0,0.0,0.0
train,sample_17,data/train/sample_17/Label-25-akbar azizi.xlsx,249,251,250.0,0.0,0.0
train,sample_17,data/train/sample_17/Label-25-akbar azizi.xlsx,250,252,251.0,0.0,0.0
train,sample_17,data/train/sample_17/Label-25-akbar azizi.xlsx,251,253,252.0,0.0,0.0
train,sample_17,data/train/sample_17/Label-25-akbar azizi.xlsx,252,254,253.0,0.0,0.0
train,sample_17,data/train/sample_17/Label-25-akbar azizi.xlsx,253,255,254.0,0.0,0.0
train,sample_17,data/train/sample_17/Label-25-akbar azizi.xlsx,254,256,255.0,0.0,0.0
train,sample_17,data/train/sample_17/Label-25-akbar azizi.xlsx,256,258,257.0,0.0,0.0
train,sample_17,data/train/sample_17/Label-25-akbar azizi.xlsx,257,259,258.0,0.0,0.0
train,sample_17,data/train/sample_17/Label-25-akbar azizi.xlsx,258,260,259.0,0.0,0.0
train,sample_17,data/train/sample_17/Label-25-akbar azizi.xlsx,259,261,260.0,0.0,0.0
train,sample_17,data/train/sample_17/Label-25-akbar azizi.xlsx,264,266,265.0,0.0,0.0
train,sample_170,data/train/sample_170/Label-Sangtarashan 09.xlsx,111,113,120.0,0.0,0.0
train,sample_170,data/train/sample_170/Label-Sangtarashan 09.xlsx,119,121,128.0,0.0,0.0
train,sample_170,data/train/sample_170/Label-Sangtarashan 09.xlsx,120,122,129.0,0.0,0.0
train,sample_170,data/train/sample_170/Label-Sangtarashan 09.xlsx,171,173,182.0,0.0,0.0
train,sample_170,data/train/sample_170/Label-Sangtarashan 09.xlsx,193,195,206.0,0.0,0.0
train,sample_170,data/train/sample_170/Label-Sangtarashan 09.xlsx,200,202,213.0,0.0,0.0
train,sample_170,data/train/sample_170/Label-Sangtarashan 09.xlsx,260,262,278.0,0.0,0.0
train,sample_170,data/train/sample_170/Label-Sangtarashan 09.xlsx,275,277,294.0,0.0,0.0
train,sample_170,data/train/sample_170/Label-Sangtarashan 09.xlsx,283,285,302.0,0.0,0.0
train,sample_170,data/train/sample_170/Label-Sangtarashan 09.xlsx,299,301,318.0,0.0,0.0
train,sample_170,data/train/sample_170/Label-Sangtarashan 09.xlsx,390,392,447.0,0.0,0.0
train,sample_170,data/train/sample_170/Label-Sangtarashan 09.xlsx,391,393,449.0,0.0,0.0
train,sample_170,data/train/sample_170/Label-Sangtarashan 09.xlsx,392,394,451.0,0.0,0.0
train,sample_170,data/train/sample_170/Label-Sangtarashan 09.xlsx,393,395,453.0,0.0,0.0
train,sample_170,data/train/sample_170/Label-Sangtarashan 09.xlsx,394,396,455.0,0.0,0.0
train,sample_170,data/train/sample_170/Label-Sangtarashan 09.xlsx,395,397,457.0,0.0,0.0
train,sample_170,data/train/sample_170/Label-Sangtarashan 09.xlsx,396,398,459.0,0.0,0.0
train,sample_170,data/train/sample_170/Label-Sangtarashan 09.xlsx,397,399,463.0,0.0,0.0
train,sample_170,data/train/sample_170/Label-Sangtarashan 09.xlsx,398,400,465.0,0.0,0.0
train,sample_170,data/train/sample_170/Label-Sangtarashan 09.xlsx,399,401,466.0,0.0,0.0
train,sample_170,data/train/sample_170/Label-Sangtarashan 09.xlsx,400,402,468.0,0.0,0.0
train,sample_170,data/train/sample_170/Label-Sangtarashan 09.xlsx,401,403,469.0,0.0,0.0
train,sample_170,data/train/sample_170/Label-Sangtarashan 09.xlsx,402,404,471.0,0.0,0.0
train,sample_170,data/train/sample_170/Label-Sangtarashan 09.xlsx,403,405,472.0,0.0,0.0
train,sample_170,data/train/sample_170/Label-Sangtarashan 09.xlsx,404,406,474.0,0.0,0.0
train,sample_170,data/train/sample_170/Label-Sangtarashan 09.xlsx,405,407,475.0,0.0,0.0
train,sample_170,data/train/sample_170/Label-Sangtarashan 09.xlsx,406,408,477.0,0.0,0.0
train,sample_170,data/train/sample_170/Label-Sangtarashan 09.xlsx,407,409,478.0,0.0,0.0
train,sample_170,data/train/sample_170/Label-Sangtarashan 09.xlsx,408,410,480.0,0.0,0.0
train,sample_170,data/train/sample_170/Label-Sangtarashan 09.xlsx,409,411,488.0,0.0,0.0
train,sample_170,data/train/sample_170/Label-Sangtarashan 09.xlsx,410,412,490.0,0.0,0.0
train,sample_170,data/train/sample_170/Label-Sangtarashan 09.xlsx,411,413,492.0,0.0,0.0
train,sample_170,data/train/sample_170/Label-Sangtarashan 09.xlsx,412,414,494.0,0.0,0.0
train,sample_170,data/train/sample_170/Label-Sangtarashan 09.xlsx,413,415,496.0,0.0,0.0
train,sample_170,data/train/sample_170/Label-Sangtarashan 09.xlsx,414,416,498.0,0.0,0.0
train,sample_170,data/train/sample_170/Label-Sangtarashan 09.xlsx,415,417,500.0,0.0,0.0
train,sample_170,data/train/sample_170/Label-Sangtarashan 09.xlsx,416,418,511.0,0.0,0.0
train,sample_170,data/train/sample_170/Label-Sangtarashan 09.xlsx,417,419,512.0,0.0,0.0
train,sample_170,data/train/sample_170/Label-Sangtarashan 09.xlsx,418,420,513.0,0.0,0.0
train,sample_170,data/train/sample_170/Label-Sangtarashan 09.xlsx,419,421,514.0,0.0,0.0
train,sample_170,data/train/sample_170/Label-Sangtarashan 09.xlsx,420,422,515.0,0.0,0.0
train,sample_170,data/train/sample_170/Label-Sangtarashan 09.xlsx,421,423,516.0,0.0,0.0
train,sample_171,data/train/sample_171/Label-Shariat.xlsx,0,2,1.0,0.0,0.0
train,sample_171,data/train/sample_171/Label-Shariat.xlsx,3,5,4.0,0.0,0.0
train,sample_172,data/train/sample_172/Label-Sharifi 02.xlsx,76,78,79.0,0.0,0.0
train,sample_172,data/train/sample_172/Label-Sharifi 02.xlsx,77,79,80.0,0.0,0.0
train,sample_174,data/train/sample_174/Label-Sohrab A.xlsx,10,12,13.0,0.0,0.0
train,sample_174,data/train/sample_174/Label-Sohrab A.xlsx,78,80,81.0,0.0,0.0
train,sample_174,data/train/sample_174/Label-Sohrab A.xlsx,86,88,89.0,0.0,0.0
train,sample_174,data/train/sample_174/Label-Sohrab A.xlsx,87,89,90.0,0.0,0.0
train,sample_174,data/train/sample_174/Label-Sohrab A.xlsx,88,90,91.0,0.0,0.0
train,sample_174,data/train/sample_174/Label-Sohrab A.xlsx,89,91,92.0,0.0,0.0
train,sample_174,data/train/sample_174/Label-Sohrab A.xlsx,90,92,93.0,0.0,0.0
train,sample_174,data/train/sample_174/Label-Sohrab A.xlsx,91,93,94.0,0.0,0.0
train,sample_174,data/train/sample_174/Label-Sohrab A.xlsx,92,94,95.0,0.0,0.0
train,sample_174,data/train/sample_174/Label-Sohrab A.xlsx,93,95,96.0,0.0,0.0
train,sample_174,data/train/sample_174/Label-Sohrab A.xlsx,94,96,97.0,0.0,0.0
train,sample_174,data/train/sample_174/Label-Sohrab A.xlsx,95,97,98.0,0.0,0.0
train,sample_174,data/train/sample_174/Label-Sohrab A.xlsx,96,98,99.0,0.0,0.0
train,sample_174,data/train/sample_174/Label-Sohrab A.xlsx,97,99,100.0,0.0,0.0
train,sample_174,data/train/sample_174/Label-Sohrab A.xlsx,98,100,101.0,0.0,0.0
train,sample_174,data/train/sample_174/Label-Sohrab A.xlsx,99,101,102.0,0.0,0.0
train,sample_174,data/train/sample_174/Label-Sohrab A.xlsx,100,102,103.0,0.0,0.0
train,sample_174,data/train/sample_174/Label-Sohrab A.xlsx,101,103,104.0,0.0,0.0
train,sample_174,data/train/sample_174/Label-Sohrab A.xlsx,102,104,105.0,0.0,0.0
train,sample_174,data/train/sample_174/Label-Sohrab A.xlsx,118,120,121.0,0.0,0.0
train,sample_174,data/train/sample_174/Label-Sohrab A.xlsx,146,148,149.0,0.0,0.0
train,sample_174,data/train/sample_174/Label-Sohrab A.xlsx,158,160,161.0,0.0,0.0
train,sample_174,data/train/sample_174/Label-Sohrab A.xlsx,310,312,313.0,0.0,0.0
train,sample_174,data/train/sample_174/Label-Sohrab A.xlsx,311,313,314.0,0.0,0.0
train,sample_174,data/train/sample_174/Label-Sohrab A.xlsx,312,314,315.0,0.0,0.0
train,sample_174,data/train/sample_174/Label-Sohrab A.xlsx,313,315,316.0,0.0,0.0
train,sample_174,data/train/sample_174/Label-Sohrab A.xlsx,314,316,317.0,0.0,0.0
train,sample_174,data/train/sample_174/Label-Sohrab A.xlsx,315,317,318.0,0.0,0.0
train,sample_174,data/train/sample_174/Label-Sohrab A.xlsx,316,318,319.0,0.0,0.0
train,sample_175,data/train/sample_175/Label-Sohrab B.xlsx,63,65,64.0,0.0,0.0
train,sample_175,data/train/sample_175/Label-Sohrab B.xlsx,442,444,514.0,0.0,0.0
train,sample_175,data/train/sample_175/Label-Sohrab B.xlsx,443,445,515.0,0.0,0.0
train,sample_175,data/train/sample_175/Label-Sohrab B.xlsx,444,446,516.0,0.0,0.0
train,sample_175,data/train/sample_175/Label-Sohrab B.xlsx,445,447,517.0,0.0,0.0
train,sample_175,data/train/sample_175/Label-Sohrab B.xlsx,446,448,518.0,0.0,0.0
train,sample_175,data/train/sample_175/Label-Sohrab B.xlsx,447,449,519.0,0.0,0.0
train,sample_175,data/train/sample_175/Label-Sohrab B.xlsx,448,450,520.0,0.0,0.0
train,sample_175,data/train/sample_175/Label-Sohrab B.xlsx,469,471,548.0,0.0,0.0
train,sample_175,data/train/sample_175/Label-Sohrab B.xlsx,482,484,563.0,0.0,0.0
train,sample_176,data/train/sample_176/Label-Sohrab I.xlsx,472,474,473.0,0.0,0.0
train,sample_176,data/train/sample_176/Label-Sohrab I.xlsx,480,482,481.0,0.0,0.0
train,sample_177,data/train/sample_177/Label-Sohrab J.xlsx,4,6,5.0,0.0,0.0
train,sample_177,data/train/sample_177/Label-Sohrab J.xlsx,5,7,7.0,0.0,0.0
train,sample_177,data/train/sample_177/Label-Sohrab J.xlsx,38,40,44.0,0.0,0.0
train,sample_177,data/train/sample_177/Label-Sohrab J.xlsx,45,47,51.0,0.0,0.0
train,sample_177,data/train/sample_177/Label-Sohrab J.xlsx,46,48,52.0,0.0,0.0
train,sample_177,data/train/sample_177/Label-Sohrab J.xlsx,47,49,53.0,0.0,0.0
train,sample_177,data/train/sample_177/Label-Sohrab J.xlsx,48,50,54.0,0.0,0.0
train,sample_178,data/train/sample_178/Label-Sorourian.xlsx,113,115,132.0,0.0,0.0
train,sample_178,data/train/sample_178/Label-Sorourian.xlsx,126,128,158.0,0.0,0.0
train,sample_178,data/train/sample_178/Label-Sorourian.xlsx,137,139,192.0,0.0,0.0
train,sample_178,data/train/sample_178/Label-Sorourian.xlsx,138,140,193.0,0.0,0.0
train,sample_178,data/train/sample_178/Label-Sorourian.xlsx,139,141,194.0,0.0,0.0
train,sample_178,data/train/sample_178/Label-Sorourian.xlsx,140,142,195.0,0.0,0.0
train,sample_178,data/train/sample_178/Label-Sorourian.xlsx,141,143,198.0,0.0,0.0
train,sample_178,data/train/sample_178/Label-Sorourian.xlsx,142,144,200.0,0.0,0.0
train,sample_178,data/train/sample_178/Label-Sorourian.xlsx,143,145,202.0,0.0,0.0
train,sample_178,data/train/sample_178/Label-Sorourian.xlsx,144,146,204.0,0.0,0.0
train,sample_178,data/train/sample_178/Label-Sorourian.xlsx,150,152,211.0,0.0,0.0
train,sample_178,data/train/sample_178/Label-Sorourian.xlsx,151,153,212.0,0.0,0.0
train,sample_178,data/train/sample_178/Label-Sorourian.xlsx,152,154,213.0,0.0,0.0
train,sample_178,data/train/sample_178/Label-Sorourian.xlsx,153,155,214.0,0.0,0.0
train,sample_178,data/train/sample_178/Label-Sorourian.xlsx,154,156,215.0,0.0,0.0
train,sample_178,data/train/sample_178/Label-Sorourian.xlsx,160,162,221.0,0.0,0.0
train,sample_178,data/train/sample_178/Label-Sorourian.xlsx,161,163,222.0,0.0,0.0
train,sample_178,data/train/sample_178/Label-Sorourian.xlsx,162,164,223.0,0.0,0.0
train,sample_178,data/train/sample_178/Label-Sorourian.xlsx,163,165,224.0,0.0,0.0
train,sample_178,data/train/sample_178/Label-Sorourian.xlsx,164,166,225.0,0.0,0.0
train,sample_179,data/train/sample_179/Label-T- (1).xlsx,57,59,58.0,0.0,0.0
train,sample_179,data/train/sample_179/Label-T- (1).xlsx,68,70,69.0,0.0,0.0
train,sample_179,data/train/sample_179/Label-T- (1).xlsx,69,71,70.0,0.0,0.0
train,sample_179,data/train/sample_179/Label-T- (1).xlsx,71,73,72.0,0.0,0.0
train,sample_179,data/train/sample_179/Label-T- (1).xlsx,72,74,73.0,0.0,0.0
train,sample_179,data/train/sample_179/Label-T- (1).xlsx,117,119,120.0,0.0,0.0
train,sample_179,data/train/sample_179/Label-T- (1).xlsx,128,130,131.0,0.0,0.0
train,sample_179,data/train/sample_179/Label-T- (1).xlsx,129,131,132.0,0.0,0.0
train,sample_179,data/train/sample_179/Label-T- (1).xlsx,131,133,134.0,0.0,0.0
train,sample_179,data/train/sample_179/Label-T- (1).xlsx,132,134,135.0,0.0,0.0
train,sample_179,data/train/sample_179/Label-T- (1).xlsx,156,158,159.0,0.0,0.0
train,sample_179,data/train/sample_179/Label-T- (1).xlsx,157,159,160.0,0.0,0.0
train,sample_179,data/train/sample_179/Label-T- (1).xlsx,159,161,162.0,0.0,0.0
train,sample_179,data/train/sample_179/Label-T- (1).xlsx,160,162,163.0,0.0,0.0
train,sample_179,data/train/sample_179/Label-T- (1).xlsx,204,206,210.0,0.0,0.0
train,sample_179,data/train/sample_179/Label-T- (1).xlsx,215,217,221.0,0.0,0.0
train,sample_179,data/train/sample_179/Label-T- (1).xlsx,216,218,222.0,0.0,0.0
train,sample_179,data/train/sample_179/Label-T- (1).xlsx,218,220,224.0,0.0,0.0
train,sample_179,data/train/sample_179/Label-T- (1).xlsx,219,221,225.0,0.0,0.0
train,sample_179,data/train/sample_179/Label-T- (1).xlsx,262,264,268.0,0.0,0.0
train,sample_179,data/train/sample_179/Label-T- (1).xlsx,273,275,279.0,0.0,0.0
train,sample_179,data/train/sample_179/Label-T- (1).xlsx,274,276,280.0,0.0,0.0
train,sample_179,data/train/sample_179/Label-T- (1).xlsx,276,278,282.0,0.0,0.0
train,sample_179,data/train/sample_179/Label-T- (1).xlsx,277,279,283.0,0.0,0.0
train,sample_179,data/train/sample_179/Label-T- (1).xlsx,319,321,326.0,0.0,0.0
train,sample_179,data/train/sample_179/Label-T- (1).xlsx,330,332,337.0,0.0,0.0
train,sample_179,data/train/sample_179/Label-T- (1).xlsx,331,333,338.0,0.0,0.0
train,sample_179,data/train/sample_179/Label-T- (1).xlsx,333,335,340.0,0.0,0.0
train,sample_179,data/train/sample_179/Label-T- (1).xlsx,334,336,341.0,0.0,0.0
train,sample_179,data/train/sample_179/Label-T- (1).xlsx,358,360,368.0,0.0,0.0
train,sample_180,data/train/sample_180/Label-T- (10).xlsx,104,106,127.0,0.0,0.0
train,sample_180,data/train/sample_180/Label-T- (10).xlsx,105,107,129.0,0.0,0.0
train,sample_180,data/train/sample_180/Label-T- (10).xlsx,106,108,131.0,0.0,0.0
train,sample_180,data/train/sample_180/Label-T- (10).xlsx,107,109,133.0,0.0,0.0
train,sample_180,data/train/sample_180/Label-T- (10).xlsx,108,110,135.0,0.0,0.0
train,sample_181,data/train/sample_181/Label-T- (11).xlsx,40,42,41.0,0.0,0.0
train,sample_181,data/train/sample_181/Label-T- (11).xlsx,41,43,42.0,0.0,0.0
train,sample_181,data/train/sample_181/Label-T- (11).xlsx,42,44,43.0,0.0,0.0
train,sample_181,data/train/sample_181/Label-T- (11).xlsx,43,45,44.0,0.0,0.0
train,sample_181,data/train/sample_181/Label-T- (11).xlsx,64,66,65.0,0.0,0.0
train,sample_181,data/train/sample_181/Label-T- (11).xlsx,65,67,66.0,0.0,0.0
train,sample_181,data/train/sample_181/Label-T- (11).xlsx,66,68,67.0,0.0,0.0
train,sample_181,data/train/sample_181/Label-T- (11).xlsx,67,69,68.0,0.0,0.0
train,sample_181,data/train/sample_181/Label-T- (11).xlsx,124,126,125.0,0.0,0.0
train,sample_181,data/train/sample_181/Label-T- (11).xlsx,125,127,126.0,0.0,0.0
train,sample_181,data/train/sample_181/Label-T- (11).xlsx,126,128,127.0,0.0,0.0
train,sample_181,data/train/sample_181/Label-T- (11).xlsx,127,129,128.0,0.0,0.0
train,sample_183,data/train/sample_183/Label-T- (19).xlsx,130,132,136.0,0.0,0.0
train,sample_183,data/train/sample_183/Label-T- (19).xlsx,131,133,137.0,0.0,0.0
train,sample_183,data/train/sample_183/Label-T- (19).xlsx,132,134,138.0,0.0,0.0
train,sample_183,data/train/sample_183/Label-T- (19).xlsx,133,135,139.0,0.0,0.0
train,sample_183,data/train/sample_183/Label-T- (19).xlsx,134,136,140.0,0.0,0.0
train,sample_183,data/train/sample_183/Label-T- (19).xlsx,135,137,141.0,0.0,0.0
train,sample_183,data/train/sample_183/Label-T- (19).xlsx,136,138,142.0,0.0,0.0
train,sample_183,data/train/sample_183/Label-T- (19).xlsx,137,139,143.0,0.0,0.0
train,sample_183,data/train/sample_183/Label-T- (19).xlsx,138,140,144.0,0.0,0.0
train,sample_183,data/train/sample_183/Label-T- (19).xlsx,139,141,145.0,0.0,0.0
train,sample_183,data/train/sample_183/Label-T- (19).xlsx,176,178,190.0,0.0,0.0
train,sample_183,data/train/sample_183/Label-T- (19).xlsx,178,180,192.0,0.0,0.0
train,sample_184,data/train/sample_184/Label-T- (20).xlsx,133,135,169.0,0.0,0.0
train,sample_184,data/train/sample_184/Label-T- (20).xlsx,134,136,170.0,0.0,0.0
train,sample_184,data/train/sample_184/Label-T- (20).xlsx,135,137,171.0,0.0,0.0
train,sample_184,data/train/sample_184/Label-T- (20).xlsx,136,138,172.0,0.0,0.0
train,sample_184,data/train/sample_184/Label-T- (20).xlsx,137,139,173.0,0.0,0.0
train,sample_185,data/train/sample_185/Label-T- (22).xlsx,249,251,250.0,0.0,0.0
train,sample_185,data/train/sample_185/Label-T- (22).xlsx,250,252,251.0,0.0,0.0
train,sample_185,data/train/sample_185/Label-T- (22).xlsx,251,253,252.0,0.0,0.0
train,sample_185,data/train/sample_185/Label-T- (22).xlsx,252,254,253.0,0.0,0.0
train,sample_185,data/train/sample_185/Label-T- (22).xlsx,253,255,254.0,0.0,0.0
train,sample_185,data/train/sample_185/Label-T- (22).xlsx,254,256,255.0,0.0,0.0
train,sample_185,data/train/sample_185/Label-T- (22).xlsx,255,257,256.0,0.0,0.0
train,sample_185,data/train/sample_185/Label-T- (22).xlsx,256,258,257.0,0.0,0.0
train,sample_185,data/train/sample_185/Label-T- (22).xlsx,257,259,258.0,0.0,0.0
train,sample_185,data/train/sample_185/Label-T- (22).xlsx,258,260,259.0,0.0,0.0
train,sample_185,data/train/sample_185/Label-T- (22).xlsx,259,261,260.0,0.0,0.0
train,sample_185,data/train/sample_185/Label-T- (22).xlsx,260,262,261.0,0.0,0.0
train,sample_185,data/train/sample_185/Label-T- (22).xlsx,261,263,262.0,0.0,0.0
train,sample_185,data/train/sample_185/Label-T- (22).xlsx,262,264,263.0,0.0,0.0
train,sample_185,data/train/sample_185/Label-T- (22).xlsx,263,265,264.0,0.0,0.0
train,sample_185,data/train/sample_185/Label-T- (22).xlsx,264,266,265.0,0.0,0.0
train,sample_185,data/train/sample_185/Label-T- (22).xlsx,265,267,266.0,0.0,0.0
train,sample_185,data/train/sample_185/Label-T- (22).xlsx,266,268,267.0,0.0,0.0
train,sample_185,data/train/sample_185/Label-T- (22).xlsx,267,269,268.0,0.0,0.0
train,sample_185,data/train/sample_185/Label-T- (22).xlsx,268,270,269.0,0.0,0.0
train,sample_185,data/train/sample_185/Label-T- (22).xlsx,269,271,270.0,0.0,0.0
train,sample_185,data/train/sample_185/Label-T- (22).xlsx,270,272,271.0,0.0,0.0
train,sample_185,data/train/sample_185/Label-T- (22).xlsx,271,273,272.0,0.0,0.0
train,sample_185,data/train/sample_185/Label-T- (22).xlsx,272,274,273.0,0.0,0.0
train,sample_185,data/train/sample_185/Label-T- (22).xlsx,281,283,282.0,0.0,0.0
train,sample_185,data/train/sample_185/Label-T- (22).xlsx,282,284,283.0,0.0,0.0
train,sample_185,data/train/sample_185/Label-T- (22).xlsx,283,285,284.0,0.0,0.0
train,sample_185,data/train/sample_185/Label-T- (22).xlsx,284,286,285.0,0.0,0.0
train,sample_185,data/train/sample_185/Label-T- (22).xlsx,285,287,286.0,0.0,0.0
train,sample_185,data/train/sample_185/Label-T- (22).xlsx,286,288,287.0,0.0,0.0
train,sample_185,data/train/sample_185/Label-T- (22).xlsx,287,289,288.0,0.0,0.0
train,sample_185,data/train/sample_185/Label-T- (22).xlsx,288,290,289.0,0.0,0.0
train,sample_185,data/train/sample_185/Label-T- (22).xlsx,289,291,290.0,0.0,0.0
train,sample_185,data/train/sample_185/Label-T- (22).xlsx,290,292,291.0,0.0,0.0
train,sample_185,data/train/sample_185/Label-T- (22).xlsx,291,293,292.0,0.0,0.0
train,sample_185,data/train/sample_185/Label-T- (22).xlsx,292,294,293.0,0.0,0.0
train,sample_185,data/train/sample_185/Label-T- (22).xlsx,293,295,294.0,0.0,0.0
train,sample_185,data/train/sample_185/Label-T- (22).xlsx,294,296,295.0,0.0,0.0
train,sample_185,data/train/sample_185/Label-T- (22).xlsx,297,299,298.0,0.0,0.0
train,sample_185,data/train/sample_185/Label-T- (22).xlsx,298,300,299.0,0.0,0.0
train,sample_185,data/train/sample_185/Label-T- (22).xlsx,305,307,307.0,0.0,0.0
train,sample_185,data/train/sample_185/Label-T- (22).xlsx,314,316,319.0,0.0,0.0
train,sample_186,data/train/sample_186/Label-T- (24).xlsx,14,16,15.0,0.0,0.0
train,sample_186,data/train/sample_186/Label-T- (24).xlsx,15,17,16.0,0.0,0.0
train,sample_186,data/train/sample_186/Label-T- (24).xlsx,16,18,17.0,0.0,0.0
train,sample_186,data/train/sample_186/Label-T- (24).xlsx,17,19,18.0,0.0,0.0
train,sample_186,data/train/sample_186/Label-T- (24).xlsx,18,20,19.0,0.0,0.0
train,sample_186,data/train/sample_186/Label-T- (24).xlsx,19,21,20.0,0.0,0.0
train,sample_186,data/train/sample_186/Label-T- (24).xlsx,20,22,21.0,0.0,0.0
train,sample_187,data/train/sample_187/Label-T- (27).xlsx,216,218,228.0,0.0,0.0
train,sample_188,data/train/sample_188/Label-T- (29).xlsx,208,210,222.0,0.0,0.0
train,sample_188,data/train/sample_188/Label-T- (29).xlsx,214,216,235.0,0.0,0.0
train,sample_188,data/train/sample_188/Label-T- (29).xlsx,215,217,237.0,0.0,0.0
train,sample_188,data/train/sample_188/Label-T- (29).xlsx,216,218,238.0,0.0,0.0
train,sample_188,data/train/sample_188/Label-T- (29).xlsx,217,219,239.0,0.0,0.0
train,sample_188,data/train/sample_188/Label-T- (29).xlsx,218,220,240.0,0.0,0.0
train,sample_188,data/train/sample_188/Label-T- (29).xlsx,219,221,241.0,0.0,0.0
train,sample_188,data/train/sample_188/Label-T- (29).xlsx,220,222,243.0,0.0,0.0
train,sample_188,data/train/sample_188/Label-T- (29).xlsx,221,223,244.0,0.0,0.0
train,sample_188,data/train/sample_188/Label-T- (29).xlsx,222,224,245.0,0.0,0.0
train,sample_188,data/train/sample_188/Label-T- (29).xlsx,223,225,246.0,0.0,0.0
train,sample_188,data/train/sample_188/Label-T- (29).xlsx,224,226,247.0,0.0,0.0
train,sample_188,data/train/sample_188/Label-T- (29).xlsx,225,227,249.0,0.0,0.0
train,sample_188,data/train/sample_188/Label-T- (29).xlsx,226,228,250.0,0.0,0.0
train,sample_188,data/train/sample_188/Label-T- (29).xlsx,227,229,251.0,0.0,0.0
train,sample_188,data/train/sample_188/Label-T- (29).xlsx,228,230,252.0,0.0,0.0
train,sample_188,data/train/sample_188/Label-T- (29).xlsx,229,231,253.0,0.0,0.0
train,sample_188,data/train/sample_188/Label-T- (29).xlsx,230,232,255.0,0.0,0.0
train,sample_188,data/train/sample_188/Label-T- (29).xlsx,231,233,256.0,0.0,0.0
train,sample_188,data/train/sample_188/Label-T- (29).xlsx,232,234,257.0,0.0,0.0
train,sample_188,data/train/sample_188/Label-T- (29).xlsx,233,235,258.0,0.0,0.0
train,sample_188,data/train/sample_188/Label-T- (29).xlsx,234,236,259.0,0.0,0.0
train,sample_188,data/train/sample_188/Label-T- (29).xlsx,235,237,261.0,0.0,0.0
train,sample_188,data/train/sample_188/Label-T- (29).xlsx,236,238,262.0,0.0,0.0
train,sample_188,data/train/sample_188/Label-T- (29).xlsx,237,239,263.0,0.0,0.0
train,sample_188,data/train/sample_188/Label-T- (29).xlsx,238,240,264.0,0.0,0.0
train,sample_188,data/train/sample_188/Label-T- (29).xlsx,239,241,271.0,0.0,0.0
train,sample_188,data/train/sample_188/Label-T- (29).xlsx,240,242,272.0,0.0,0.0
train,sample_188,data/train/sample_188/Label-T- (29).xlsx,241,243,273.0,0.0,0.0
train,sample_188,data/train/sample_188/Label-T- (29).xlsx,242,244,274.0,0.0,0.0
train,sample_188,data/train/sample_188/Label-T- (29).xlsx,243,245,275.0,0.0,0.0
train,sample_188,data/train/sample_188/Label-T- (29).xlsx,244,246,276.0,0.0,0.0
train,sample_188,data/train/sample_188/Label-T- (29).xlsx,245,247,277.0,0.0,0.0
train,sample_188,data/train/sample_188/Label-T- (29).xlsx,246,248,278.0,0.0,0.0
train,sample_188,data/train/sample_188/Label-T- (29).xlsx,247,249,279.0,0.0,0.0
train,sample_188,data/train/sample_188/Label-T- (29).xlsx,248,250,280.0,0.0,0.0
train,sample_188,data/train/sample_188/Label-T- (29).xlsx,249,251,281.0,0.0,0.0
train,sample_188,data/train/sample_188/Label-T- (29).xlsx,250,252,282.0,0.0,0.0
train,sample_188,data/train/sample_188/Label-T- (29).xlsx,251,253,283.0,0.0,0.0
train,sample_188,data/train/sample_188/Label-T- (29).xlsx,252,254,284.0,0.0,0.0
train,sample_188,data/train/sample_188/Label-T- (29).xlsx,253,255,285.0,0.0,0.0
train,sample_188,data/train/sample_188/Label-T- (29).xlsx,254,256,286.0,0.0,0.0
train,sample_188,data/train/sample_188/Label-T- (29).xlsx,255,257,287.0,0.0,0.0
train,sample_188,data/train/sample_188/Label-T- (29).xlsx,256,258,288.0,0.0,0.0
train,sample_189,data/train/sample_189/Label-T- (3).xlsx,5,7,6.0,0.0,0.0
train,sample_189,data/train/sample_189/Label-T- (3).xlsx,62,64,71.0,0.0,0.0
train,sample_189,data/train/sample_189/Label-T- (3).xlsx,241,243,312.0,0.0,0.0
train,sample_189,data/train/sample_189/Label-T- (3).xlsx,242,244,313.0,0.0,0.0
train,sample_189,data/train/sample_189/Label-T- (3).xlsx,243,245,314.0,0.0,0.0
train,sample_189,data/train/sample_189/Label-T- (3).xlsx,244,246,315.0,0.0,0.0
train,sample_189,data/train/sample_189/Label-T- (3).xlsx,245,247,316.0,0.0,0.0
train,sample_189,data/train/sample_189/Label-T- (3).xlsx,246,248,317.0,0.0,0.0
train,sample_189,data/train/sample_189/Label-T- (3).xlsx,247,249,321.0,0.0,0.0
train,sample_189,data/train/sample_189/Label-T- (3).xlsx,248,250,322.0,0.0,0.0
train,sample_189,data/train/sample_189/Label-T- (3).xlsx,249,251,323.0,0.0,0.0
train,sample_189,data/train/sample_189/Label-T- (3).xlsx,250,252,324.0,0.0,0.0
train,sample_189,data/train/sample_189/Label-T- (3).xlsx,251,253,325.0,0.0,0.0
train,sample_189,data/train/sample_189/Label-T- (3).xlsx,252,254,326.0,0.0,0.0
train,sample_189,data/train/sample_189/Label-T- (3).xlsx,294,296,392.0,0.0,0.0
train,sample_189,data/train/sample_189/Label-T- (3).xlsx,295,297,393.0,0.0,0.0
train,sample_189,data/train/sample_189/Label-T- (3).xlsx,296,298,394.0,0.0,0.0
train,sample_189,data/train/sample_189/Label-T- (3).xlsx,297,299,395.0,0.0,0.0
train,sample_189,data/train/sample_189/Label-T- (3).xlsx,298,300,396.0,0.0,0.0
train,sample_189,data/train/sample_189/Label-T- (3).xlsx,299,301,397.0,0.0,0.0
train,sample_189,data/train/sample_189/Label-T- (3).xlsx,300,302,401.0,0.0,0.0
train,sample_189,data/train/sample_189/Label-T- (3).xlsx,301,303,402.0,0.0,0.0
train,sample_189,data/train/sample_189/Label-T- (3).xlsx,302,304,403.0,0.0,0.0
train,sample_189,data/train/sample_189/Label-T- (3).xlsx,303,305,404.0,0.0,0.0
train,sample_189,data/train/sample_189/Label-T- (3).xlsx,304,306,405.0,0.0,0.0
train,sample_189,data/train/sample_189/Label-T- (3).xlsx,305,307,406.0,0.0,0.0
train,sample_19,data/train/sample_19/Label-26-mehri sadeghi.xlsx,114,116,115.0,0.0,0.0
train,sample_19,data/train/sample_19/Label-26-mehri sadeghi.xlsx,115,117,116.0,0.0,0.0
train,sample_19,data/train/sample_19/Label-26-mehri sadeghi.xlsx,116,118,117.0,0.0,0.0
train,sample_19,data/train/sample_19/Label-26-mehri sadeghi.xlsx,117,119,118.0,0.0,0.0
train,sample_19,data/train/sample_19/Label-26-mehri sadeghi.xlsx,118,120,119.0,0.0,0.0
train,sample_19,data/train/sample_19/Label-26-mehri sadeghi.xlsx,129,131,130.0,0.0,0.0
train,sample_19,data/train/sample_19/Label-26-mehri sadeghi.xlsx,130,132,131.0,0.0,0.0
train,sample_19,data/train/sample_19/Label-26-mehri sadeghi.xlsx,135,137,136.0,0.0,0.0
train,sample_190,data/train/sample_190/Label-T- (30).xlsx,1,3,2.0,0.0,0.0
train,sample_190,data/train/sample_190/Label-T- (30).xlsx,2,4,3.0,0.0,0.0
train,sample_190,data/train/sample_190/Label-T- (30).xlsx,134,136,177.0,0.0,0.0
train,sample_190,data/train/sample_190/Label-T- (30).xlsx,135,137,178.0,0.0,0.0
train,sample_190,data/train/sample_190/Label-T- (30).xlsx,136,138,179.0,0.0,0.0
train,sample_190,data/train/sample_190/Label-T- (30).xlsx,137,139,180.0,0.0,0.0
train,sample_190,data/train/sample_190/Label-T- (30).xlsx,138,140,181.0,0.0,0.0
train,sample_190,data/train/sample_190/Label-T- (30).xlsx,139,141,182.0,0.0,0.0
train,sample_191,data/train/sample_191/Label-T- (31).xlsx,93,95,96.0,0.0,0.0
train,sample_191,data/train/sample_191/Label-T- (31).xlsx,94,96,97.0,0.0,0.0
train,sample_191,data/train/sample_191/Label-T- (31).xlsx,140,142,171.0,0.0,0.0
train,sample_191,data/train/sample_191/Label-T- (31).xlsx,141,143,172.0,0.0,0.0
train,sample_191,data/train/sample_191/Label-T- (31).xlsx,142,144,173.0,0.0,0.0
train,sample_191,data/train/sample_191/Label-T- (31).xlsx,143,145,174.0,0.0,0.0
train,sample_191,data/train/sample_191/Label-T- (31).xlsx,144,146,175.0,0.0,0.0
train,sample_192,data/train/sample_192/Label-T- (32).xlsx,7,9,8.0,0.0,0.0
train,sample_192,data/train/sample_192/Label-T- (32).xlsx,56,58,57.0,0.0,0.0
train,sample_192,data/train/sample_192/Label-T- (32).xlsx,57,59,58.0,0.0,0.0
train,sample_192,data/train/sample_192/Label-T- (32).xlsx,58,60,59.0,0.0,0.0
train,sample_192,data/train/sample_192/Label-T- (32).xlsx,59,61,60.0,0.0,0.0
train,sample_192,data/train/sample_192/Label-T- (32).xlsx,60,62,61.0,0.0,0.0
train,sample_192,data/train/sample_192/Label-T- (32).xlsx,62,64,63.0,0.0,0.0
train,sample_192,data/train/sample_192/Label-T- (32).xlsx,63,65,64.0,0.0,0.0
train,sample_192,data/train/sample_192/Label-T- (32).xlsx,64,66,65.0,0.0,0.0
train,sample_192,data/train/sample_192/Label-T- (32).xlsx,65,67,66.0,0.0,0.0
train,sample_192,data/train/sample_192/Label-T- (32).xlsx,69,71,70.0,0.0,0.0
train,sample_192,data/train/sample_192/Label-T- (32).xlsx,81,83,82.0,0.0,0.0
train,sample_192,data/train/sample_192/Label-T- (32).xlsx,82,84,83.0,0.0,0.0
train,sample_192,data/train/sample_192/Label-T- (32).xlsx,85,87,86.0,0.0,0.0
train,sample_192,data/train/sample_192/Label-T- (32).xlsx,87,89,88.0,0.0,0.0
train,sample_192,data/train/sample_192/Label-T- (32).xlsx,93,95,94.0,0.0,0.0
train,sample_192,data/train/sample_192/Label-T- (32).xlsx,105,107,106.0,0.0,0.0
train,sample_192,data/train/sample_192/Label-T- (32).xlsx,117,119,118.0,0.0,0.0
train,sample_192,data/train/sample_192/Label-T- (32).xlsx,146,148,147.0,0.0,0.0
train,sample_192,data/train/sample_192/Label-T- (32).xlsx,148,150,149.0,0.0,0.0
train,sample_192,data/train/sample_192/Label-T- (32).xlsx,149,151,150.0,0.0,0.0
train,sample_192,data/train/sample_192/Label-T- (32).xlsx,150,152,151.0,0.0,0.0
train,sample_192,data/train/sample_192/Label-T- (32).xlsx,151,153,152.0,0.0,0.0
train,sample_192,data/train/sample_192/Label-T- (32).xlsx,161,163,168.0,0.0,0.0
train,sample_192,data/train/sample_192/Label-T- (32).xlsx,170,172,178.0,0.0,0.0
train,sample_192,data/train/sample_192/Label-T- (32).xlsx,172,174,180.0,0.0,0.0
train,sample_192,data/train/sample_192/Label-T- (32).xlsx,174,176,182.0,0.0,0.0
train,sample_192,data/train/sample_192/Label-T- (32).xlsx,176,178,184.0,0.0,0.0
train,sample_193,data/train/sample_193/Label-T- (35).xlsx,1,3,2.0,0.0,0.0
train,sample_193,data/train/sample_193/Label-T- (35).xlsx,49,51,51.0,0.0,0.0
train,sample_193,data/train/sample_193/Label-T- (35).xlsx,149,151,162.0,0.0,0.0
train,sample_193,data/train/sample_193/Label-T- (35).xlsx,150,152,164.0,0.0,0.0
train,sample_193,data/train/sample_193/Label-T- (35).xlsx,151,153,165.0,0.0,0.0
train,sample_193,data/train/sample_193/Label-T- (35).xlsx,152,154,166.0,0.0,0.0
train,sample_193,data/train/sample_193/Label-T- (35).xlsx,153,155,167.0,0.0,0.0
train,sample_193,data/train/sample_193/Label-T- (35).xlsx,154,156,168.0,0.0,0.0
train,sample_194,data/train/sample_194/Label-T- (36).xlsx,104,106,107.0,0.0,0.0
train,sample_194,data/train/sample_194/Label-T- (36).xlsx,135,137,138.0,0.0,0.0
train,sample_194,data/train/sample_194/Label-T- (36).xlsx,136,138,139.0,0.0,0.0
train,sample_194,data/train/sample_194/Label-T- (36).xlsx,137,139,140.0,0.0,0.0
train,sample_194,data/train/sample_194/Label-T- (36).xlsx,138,140,141.0,0.0,0.0
train,sample_194,data/train/sample_194/Label-T- (36).xlsx,139,141,142.0,0.0,0.0
train,sample_194,data/train/sample_194/Label-T- (36).xlsx,140,142,143.0,0.0,0.0
train,sample_194,data/train/sample_194/Label-T- (36).xlsx,168,170,171.0,0.0,0.0
train,sample_194,data/train/sample_194/Label-T- (36).xlsx,178,180,181.0,0.0,0.0
train,sample_194,data/train/sample_194/Label-T- (36).xlsx,179,181,182.0,0.0,0.0
train,sample_194,data/train/sample_194/Label-T- (36).xlsx,180,182,183.0,0.0,0.0
train,sample_194,data/train/sample_194/Label-T- (36).xlsx,181,183,184.0,0.0,0.0
train,sample_194,data/train/sample_194/Label-T- (36).xlsx,182,184,185.0,0.0,0.0
train,sample_194,data/train/sample_194/Label-T- (36).xlsx,183,185,186.0,0.0,0.0
train,sample_194,data/train/sample_194/Label-T- (36).xlsx,184,186,187.0,0.0,0.0
train,sample_194,data/train/sample_194/Label-T- (36).xlsx,185,187,188.0,0.0,0.0
train,sample_194,data/train/sample_194/Label-T- (36).xlsx,198,200,202.0,0.0,0.0
train,sample_194,data/train/sample_194/Label-T- (36).xlsx,203,205,207.0,0.0,0.0
train,sample_195,data/train/sample_195/Label-T- (38).xlsx,142,144,143.0,0.0,0.0
train,sample_195,data/train/sample_195/Label-T- (38).xlsx,150,152,155.0,0.0,0.0
train,sample_195,data/train/sample_195/Label-T- (38).xlsx,151,153,156.0,0.0,0.0
train,sample_195,data/train/sample_195/Label-T- (38).xlsx,152,154,157.0,0.0,0.0
train,sample_195,data/train/sample_195/Label-T- (38).xlsx,153,155,158.0,0.0,0.0
train,sample_195,data/train/sample_195/Label-T- (38).xlsx,154,156,159.0,0.0,0.0
train,sample_195,data/train/sample_195/Label-T- (38).xlsx,155,157,160.0,0.0,0.0
train,sample_195,data/train/sample_195/Label-T- (38).xlsx,156,158,161.0,0.0,0.0
train,sample_195,data/train/sample_195/Label-T- (38).xlsx,157,159,162.0,0.0,0.0
train,sample_195,data/train/sample_195/Label-T- (38).xlsx,158,160,163.0,0.0,0.0
train,sample_195,data/train/sample_195/Label-T- (38).xlsx,159,161,164.0,0.0,0.0
train,sample_195,data/train/sample_195/Label-T- (38).xlsx,160,162,165.0,0.0,0.0
train,sample_195,data/train/sample_195/Label-T- (38).xlsx,161,163,166.0,0.0,0.0
train,sample_195,data/train/sample_195/Label-T- (38).xlsx,162,164,167.0,0.0,0.0
train,sample_195,data/train/sample_195/Label-T- (38).xlsx,163,165,168.0,0.0,0.0
train,sample_196,data/train/sample_196/Label-T- (39).xlsx,101,103,109.0,0.0,0.0
train,sample_196,data/train/sample_196/Label-T- (39).xlsx,102,104,110.0,0.0,0.0
train,sample_196,data/train/sample_196/Label-T- (39).xlsx,103,105,111.0,0.0,0.0
train,sample_196,data/train/sample_196/Label-T- (39).xlsx,104,106,112.0,0.0,0.0
train,sample_196,data/train/sample_196/Label-T- (39).xlsx,105,107,113.0,0.0,0.0
train,sample_196,data/train/sample_196/Label-T- (39).xlsx,106,108,114.0,0.0,0.0
train,sample_196,data/train/sample_196/Label-T- (39).xlsx,107,109,115.0,0.0,0.0
train,sample_196,data/train/sample_196/Label-T- (39).xlsx,108,110,116.0,0.0,0.0
train,sample_196,data/train/sample_196/Label-T- (39).xlsx,109,111,117.0,0.0,0.0
train,sample_196,data/train/sample_196/Label-T- (39).xlsx,110,112,118.0,0.0,0.0
train,sample_196,data/train/sample_196/Label-T- (39).xlsx,118,120,127.0,0.0,0.0
train,sample_196,data/train/sample_196/Label-T- (39).xlsx,119,121,129.0,0.0,0.0
train,sample_196,data/train/sample_196/Label-T- (39).xlsx,120,122,131.0,0.0,0.0
train,sample_196,data/train/sample_196/Label-T- (39).xlsx,121,123,133.0,0.0,0.0
train,sample_196,data/train/sample_196/Label-T- (39).xlsx,122,124,135.0,0.0,0.0
train,sample_196,data/train/sample_196/Label-T- (39).xlsx,165,167,191.0,0.0,0.0
train,sample_196,data/train/sample_196/Label-T- (39).xlsx,166,168,193.0,0.0,0.0
train,sample_196,data/train/sample_196/Label-T- (39).xlsx,167,169,195.0,0.0,0.0
train,sample_196,data/train/sample_196/Label-T- (39).xlsx,168,170,197.0,0.0,0.0
train,sample_196,data/train/sample_196/Label-T- (39).xlsx,170,172,199.0,0.0,0.0
train,sample_196,data/train/sample_196/Label-T- (39).xlsx,172,174,201.0,0.0,0.0
train,sample_196,data/train/sample_196/Label-T- (39).xlsx,174,176,203.0,0.0,0.0
train,sample_196,data/train/sample_196/Label-T- (39).xlsx,176,178,205.0,0.0,0.0
train,sample_196,data/train/sample_196/Label-T- (39).xlsx,178,180,207.0,0.0,0.0
train,sample_196,data/train/sample_196/Label-T- (39).xlsx,180,182,209.0,0.0,0.0
train,sample_196,data/train/sample_196/Label-T- (39).xlsx,182,184,211.0,0.0,0.0
train,sample_196,data/train/sample_196/Label-T- (39).xlsx,184,186,213.0,0.0,0.0
train,sample_196,data/train/sample_196/Label-T- (39).xlsx,186,188,215.0,0.0,0.0
train,sample_196,data/train/sample_196/Label-T- (39).xlsx,188,190,217.0,0.0,0.0
train,sample_196,data/train/sample_196/Label-T- (39).xlsx,190,192,219.0,0.0,0.0
train,sample_196,data/train/sample_196/Label-T- (39).xlsx,192,194,221.0,0.0,0.0
train,sample_196,data/train/sample_196/Label-T- (39).xlsx,194,196,223.0,0.0,0.0
train,sample_196,data/train/sample_196/Label-T- (39).xlsx,196,198,225.0,0.0,0.0
train,sample_196,data/train/sample_196/Label-T- (39).xlsx,198,200,227.0,0.0,0.0
train,sample_196,data/train/sample_196/Label-T- (39).xlsx,200,202,229.0,0.0,0.0
train,sample_196,data/train/sample_196/Label-T- (39).xlsx,202,204,231.0,0.0,0.0
train,sample_196,data/train/sample_196/Label-T- (39).xlsx,204,206,233.0,0.0,0.0
train,sample_196,data/train/sample_196/Label-T- (39).xlsx,206,208,235.0,0.0,0.0
train,sample_196,data/train/sample_196/Label-T- (39).xlsx,208,210,237.0,0.0,0.0
train,sample_196,data/train/sample_196/Label-T- (39).xlsx,210,212,239.0,0.0,0.0
train,sample_196,data/train/sample_196/Label-T- (39).xlsx,211,213,240.0,0.0,0.0
train,sample_196,data/train/sample_196/Label-T- (39).xlsx,212,214,241.0,0.0,0.0
train,sample_196,data/train/sample_196/Label-T- (39).xlsx,213,215,243.0,0.0,0.0
train,sample_196,data/train/sample_196/Label-T- (39).xlsx,214,216,244.0,0.0,0.0
train,sample_196,data/train/sample_196/Label-T- (39).xlsx,215,217,245.0,0.0,0.0
train,sample_196,data/train/sample_196/Label-T- (39).xlsx,216,218,247.0,0.0,0.0
train,sample_196,data/train/sample_196/Label-T- (39).xlsx,217,219,248.0,0.0,0.0
train,sample_196,data/train/sample_196/Label-T- (39).xlsx,218,220,249.0,0.0,0.0
train,sample_196,data/train/sample_196/Label-T- (39).xlsx,219,221,251.0,0.0,0.0
train,sample_196,data/train/sample_196/Label-T- (39).xlsx,220,222,252.0,0.0,0.0
train,sample_196,data/train/sample_196/Label-T- (39).xlsx,221,223,253.0,0.0,0.0
train,sample_196,data/train/sample_196/Label-T- (39).xlsx,224,226,256.0,0.0,0.0
train,sample_196,data/train/sample_196/Label-T- (39).xlsx,225,227,257.0,0.0,0.0
train,sample_196,data/train/sample_196/Label-T- (39).xlsx,228,230,260.0,0.0,0.0
train,sample_196,data/train/sample_196/Label-T- (39).xlsx,229,231,261.0,0.0,0.0
train,sample_196,data/train/sample_196/Label-T- (39).xlsx,232,234,264.0,0.0,0.0
train,sample_196,data/train/sample_196/Label-T- (39).xlsx,233,235,265.0,0.0,0.0
train,sample_197,data/train/sample_197/Label-T- (4).xlsx,105,107,122.0,0.0,0.0
train,sample_197,data/train/sample_197/Label-T- (4).xlsx,106,108,123.0,0.0,0.0
train,sample_197,data/train/sample_197/Label-T- (4).xlsx,107,109,124.0,0.0,0.0
train,sample_197,data/train/sample_197/Label-T- (4).xlsx,108,110,125.0,0.0,0.0
train,sample_197,data/train/sample_197/Label-T- (4).xlsx,109,111,126.0,0.0,0.0
train,sample_197,data/train/sample_197/Label-T- (4).xlsx,130,132,162.0,0.0,0.0
train,sample_197,data/train/sample_197/Label-T- (4).xlsx,131,133,163.0,0.0,0.0
train,sample_197,data/train/sample_197/Label-T- (4).xlsx,132,134,164.0,0.0,0.0
train,sample_197,data/train/sample_197/Label-T- (4).xlsx,133,135,165.0,0.0,0.0
train,sample_197,data/train/sample_197/Label-T- (4).xlsx,134,136,166.0,0.0,0.0
train,sample_198,data/train/sample_198/Label-T- (40).xlsx,5,7,6.0,0.0,0.0
train,sample_198,data/train/sample_198/Label-T- (40).xlsx,83,85,85.0,0.0,0.0
train,sample_198,data/train/sample_198/Label-T- (40).xlsx,101,103,103.0,0.0,0.0
train,sample_198,data/train/sample_198/Label-T- (40).xlsx,102,104,104.0,0.0,0.0
train,sample_198,data/train/sample_198/Label-T- (40).xlsx,111,113,113.0,0.0,0.0
train,sample_198,data/train/sample_198/Label-T- (40).xlsx,113,115,115.0,0.0,0.0
train,sample_198,data/train/sample_198/Label-T- (40).xlsx,118,120,120.0,0.0,0.0
train,sample_198,data/train/sample_198/Label-T- (40).xlsx,119,121,121.0,0.0,0.0
train,sample_198,data/train/sample_198/Label-T- (40).xlsx,234,236,241.0,0.0,0.0
train,sample_198,data/train/sample_198/Label-T- (40).xlsx,235,237,242.0,0.0,0.0
train,sample_198,data/train/sample_198/Label-T- (40).xlsx,236,238,243.0,0.0,0.0
train,sample_198,data/train/sample_198/Label-T- (40).xlsx,237,239,244.0,0.0,0.0
train,sample_198,data/train/sample_198/Label-T- (40).xlsx,238,240,247.0,0.0,0.0
train,sample_198,data/train/sample_198/Label-T- (40).xlsx,239,241,248.0,0.0,0.0
train,sample_198,data/train/sample_198/Label-T- (40).xlsx,240,242,249.0,0.0,0.0
train,sample_198,data/train/sample_198/Label-T- (40).xlsx,241,243,250.0,0.0,0.0
train,sample_198,data/train/sample_198/Label-T- (40).xlsx,246,248,259.0,0.0,0.0
train,sample_198,data/train/sample_198/Label-T- (40).xlsx,247,249,260.0,0.0,0.0
train,sample_198,data/train/sample_198/Label-T- (40).xlsx,248,250,261.0,0.0,0.0
train,sample_198,data/train/sample_198/Label-T- (40).xlsx,249,251,262.0,0.0,0.0
train,sample_198,data/train/sample_198/Label-T- (40).xlsx,274,276,313.0,0.0,0.0
train,sample_198,data/train/sample_198/Label-T- (40).xlsx,275,277,314.0,0.0,0.0
train,sample_198,data/train/sample_198/Label-T- (40).xlsx,276,278,315.0,0.0,0.0
train,sample_198,data/train/sample_198/Label-T- (40).xlsx,277,279,316.0,0.0,0.0
train,sample_198,data/train/sample_198/Label-T- (40).xlsx,278,280,319.0,0.0,0.0
train,sample_198,data/train/sample_198/Label-T- (40).xlsx,279,281,320.0,0.0,0.0
train,sample_198,data/train/sample_198/Label-T- (40).xlsx,280,282,321.0,0.0,0.0
train,sample_198,data/train/sample_198/Label-T- (40).xlsx,281,283,322.0,0.0,0.0
train,sample_198,data/train/sample_198/Label-T- (40).xlsx,291,293,349.0,0.0,0.0
train,sample_198,data/train/sample_198/Label-T- (40).xlsx,292,294,350.0,0.0,0.0
train,sample_199,data/train/sample_199/Label-T- (41).xlsx,223,225,226.0,0.0,0.0
train,sample_199,data/train/sample_199/Label-T- (41).xlsx,225,227,228.0,0.0,0.0
train,sample_199,data/train/sample_199/Label-T- (41).xlsx,226,228,229.0,0.0,0.0
train,sample_199,data/train/sample_199/Label-T- (41).xlsx,227,229,230.0,0.0,0.0
train,sample_199,data/train/sample_199/Label-T- (41).xlsx,228,230,231.0,0.0,0.0
train,sample_199,data/train/sample_199/Label-T- (41).xlsx,229,231,232.0,0.0,0.0
train,sample_199,data/train/sample_199/Label-T- (41).xlsx,230,232,233.0,0.0,0.0
train,sample_199,data/train/sample_199/Label-T- (41).xlsx,259,261,262.0,0.0,0.0
train,sample_199,data/train/sample_199/Label-T- (41).xlsx,261,263,264.0,0.0,0.0
train,sample_199,data/train/sample_199/Label-T- (41).xlsx,262,264,265.0,0.0,0.0
train,sample_199,data/train/sample_199/Label-T- (41).xlsx,263,265,266.0,0.0,0.0
train,sample_199,data/train/sample_199/Label-T- (41).xlsx,264,266,267.0,0.0,0.0
train,sample_199,data/train/sample_199/Label-T- (41).xlsx,265,267,268.0,0.0,0.0
train,sample_199,data/train/sample_199/Label-T- (41).xlsx,266,268,269.0,0.0,0.0
train,sample_199,data/train/sample_199/Label-T- (41).xlsx,267,269,270.0,0.0,0.0
train,sample_199,data/train/sample_199/Label-T- (41).xlsx,273,275,280.0,0.0,0.0
train,sample_199,data/train/sample_199/Label-T- (41).xlsx,274,276,282.0,0.0,0.0
train,sample_199,data/train/sample_199/Label-T- (41).xlsx,275,277,283.0,0.0,0.0
train,sample_199,data/train/sample_199/Label-T- (41).xlsx,276,278,284.0,0.0,0.0
train,sample_199,data/train/sample_199/Label-T- (41).xlsx,277,279,285.0,0.0,0.0
train,sample_199,data/train/sample_199/Label-T- (41).xlsx,278,280,286.0,0.0,0.0
train,sample_199,data/train/sample_199/Label-T- (41).xlsx,279,281,287.0,0.0,0.0
train,sample_200,data/train/sample_200/Label-T- (44).xlsx,314,316,321.0,0.0,0.0
train,sample_200,data/train/sample_200/Label-T- (44).xlsx,315,317,322.0,0.0,0.0
train,sample_200,data/train/sample_200/Label-T- (44).xlsx,316,318,323.0,0.0,0.0
train,sample_200,data/train/sample_200/Label-T- (44).xlsx,317,319,324.0,0.0,0.0
train,sample_200,data/train/sample_200/Label-T- (44).xlsx,318,320,325.0,0.0,0.0
train,sample_200,data/train/sample_200/Label-T- (44).xlsx,319,321,326.0,0.0,0.0
train,sample_200,data/train/sample_200/Label-T- (44).xlsx,320,322,327.0,0.0,0.0
train,sample_200,data/train/sample_200/Label-T- (44).xlsx,322,324,329.0,0.0,0.0
train,sample_200,data/train/sample_200/Label-T- (44).xlsx,323,325,330.0,0.0,0.0
train,sample_200,data/train/sample_200/Label-T- (44).xlsx,324,326,331.0,0.0,0.0
train,sample_200,data/train/sample_200/Label-T- (44).xlsx,325,327,332.0,0.0,0.0
train,sample_200,data/train/sample_200/Label-T- (44).xlsx,326,328,333.0,0.0,0.0
train,sample_200,data/train/sample_200/Label-T- (44).xlsx,327,329,334.0,0.0,0.0
train,sample_200,data/train/sample_200/Label-T- (44).xlsx,328,330,335.0,0.0,0.0
train,sample_200,data/train/sample_200/Label-T- (44).xlsx,329,331,337.0,0.0,0.0
train,sample_200,data/train/sample_200/Label-T- (44).xlsx,330,332,338.0,0.0,0.0
train,sample_200,data/train/sample_200/Label-T- (44).xlsx,331,333,339.0,0.0,0.0
train,sample_200,data/train/sample_200/Label-T- (44).xlsx,332,334,340.0,0.0,0.0
train,sample_200,data/train/sample_200/Label-T- (44).xlsx,333,335,341.0,0.0,0.0
train,sample_200,data/train/sample_200/Label-T- (44).xlsx,334,336,342.0,0.0,0.0
train,sample_200,data/train/sample_200/Label-T- (44).xlsx,335,337,343.0,0.0,0.0
train,sample_200,data/train/sample_200/Label-T- (44).xlsx,375,377,385.0,0.0,0.0
train,sample_200,data/train/sample_200/Label-T- (44).xlsx,376,378,386.0,0.0,0.0
train,sample_200,data/train/sample_200/Label-T- (44).xlsx,377,379,387.0,0.0,0.0
train,sample_200,data/train/sample_200/Label-T- (44).xlsx,378,380,388.0,0.0,0.0
train,sample_200,data/train/sample_200/Label-T- (44).xlsx,379,381,389.0,0.0,0.0
train,sample_200,data/train/sample_200/Label-T- (44).xlsx,380,382,390.0,0.0,0.0
train,sample_200,data/train/sample_200/Label-T- (44).xlsx,381,383,391.0,0.0,0.0
train,sample_200,data/train/sample_200/Label-T- (44).xlsx,382,384,392.0,0.0,0.0
train,sample_200,data/train/sample_200/Label-T- (44).xlsx,399,401,409.0,0.0,0.0
train,sample_200,data/train/sample_200/Label-T- (44).xlsx,400,402,410.0,0.0,0.0
train,sample_200,data/train/sample_200/Label-T- (44).xlsx,401,403,411.0,0.0,0.0
train,sample_200,data/train/sample_200/Label-T- (44).xlsx,402,404,412.0,0.0,0.0
train,sample_200,data/train/sample_200/Label-T- (44).xlsx,403,405,413.0,0.0,0.0
train,sample_200,data/train/sample_200/Label-T- (44).xlsx,404,406,414.0,0.0,0.0
train,sample_200,data/train/sample_200/Label-T- (44).xlsx,405,407,415.0,0.0,0.0
train,sample_200,data/train/sample_200/Label-T- (44).xlsx,406,408,416.0,0.0,0.0
train,sample_201,data/train/sample_201/Label-T- (45).xlsx,163,165,190.0,0.0,0.0
train,sample_201,data/train/sample_201/Label-T- (45).xlsx,164,166,191.0,0.0,0.0
train,sample_201,data/train/sample_201/Label-T- (45).xlsx,165,167,192.0,0.0,0.0
train,sample_201,data/train/sample_201/Label-T- (45).xlsx,166,168,193.0,0.0,0.0
train,sample_201,data/train/sample_201/Label-T- (45).xlsx,167,169,194.0,0.0,0.0
train,sample_201,data/train/sample_201/Label-T- (45).xlsx,168,170,195.0,0.0,0.0
train,sample_201,data/train/sample_201/Label-T- (45).xlsx,169,171,196.0,0.0,0.0
train,sample_201,data/train/sample_201/Label-T- (45).xlsx,194,196,240.0,0.0,0.0
train,sample_202,data/train/sample_202/Label-T- (46).xlsx,98,100,190.0,0.0,0.0
train,sample_203,data/train/sample_203/Label-T- (48).xlsx,120,122,121.0,0.0,0.0
train,sample_203,data/train/sample_203/Label-T- (48).xlsx,121,123,122.0,0.0,0.0
train,sample_203,data/train/sample_203/Label-T- (48).xlsx,122,124,123.0,0.0,0.0
train,sample_203,data/train/sample_203/Label-T- (48).xlsx,123,125,124.0,0.0,0.0
train,sample_203,data/train/sample_203/Label-T- (48).xlsx,124,126,125.0,0.0,0.0
train,sample_203,data/train/sample_203/Label-T- (48).xlsx,125,127,126.0,0.0,0.0
train,sample_203,data/train/sample_203/Label-T- (48).xlsx,126,128,127.0,0.0,0.0
train,sample_203,data/train/sample_203/Label-T- (48).xlsx,128,130,129.0,0.0,0.0
train,sample_203,data/train/sample_203/Label-T- (48).xlsx,129,131,130.0,0.0,0.0
train,sample_203,data/train/sample_203/Label-T- (48).xlsx,130,132,131.0,0.0,0.0
train,sample_203,data/train/sample_203/Label-T- (48).xlsx,131,133,132.0,0.0,0.0
train,sample_203,data/train/sample_203/Label-T- (48).xlsx,132,134,133.0,0.0,0.0
train,sample_203,data/train/sample_203/Label-T- (48).xlsx,133,135,134.0,0.0,0.0
train,sample_203,data/train/sample_203/Label-T- (48).xlsx,134,136,135.0,0.0,0.0
train,sample_203,data/train/sample_203/Label-T- (48).xlsx,152,154,153.0,0.0,0.0
train,sample_203,data/train/sample_203/Label-T- (48).xlsx,153,155,154.0,0.0,0.0
train,sample_203,data/train/sample_203/Label-T- (48).xlsx,154,156,155.0,0.0,0.0
train,sample_203,data/train/sample_203/Label-T- (48).xlsx,155,157,156.0,0.0,0.0
train,sample_203,data/train/sample_203/Label-T- (48).xlsx,156,158,157.0,0.0,0.0
train,sample_203,data/train/sample_203/Label-T- (48).xlsx,157,159,158.0,0.0,0.0
train,sample_203,data/train/sample_203/Label-T- (48).xlsx,158,160,159.0,0.0,0.0
train,sample_203,data/train/sample_203/Label-T- (48).xlsx,159,161,160.0,0.0,0.0
train,sample_203,data/train/sample_203/Label-T- (48).xlsx,168,170,169.0,0.0,0.0
train,sample_203,data/train/sample_203/Label-T- (48).xlsx,169,171,170.0,0.0,0.0
train,sample_203,data/train/sample_203/Label-T- (48).xlsx,170,172,171.0,0.0,0.0
train,sample_203,data/train/sample_203/Label-T- (48).xlsx,171,173,172.0,0.0,0.0
train,sample_203,data/train/sample_203/Label-T- (48).xlsx,172,174,173.0,0.0,0.0
train,sample_203,data/train/sample_203/Label-T- (48).xlsx,173,175,174.0,0.0,0.0
train,sample_203,data/train/sample_203/Label-T- (48).xlsx,234,236,235.0,0.0,0.0
train,sample_203,data/train/sample_203/Label-T- (48).xlsx,235,237,236.0,0.0,0.0
train,sample_203,data/train/sample_203/Label-T- (48).xlsx,247,249,254.0,0.0,0.0
train,sample_203,data/train/sample_203/Label-T- (48).xlsx,320,322,369.0,0.0,0.0
train,sample_203,data/train/sample_203/Label-T- (48).xlsx,321,323,370.0,0.0,0.0
train,sample_203,data/train/sample_203/Label-T- (48).xlsx,322,324,371.0,0.0,0.0
train,sample_203,data/train/sample_203/Label-T- (48).xlsx,323,325,372.0,0.0,0.0
train,sample_203,data/train/sample_203/Label-T- (48).xlsx,324,326,373.0,0.0,0.0
train,sample_203,data/train/sample_203/Label-T- (48).xlsx,325,327,374.0,0.0,0.0
train,sample_203,data/train/sample_203/Label-T- (48).xlsx,326,328,375.0,0.0,0.0
train,sample_203,data/train/sample_203/Label-T- (48).xlsx,432,434,545.0,0.0,0.0
train,sample_203,data/train/sample_203/Label-T- (48).xlsx,433,435,546.0,0.0,0.0
train,sample_203,data/train/sample_203/Label-T- (48).xlsx,434,436,547.0,0.0,0.0
train,sample_203,data/train/sample_203/Label-T- (48).xlsx,435,437,548.0,0.0,0.0
train,sample_203,data/train/sample_203/Label-T- (48).xlsx,436,438,549.0,0.0,0.0
train,sample_203,data/train/sample_203/Label-T- (48).xlsx,437,439,550.0,0.0,0.0
train,sample_203,data/train/sample_203/Label-T- (48).xlsx,438,440,551.0,0.0,0.0
train,sample_203,data/train/sample_203/Label-T- (48).xlsx,439,441,553.0,0.0,0.0
train,sample_203,data/train/sample_203/Label-T- (48).xlsx,440,442,554.0,0.0,0.0
train,sample_203,data/train/sample_203/Label-T- (48).xlsx,441,443,555.0,0.0,0.0
train,sample_203,data/train/sample_203/Label-T- (48).xlsx,442,444,556.0,0.0,0.0
train,sample_203,data/train/sample_203/Label-T- (48).xlsx,443,445,557.0,0.0,0.0
train,sample_203,data/train/sample_203/Label-T- (48).xlsx,444,446,558.0,0.0,0.0
train,sample_203,data/train/sample_203/Label-T- (48).xlsx,445,447,559.0,0.0,0.0
train,sample_203,data/train/sample_203/Label-T- (48).xlsx,446,448,561.0,0.0,0.0
train,sample_203,data/train/sample_203/Label-T- (48).xlsx,447,449,562.0,0.0,0.0
train,sample_203,data/train/sample_203/Label-T- (48).xlsx,448,450,563.0,0.0,0.0
train,sample_203,data/train/sample_203/Label-T- (48).xlsx,449,451,564.0,0.0,0.0
train,sample_203,data/train/sample_203/Label-T- (48).xlsx,450,452,565.0,0.0,0.0
train,sample_203,data/train/sample_203/Label-T- (48).xlsx,451,453,566.0,0.0,0.0
train,sample_203,data/train/sample_203/Label-T- (48).xlsx,452,454,567.0,0.0,0.0
train,sample_203,data/train/sample_203/Label-T- (48).xlsx,469,471,601.0,0.0,0.0
train,sample_203,data/train/sample_203/Label-T- (48).xlsx,470,472,603.0,0.0,0.0
train,sample_203,data/train/sample_203/Label-T- (48).xlsx,471,473,605.0,0.0,0.0
train,sample_203,data/train/sample_203/Label-T- (48).xlsx,472,474,607.0,0.0,0.0
train,sample_203,data/train/sample_203/Label-T- (48).xlsx,473,475,609.0,0.0,0.0
train,sample_203,data/train/sample_203/Label-T- (48).xlsx,474,476,611.0,0.0,0.0
train,sample_203,data/train/sample_203/Label-T- (48).xlsx,475,477,613.0,0.0,0.0
train,sample_203,data/train/sample_203/Label-T- (48).xlsx,476,478,617.0,0.0,0.0
train,sample_203,data/train/sample_203/Label-T- (48).xlsx,477,479,619.0,0.0,0.0
train,sample_203,data/train/sample_203/Label-T- (48).xlsx,478,480,621.0,0.0,0.0
train,sample_203,data/train/sample_203/Label-T- (48).xlsx,479,481,623.0,0.0,0.0
train,sample_203,data/train/sample_203/Label-T- (48).xlsx,480,482,625.0,0.0,0.0
train,sample_203,data/train/sample_203/Label-T- (48).xlsx,481,483,627.0,0.0,0.0
train,sample_203,data/train/sample_203/Label-T- (48).xlsx,482,484,629.0,0.0,0.0
train,sample_204,data/train/sample_204/Label-T- (5).xlsx,65,67,68.0,0.0,0.0
train,sample_204,data/train/sample_204/Label-T- (5).xlsx,82,84,85.0,0.0,0.0
train,sample_204,data/train/sample_204/Label-T- (5).xlsx,97,99,101.0,0.0,0.0
train,sample_204,data/train/sample_204/Label-T- (5).xlsx,98,100,102.0,0.0,0.0
train,sample_204,data/train/sample_204/Label-T- (5).xlsx,99,101,103.0,0.0,0.0
train,sample_204,data/train/sample_204/Label-T- (5).xlsx,100,102,104.0,0.0,0.0
train,sample_204,data/train/sample_204/Label-T- (5).xlsx,102,104,106.0,0.0,0.0
train,sample_204,data/train/sample_204/Label-T- (5).xlsx,103,105,107.0,0.0,0.0
train,sample_204,data/train/sample_204/Label-T- (5).xlsx,104,106,108.0,0.0,0.0
train,sample_204,data/train/sample_204/Label-T- (5).xlsx,106,108,110.0,0.0,0.0
train,sample_206,data/train/sample_206/Label-T- (6).xlsx,180,182,181.0,0.0,0.0
train,sample_206,data/train/sample_206/Label-T- (6).xlsx,181,183,182.0,0.0,0.0
train,sample_206,data/train/sample_206/Label-T- (6).xlsx,182,184,183.0,0.0,0.0
train,sample_206,data/train/sample_206/Label-T- (6).xlsx,183,185,184.0,0.0,0.0
train,sample_206,data/train/sample_206/Label-T- (6).xlsx,184,186,185.0,0.0,0.0
train,sample_206,data/train/sample_206/Label-T- (6).xlsx,185,187,186.0,0.0,0.0
train,sample_206,data/train/sample_206/Label-T- (6).xlsx,186,188,187.0,0.0,0.0
train,sample_206,data/train/sample_206/Label-T- (6).xlsx,187,189,188.0,0.0,0.0
train,sample_206,data/train/sample_206/Label-T- (6).xlsx,261,263,262.0,0.0,0.0
train,sample_206,data/train/sample_206/Label-T- (6).xlsx,262,264,263.0,0.0,0.0
train,sample_206,data/train/sample_206/Label-T- (6).xlsx,263,265,264.0,0.0,0.0
train,sample_206,data/train/sample_206/Label-T- (6).xlsx,264,266,265.0,0.0,0.0
train,sample_206,data/train/sample_206/Label-T- (6).xlsx,265,267,266.0,0.0,0.0
train,sample_206,data/train/sample_206/Label-T- (6).xlsx,266,268,267.0,0.0,0.0
train,sample_206,data/train/sample_206/Label-T- (6).xlsx,267,269,268.0,0.0,0.0
train,sample_206,data/train/sample_206/Label-T- (6).xlsx,268,270,269.0,0.0,0.0
train,sample_206,data/train/sample_206/Label-T- (6).xlsx,279,281,280.0,0.0,0.0
train,sample_206,data/train/sample_206/Label-T- (6).xlsx,280,282,281.0,0.0,0.0
train,sample_206,data/train/sample_206/Label-T- (6).xlsx,281,283,282.0,0.0,0.0
train,sample_206,data/train/sample_206/Label-T- (6).xlsx,282,284,283.0,0.0,0.0
train,sample_206,data/train/sample_206/Label-T- (6).xlsx,283,285,284.0,0.0,0.0
train,sample_206,data/train/sample_206/Label-T- (6).xlsx,284,286,285.0,0.0,0.0
train,sample_206,data/train/sample_206/Label-T- (6).xlsx,285,287,286.0,0.0,0.0
train,sample_206,data/train/sample_206/Label-T- (6).xlsx,286,288,287.0,0.0,0.0
train,sample_206,data/train/sample_206/Label-T- (6).xlsx,297,299,298.0,0.0,0.0
train,sample_206,data/train/sample_206/Label-T- (6).xlsx,298,300,299.0,0.0,0.0
train,sample_206,data/train/sample_206/Label-T- (6).xlsx,299,301,300.0,0.0,0.0
train,sample_206,data/train/sample_206/Label-T- (6).xlsx,300,302,301.0,0.0,0.0
train,sample_206,data/train/sample_206/Label-T- (6).xlsx,301,303,302.0,0.0,0.0
train,sample_206,data/train/sample_206/Label-T- (6).xlsx,302,304,303.0,0.0,0.0
train,sample_206,data/train/sample_206/Label-T- (6).xlsx,303,305,304.0,0.0,0.0
train,sample_206,data/train/sample_206/Label-T- (6).xlsx,304,306,305.0,0.0,0.0
train,sample_206,data/train/sample_206/Label-T- (6).xlsx,447,449,451.0,0.0,0.0
train,sample_206,data/train/sample_206/Label-T- (6).xlsx,448,450,452.0,0.0,0.0
train,sample_206,data/train/sample_206/Label-T- (6).xlsx,449,451,453.0,0.0,0.0
train,sample_206,data/train/sample_206/Label-T- (6).xlsx,450,452,454.0,0.0,0.0
train,sample_206,data/train/sample_206/Label-T- (6).xlsx,451,453,455.0,0.0,0.0
train,sample_206,data/train/sample_206/Label-T- (6).xlsx,452,454,456.0,0.0,0.0
train,sample_206,data/train/sample_206/Label-T- (6).xlsx,453,455,457.0,0.0,0.0
train,sample_206,data/train/sample_206/Label-T- (6).xlsx,454,456,458.0,0.0,0.0
train,sample_206,data/train/sample_206/Label-T- (6).xlsx,455,457,459.0,0.0,0.0
train,sample_206,data/train/sample_206/Label-T- (6).xlsx,457,459,461.0,0.0,0.0
train,sample_206,data/train/sample_206/Label-T- (6).xlsx,459,461,463.0,0.0,0.0
train,sample_206,data/train/sample_206/Label-T- (6).xlsx,461,463,465.0,0.0,0.0
train,sample_206,data/train/sample_206/Label-T- (6).xlsx,463,465,467.0,0.0,0.0
train,sample_206,data/train/sample_206/Label-T- (6).xlsx,465,467,469.0,0.0,0.0
train,sample_206,data/train/sample_206/Label-T- (6).xlsx,467,469,471.0,0.0,0.0
train,sample_206,data/train/sample_206/Label-T- (6).xlsx,469,471,473.0,0.0,0.0
train,sample_206,data/train/sample_206/Label-T- (6).xlsx,471,473,475.0,0.0,0.0
train,sample_206,data/train/sample_206/Label-T- (6).xlsx,474,476,478.0,0.0,0.0
train,sample_206,data/train/sample_206/Label-T- (6).xlsx,476,478,480.0,0.0,0.0
train,sample_206,data/train/sample_206/Label-T- (6).xlsx,478,480,482.0,0.0,0.0
train,sample_206,data/train/sample_206/Label-T- (6).xlsx,480,482,484.0,0.0,0.0
train,sample_206,data/train/sample_206/Label-T- (6).xlsx,482,484,486.0,0.0,0.0
train,sample_206,data/train/sample_206/Label-T- (6).xlsx,484,486,488.0,0.0,0.0
train,sample_206,data/train/sample_206/Label-T- (6).xlsx,486,488,490.0,0.0,0.0
train,sample_206,data/train/sample_206/Label-T- (6).xlsx,488,490,492.0,0.0,0.0
train,sample_206,data/train/sample_206/Label-T- (6).xlsx,491,493,496.0,0.0,0.0
train,sample_206,data/train/sample_206/Label-T- (6).xlsx,492,494,497.0,0.0,0.0
train,sample_206,data/train/sample_206/Label-T- (6).xlsx,493,495,498.0,0.0,0.0
train,sample_206,data/train/sample_206/Label-T- (6).xlsx,494,496,499.0,0.0,0.0
train,sample_206,data/train/sample_206/Label-T- (6).xlsx,495,497,500.0,0.0,0.0
train,sample_206,data/train/sample_206/Label-T- (6).xlsx,496,498,501.0,0.0,0.0
train,sample_206,data/train/sample_206/Label-T- (6).xlsx,497,499,502.0,0.0,0.0
train,sample_206,data/train/sample_206/Label-T- (6).xlsx,498,500,503.0,0.0,0.0
train,sample_206,data/train/sample_206/Label-T- (6).xlsx,499,501,514.0,0.0,0.0
train,sample_206,data/train/sample_206/Label-T- (6).xlsx,500,502,515.0,0.0,0.0
train,sample_206,data/train/sample_206/Label-T- (6).xlsx,501,503,516.0,0.0,0.0
train,sample_206,data/train/sample_206/Label-T- (6).xlsx,502,504,517.0,0.0,0.0
train,sample_206,data/train/sample_206/Label-T- (6).xlsx,503,505,518.0,0.0,0.0
train,sample_206,data/train/sample_206/Label-T- (6).xlsx,504,506,519.0,0.0,0.0
train,sample_206,data/train/sample_206/Label-T- (6).xlsx,505,507,520.0,0.0,0.0
train,sample_206,data/train/sample_206/Label-T- (6).xlsx,506,508,521.0,0.0,0.0
train,sample_206,data/train/sample_206/Label-T- (6).xlsx,515,517,550.0,0.0,0.0
train,sample_206,data/train/sample_206/Label-T- (6).xlsx,516,518,551.0,0.0,0.0
train,sample_206,data/train/sample_206/Label-T- (6).xlsx,517,519,552.0,0.0,0.0
train,sample_206,data/train/sample_206/Label-T- (6).xlsx,518,520,553.0,0.0,0.0
train,sample_206,data/train/sample_206/Label-T- (6).xlsx,519,521,554.0,0.0,0.0
train,sample_206,data/train/sample_206/Label-T- (6).xlsx,520,522,555.0,0.0,0.0
train,sample_206,data/train/sample_206/Label-T- (6).xlsx,521,523,556.0,0.0,0.0
train,sample_206,data/train/sample_206/Label-T- (6).xlsx,522,524,557.0,0.0,0.0
train,sample_206,data/train/sample_206/Label-T- (6).xlsx,523,525,559.0,0.0,0.0
train,sample_206,data/train/sample_206/Label-T- (6).xlsx,524,526,560.0,0.0,0.0
train,sample_206,data/train/sample_206/Label-T- (6).xlsx,525,527,561.0,0.0,0.0
train,sample_206,data/train/sample_206/Label-T- (6).xlsx,526,528,562.0,0.0,0.0
train,sample_206,data/train/sample_206/Label-T- (6).xlsx,527,529,563.0,0.0,0.0
train,sample_206,data/train/sample_206/Label-T- (6).xlsx,528,530,564.0,0.0,0.0
train,sample_206,data/train/sample_206/Label-T- (6).xlsx,529,531,565.0,0.0,0.0
train,sample_206,data/train/sample_206/Label-T- (6).xlsx,530,532,566.0,0.0,0.0
train,sample_206,data/train/sample_206/Label-T- (6).xlsx,547,549,586.0,0.0,0.0
train,sample_206,data/train/sample_206/Label-T- (6).xlsx,548,550,587.0,0.0,0.0
train,sample_206,data/train/sample_206/Label-T- (6).xlsx,549,551,588.0,0.0,0.0
train,sample_206,data/train/sample_206/Label-T- (6).xlsx,550,552,589.0,0.0,0.0
train,sample_206,data/train/sample_206/Label-T- (6).xlsx,551,553,590.0,0.0,0.0
train,sample_206,data/train/sample_206/Label-T- (6).xlsx,552,554,591.0,0.0,0.0
train,sample_206,data/train/sample_206/Label-T- (6).xlsx,553,555,592.0,0.0,0.0
train,sample_206,data/train/sample_206/Label-T- (6).xlsx,554,556,593.0,0.0,0.0
train,sample_206,data/train/sample_206/Label-T- (6).xlsx,555,557,595.0,0.0,0.0
train,sample_206,data/train/sample_206/Label-T- (6).xlsx,556,558,597.0,0.0,0.0
train,sample_206,data/train/sample_206/Label-T- (6).xlsx,557,559,599.0,0.0,0.0
train,sample_206,data/train/sample_206/Label-T- (6).xlsx,558,560,601.0,0.0,0.0
train,sample_206,data/train/sample_206/Label-T- (6).xlsx,559,561,603.0,0.0,0.0
train,sample_206,data/train/sample_206/Label-T- (6).xlsx,560,562,605.0,0.0,0.0
train,sample_206,data/train/sample_206/Label-T- (6).xlsx,561,563,607.0,0.0,0.0
train,sample_206,data/train/sample_206/Label-T- (6).xlsx,562,564,609.0,0.0,0.0
train,sample_207,data/train/sample_207/Label-T- (7).xlsx,62,64,63.0,0.0,0.0
train,sample_207,data/train/sample_207/Label-T- (7).xlsx,63,65,64.0,0.0,0.0
train,sample_207,data/train/sample_207/Label-T- (7).xlsx,64,66,65.0,0.0,0.0
train,sample_207,data/train/sample_207/Label-T- (7).xlsx,85,87,86.0,0.0,0.0
train,sample_207,data/train/sample_207/Label-T- (7).xlsx,88,90,89.0,0.0,0.0
train,sample_207,data/train/sample_207/Label-T- (7).xlsx,102,104,103.0,0.0,0.0
train,sample_207,data/train/sample_207/Label-T- (7).xlsx,103,105,104.0,0.0,0.0
train,sample_207,data/train/sample_207/Label-T- (7).xlsx,104,106,105.0,0.0,0.0
train,sample_207,data/train/sample_207/Label-T- (7).xlsx,116,118,117.0,0.0,0.0
train,sample_207,data/train/sample_207/Label-T- (7).xlsx,118,120,119.0,0.0,0.0
train,sample_207,data/train/sample_207/Label-T- (7).xlsx,162,164,163.0,0.0,0.0
train,sample_207,data/train/sample_207/Label-T- (7).xlsx,163,165,164.0,0.0,0.0
train,sample_207,data/train/sample_207/Label-T- (7).xlsx,164,166,165.0,0.0,0.0
train,sample_207,data/train/sample_207/Label-T- (7).xlsx,176,178,177.0,0.0,0.0
train,sample_207,data/train/sample_207/Label-T- (7).xlsx,178,180,179.0,0.0,0.0
train,sample_207,data/train/sample_207/Label-T- (7).xlsx,222,224,223.0,0.0,0.0
train,sample_207,data/train/sample_207/Label-T- (7).xlsx,223,225,224.0,0.0,0.0
train,sample_207,data/train/sample_207/Label-T- (7).xlsx,224,226,225.0,0.0,0.0
train,sample_207,data/train/sample_207/Label-T- (7).xlsx,236,238,237.0,0.0,0.0
train,sample_207,data/train/sample_207/Label-T- (7).xlsx,238,240,239.0,0.0,0.0
train,sample_207,data/train/sample_207/Label-T- (7).xlsx,282,284,283.0,0.0,0.0
train,sample_207,data/train/sample_207/Label-T- (7).xlsx,283,285,284.0,0.0,0.0
train,sample_207,data/train/sample_207/Label-T- (7).xlsx,284,286,285.0,0.0,0.0
train,sample_207,data/train/sample_207/Label-T- (7).xlsx,296,298,297.0,0.0,0.0
train,sample_207,data/train/sample_207/Label-T- (7).xlsx,298,300,299.0,0.0,0.0
train,sample_207,data/train/sample_207/Label-T- (7).xlsx,342,344,343.0,0.0,0.0
train,sample_207,data/train/sample_207/Label-T- (7).xlsx,343,345,344.0,0.0,0.0
train,sample_207,data/train/sample_207/Label-T- (7).xlsx,344,346,345.0,0.0,0.0
train,sample_207,data/train/sample_207/Label-T- (7).xlsx,356,358,357.0,0.0,0.0
train,sample_207,data/train/sample_207/Label-T- (7).xlsx,358,360,359.0,0.0,0.0
train,sample_207,data/train/sample_207/Label-T- (7).xlsx,402,404,403.0,0.0,0.0
train,sample_207,data/train/sample_207/Label-T- (7).xlsx,403,405,404.0,0.0,0.0
train,sample_207,data/train/sample_207/Label-T- (7).xlsx,404,406,405.0,0.0,0.0
train,sample_207,data/train/sample_207/Label-T- (7).xlsx,416,418,417.0,0.0,0.0
train,sample_207,data/train/sample_207/Label-T- (7).xlsx,418,420,419.0,0.0,0.0
train,sample_207,data/train/sample_207/Label-T- (7).xlsx,462,464,463.0,0.0,0.0
train,sample_207,data/train/sample_207/Label-T- (7).xlsx,463,465,464.0,0.0,0.0
train,sample_207,data/train/sample_207/Label-T- (7).xlsx,464,466,465.0,0.0,0.0
train,sample_207,data/train/sample_207/Label-T- (7).xlsx,476,478,477.0,0.0,0.0
train,sample_207,data/train/sample_207/Label-T- (7).xlsx,478,480,479.0,0.0,0.0
train,sample_207,data/train/sample_207/Label-T- (7).xlsx,527,529,537.0,0.0,0.0
train,sample_208,data/train/sample_208/Label-T- (8).xlsx,130,132,141.0,0.0,0.0
train,sample_208,data/train/sample_208/Label-T- (8).xlsx,131,133,142.0,0.0,0.0
train,sample_208,data/train/sample_208/Label-T- (8).xlsx,132,134,143.0,0.0,0.0
train,sample_208,data/train/sample_208/Label-T- (8).xlsx,133,135,144.0,0.0,0.0
train,sample_208,data/train/sample_208/Label-T- (8).xlsx,134,136,145.0,0.0,0.0
train,sample_208,data/train/sample_208/Label-T- (8).xlsx,135,137,146.0,0.0,0.0
train,sample_208,data/train/sample_208/Label-T- (8).xlsx,136,138,147.0,0.0,0.0
train,sample_208,data/train/sample_208/Label-T- (8).xlsx,137,139,148.0,0.0,0.0
train,sample_208,data/train/sample_208/Label-T- (8).xlsx,165,167,176.0,0.0,0.0
train,sample_208,data/train/sample_208/Label-T- (8).xlsx,167,169,178.0,0.0,0.0
train,sample_208,data/train/sample_208/Label-T- (8).xlsx,168,170,179.0,0.0,0.0
train,sample_208,data/train/sample_208/Label-T- (8).xlsx,170,172,181.0,0.0,0.0
train,sample_208,data/train/sample_208/Label-T- (8).xlsx,171,173,182.0,0.0,0.0
train,sample_208,data/train/sample_208/Label-T- (8).xlsx,173,175,184.0,0.0,0.0
train,sample_208,data/train/sample_208/Label-T- (8).xlsx,174,176,185.0,0.0,0.0
train,sample_208,data/train/sample_208/Label-T- (8).xlsx,176,178,187.0,0.0,0.0
train,sample_209,data/train/sample_209/Label-T-37.xlsx,118,120,121.0,0.0,0.0
train,sample_209,data/train/sample_209/Label-T-37.xlsx,145,147,148.0,0.0,0.0
train,sample_209,data/train/sample_209/Label-T-37.xlsx,147,149,150.0,0.0,0.0
train,sample_209,data/train/sample_209/Label-T-37.xlsx,153,155,156.0,0.0,0.0
train,sample_209,data/train/sample_209/Label-T-37.xlsx,155,157,158.0,0.0,0.0
train,sample_209,data/train/sample_209/Label-T-37.xlsx,161,163,164.0,0.0,0.0
train,sample_209,data/train/sample_209/Label-T-37.xlsx,162,164,165.0,0.0,0.0
train,sample_209,data/train/sample_209/Label-T-37.xlsx,163,165,166.0,0.0,0.0
train,sample_209,data/train/sample_209/Label-T-37.xlsx,173,175,176.0,0.0,0.0
train,sample_209,data/train/sample_209/Label-T-37.xlsx,174,176,177.0,0.0,0.0
train,sample_209,data/train/sample_209/Label-T-37.xlsx,176,178,179.0,0.0,0.0
train,sample_209,data/train/sample_209/Label-T-37.xlsx,178,180,181.0,0.0,0.0
train,sample_209,data/train/sample_209/Label-T-37.xlsx,179,181,182.0,0.0,0.0
train,sample_209,data/train/sample_209/Label-T-37.xlsx,181,183,184.0,0.0,0.0
train,sample_209,data/train/sample_209/Label-T-37.xlsx,183,185,186.0,0.0,0.0
train,sample_209,data/train/sample_209/Label-T-37.xlsx,184,186,187.0,0.0,0.0
train,sample_209,data/train/sample_209/Label-T-37.xlsx,186,188,189.0,0.0,0.0
train,sample_209,data/train/sample_209/Label-T-37.xlsx,188,190,191.0,0.0,0.0
train,sample_209,data/train/sample_209/Label-T-37.xlsx,189,191,192.0,0.0,0.0
train,sample_209,data/train/sample_209/Label-T-37.xlsx,191,193,194.0,0.0,0.0
train,sample_209,data/train/sample_209/Label-T-37.xlsx,193,195,196.0,0.0,0.0
train,sample_209,data/train/sample_209/Label-T-37.xlsx,194,196,197.0,0.0,0.0
train,sample_209,data/train/sample_209/Label-T-37.xlsx,196,198,199.0,0.0,0.0
train,sample_209,data/train/sample_209/Label-T-37.xlsx,198,200,201.0,0.0,0.0
train,sample_209,data/train/sample_209/Label-T-37.xlsx,199,201,202.0,0.0,0.0
train,sample_21,data/train/sample_21/Label-326 mohammadi ejjjjjj.xlsx,25,27,26.0,0.0,0.0
train,sample_21,data/train/sample_21/Label-326 mohammadi ejjjjjj.xlsx,26,28,27.0,0.0,0.0
train,sample_21,data/train/sample_21/Label-326 mohammadi ejjjjjj.xlsx,27,29,28.0,0.0,0.0
train,sample_21,data/train/sample_21/Label-326 mohammadi ejjjjjj.xlsx,28,30,29.0,0.0,0.0
train,sample_21,data/train/sample_21/Label-326 mohammadi ejjjjjj.xlsx,29,31,30.0,0.0,0.0
train,sample_21,data/train/sample_21/Label-326 mohammadi ejjjjjj.xlsx,30,32,31.0,0.0,0.0
train,sample_21,data/train/sample_21/Label-326 mohammadi ejjjjjj.xlsx,31,33,32.0,0.0,0.0
train,sample_21,data/train/sample_21/Label-326 mohammadi ejjjjjj.xlsx,32,34,33.0,0.0,0.0
train,sample_21,data/train/sample_21/Label-326 mohammadi ejjjjjj.xlsx,33,35,34.0,0.0,0.0
train,sample_21,data/train/sample_21/Label-326 mohammadi ejjjjjj.xlsx,34,36,35.0,0.0,0.0
train,sample_21,data/train/sample_21/Label-326 mohammadi ejjjjjj.xlsx,205,207,206.0,0.0,0.0
train,sample_21,data/train/sample_21/Label-326 mohammadi ejjjjjj.xlsx,206,208,207.0,0.0,0.0
train,sample_21,data/train/sample_21/Label-326 mohammadi ejjjjjj.xlsx,207,209,208.0,0.0,0.0
train,sample_21,data/train/sample_21/Label-326 mohammadi ejjjjjj.xlsx,208,210,209.0,0.0,0.0
train,sample_21,data/train/sample_21/Label-326 mohammadi ejjjjjj.xlsx,209,211,210.0,0.0,0.0
train,sample_21,data/train/sample_21/Label-326 mohammadi ejjjjjj.xlsx,210,212,211.0,0.0,0.0
train,sample_21,data/train/sample_21/Label-326 mohammadi ejjjjjj.xlsx,211,213,212.0,0.0,0.0
train,sample_21,data/train/sample_21/Label-326 mohammadi ejjjjjj.xlsx,212,214,213.0,0.0,0.0
train,sample_21,data/train/sample_21/Label-326 mohammadi ejjjjjj.xlsx,213,215,214.0,0.0,0.0
train,sample_21,data/train/sample_21/Label-326 mohammadi ejjjjjj.xlsx,214,216,215.0,0.0,0.0
train,sample_21,data/train/sample_21/Label-326 mohammadi ejjjjjj.xlsx,215,217,216.0,0.0,0.0
train,sample_21,data/train/sample_21/Label-326 mohammadi ejjjjjj.xlsx,216,218,217.0,0.0,0.0
train,sample_21,data/train/sample_21/Label-326 mohammadi ejjjjjj.xlsx,217,219,218.0,0.0,0.0
train,sample_21,data/train/sample_21/Label-326 mohammadi ejjjjjj.xlsx,218,220,219.0,0.0,0.0
train,sample_21,data/train/sample_21/Label-326 mohammadi ejjjjjj.xlsx,219,221,220.0,0.0,0.0
train,sample_21,data/train/sample_21/Label-326 mohammadi ejjjjjj.xlsx,225,227,226.0,0.0,0.0
train,sample_21,data/train/sample_21/Label-326 mohammadi ejjjjjj.xlsx,226,228,227.0,0.0,0.0
train,sample_21,data/train/sample_21/Label-326 mohammadi ejjjjjj.xlsx,227,229,228.0,0.0,0.0
train,sample_21,data/train/sample_21/Label-326 mohammadi ejjjjjj.xlsx,228,230,229.0,0.0,0.0
train,sample_21,data/train/sample_21/Label-326 mohammadi ejjjjjj.xlsx,229,231,230.0,0.0,0.0
train,sample_21,data/train/sample_21/Label-326 mohammadi ejjjjjj.xlsx,230,232,231.0,0.0,0.0
train,sample_21,data/train/sample_21/Label-326 mohammadi ejjjjjj.xlsx,231,233,232.0,0.0,0.0
train,sample_21,data/train/sample_21/Label-326 mohammadi ejjjjjj.xlsx,232,234,233.0,0.0,0.0
train,sample_21,data/train/sample_21/Label-326 mohammadi ejjjjjj.xlsx,233,235,234.0,0.0,0.0
train,sample_21,data/train/sample_21/Label-326 mohammadi ejjjjjj.xlsx,234,236,235.0,0.0,0.0
train,sample_210,data/train/sample_210/Label-TABA.xlsx,184,186,191.0,0.0,0.0
train,sample_210,data/train/sample_210/Label-TABA.xlsx,185,187,192.0,0.0,0.0
train,sample_210,data/train/sample_210/Label-TABA.xlsx,186,188,193.0,0.0,0.0
train,sample_210,data/train/sample_210/Label-TABA.xlsx,187,189,194.0,0.0,0.0
train,sample_210,data/train/sample_210/Label-TABA.xlsx,188,190,195.0,0.0,0.0
train,sample_210,data/train/sample_210/Label-TABA.xlsx,189,191,196.0,0.0,0.0
train,sample_210,data/train/sample_210/Label-TABA.xlsx,190,192,197.0,0.0,0.0
train,sample_210,data/train/sample_210/Label-TABA.xlsx,213,215,220.0,0.0,0.0
train,sample_210,data/train/sample_210/Label-TABA.xlsx,214,216,221.0,0.0,0.0
train,sample_210,data/train/sample_210/Label-TABA.xlsx,215,217,222.0,0.0,0.0
train,sample_210,data/train/sample_210/Label-TABA.xlsx,216,218,223.0,0.0,0.0
train,sample_210,data/train/sample_210/Label-TABA.xlsx,217,219,224.0,0.0,0.0
train,sample_210,data/train/sample_210/Label-TABA.xlsx,218,220,225.0,0.0,0.0
train,sample_210,data/train/sample_210/Label-TABA.xlsx,219,221,226.0,0.0,0.0
train,sample_210,data/train/sample_210/Label-TABA.xlsx,221,223,228.0,0.0,0.0
train,sample_210,data/train/sample_210/Label-TABA.xlsx,222,224,229.0,0.0,0.0
train,sample_210,data/train/sample_210/Label-TABA.xlsx,224,226,231.0,0.0,0.0
train,sample_210,data/train/sample_210/Label-TABA.xlsx,281,283,288.0,0.0,0.0
train,sample_210,data/train/sample_210/Label-TABA.xlsx,319,321,331.0,0.0,0.0
train,sample_210,data/train/sample_210/Label-TABA.xlsx,320,322,332.0,0.0,0.0
train,sample_210,data/train/sample_210/Label-TABA.xlsx,322,324,334.0,0.0,0.0
train,sample_210,data/train/sample_210/Label-TABA.xlsx,323,325,335.0,0.0,0.0
train,sample_210,data/train/sample_210/Label-TABA.xlsx,335,337,347.0,0.0,0.0
train,sample_210,data/train/sample_210/Label-TABA.xlsx,336,338,348.0,0.0,0.0
train,sample_210,data/train/sample_210/Label-TABA.xlsx,338,340,350.0,0.0,0.0
train,sample_210,data/train/sample_210/Label-TABA.xlsx,339,341,351.0,0.0,0.0
train,sample_213,data/train/sample_213/Label-Vanak.xlsx,56,58,58.0,0.0,0.0
train,sample_213,data/train/sample_213/Label-Vanak.xlsx,57,59,59.0,0.0,0.0
train,sample_213,data/train/sample_213/Label-Vanak.xlsx,58,60,60.0,0.0,0.0
train,sample_213,data/train/sample_213/Label-Vanak.xlsx,93,95,121.0,0.0,0.0
train,sample_213,data/train/sample_213/Label-Vanak.xlsx,95,97,124.0,0.0,0.0
train,sample_213,data/train/sample_213/Label-Vanak.xlsx,96,98,125.0,0.0,0.0
train,sample_213,data/train/sample_213/Label-Vanak.xlsx,98,100,131.0,0.0,0.0
train,sample_213,data/train/sample_213/Label-Vanak.xlsx,126,128,169.0,0.0,0.0
train,sample_213,data/train/sample_213/Label-Vanak.xlsx,128,130,171.0,0.0,0.0
train,sample_213,data/train/sample_213/Label-Vanak.xlsx,130,132,173.0,0.0,0.0
train,sample_213,data/train/sample_213/Label-Vanak.xlsx,132,134,175.0,0.0,0.0
train,sample_213,data/train/sample_213/Label-Vanak.xlsx,142,144,185.0,0.0,0.0
train,sample_213,data/train/sample_213/Label-Vanak.xlsx,143,145,186.0,0.0,0.0
train,sample_213,data/train/sample_213/Label-Vanak.xlsx,144,146,187.0,0.0,0.0
train,sample_213,data/train/sample_213/Label-Vanak.xlsx,145,147,188.0,0.0,0.0
train,sample_213,data/train/sample_213/Label-Vanak.xlsx,146,148,189.0,0.0,0.0
train,sample_213,data/train/sample_213/Label-Vanak.xlsx,147,149,190.0,0.0,0.0
train,sample_213,data/train/sample_213/Label-Vanak.xlsx,148,150,191.0,0.0,0.0
train,sample_213,data/train/sample_213/Label-Vanak.xlsx,149,151,192.0,0.0,0.0
train,sample_213,data/train/sample_213/Label-Vanak.xlsx,150,152,193.0,0.0,0.0
train,sample_213,data/train/sample_213/Label-Vanak.xlsx,151,153,194.0,0.0,0.0
train,sample_213,data/train/sample_213/Label-Vanak.xlsx,152,154,195.0,0.0,0.0
train,sample_213,data/train/sample_213/Label-Vanak.xlsx,153,155,196.0,0.0,0.0
train,sample_213,data/train/sample_213/Label-Vanak.xlsx,154,156,197.0,0.0,0.0
train,sample_213,data/train/sample_213/Label-Vanak.xlsx,155,157,198.0,0.0,0.0
train,sample_213,data/train/sample_213/Label-Vanak.xlsx,156,158,201.0,0.0,0.0
train,sample_216,data/train/sample_216/Label-Zare Pour.xlsx,28,30,133.0,0.0,0.0
train,sample_216,data/train/sample_216/Label-Zare Pour.xlsx,30,32,135.0,0.0,0.0
train,sample_216,data/train/sample_216/Label-Zare Pour.xlsx,32,34,137.0,0.0,0.0
train,sample_216,data/train/sample_216/Label-Zare Pour.xlsx,33,35,138.0,0.0,0.0
train,sample_216,data/train/sample_216/Label-Zare Pour.xlsx,35,37,140.0,0.0,0.0
train,sample_216,data/train/sample_216/Label-Zare Pour.xlsx,36,38,141.0,0.0,0.0
train,sample_216,data/train/sample_216/Label-Zare Pour.xlsx,62,64,167.0,0.0,0.0
train,sample_216,data/train/sample_216/Label-Zare Pour.xlsx,64,66,169.0,0.0,0.0
train,sample_216,data/train/sample_216/Label-Zare Pour.xlsx,66,68,171.0,0.0,0.0
train,sample_216,data/train/sample_216/Label-Zare Pour.xlsx,67,69,172.0,0.0,0.0
train,sample_216,data/train/sample_216/Label-Zare Pour.xlsx,69,71,174.0,0.0,0.0
train,sample_216,data/train/sample_216/Label-Zare Pour.xlsx,70,72,175.0,0.0,0.0
train,sample_216,data/train/sample_216/Label-Zare Pour.xlsx,97,99,202.0,0.0,0.0
train,sample_216,data/train/sample_216/Label-Zare Pour.xlsx,99,101,204.0,0.0,0.0
train,sample_216,data/train/sample_216/Label-Zare Pour.xlsx,101,103,206.0,0.0,0.0
train,sample_216,data/train/sample_216/Label-Zare Pour.xlsx,102,104,207.0,0.0,0.0
train,sample_216,data/train/sample_216/Label-Zare Pour.xlsx,104,106,209.0,0.0,0.0
train,sample_216,data/train/sample_216/Label-Zare Pour.xlsx,105,107,210.0,0.0,0.0
train,sample_216,data/train/sample_216/Label-Zare Pour.xlsx,132,134,237.0,0.0,0.0
train,sample_216,data/train/sample_216/Label-Zare Pour.xlsx,134,136,239.0,0.0,0.0
train,sample_216,data/train/sample_216/Label-Zare Pour.xlsx,136,138,241.0,0.0,0.0
train,sample_216,data/train/sample_216/Label-Zare Pour.xlsx,137,139,242.0,0.0,0.0
train,sample_216,data/train/sample_216/Label-Zare Pour.xlsx,139,141,244.0,0.0,0.0
train,sample_216,data/train/sample_216/Label-Zare Pour.xlsx,140,142,245.0,0.0,0.0
train,sample_216,data/train/sample_216/Label-Zare Pour.xlsx,167,169,272.0,0.0,0.0
train,sample_216,data/train/sample_216/Label-Zare Pour.xlsx,169,171,274.0,0.0,0.0
train,sample_216,data/train/sample_216/Label-Zare Pour.xlsx,171,173,276.0,0.0,0.0
train,sample_216,data/train/sample_216/Label-Zare Pour.xlsx,172,174,277.0,0.0,0.0
train,sample_216,data/train/sample_216/Label-Zare Pour.xlsx,174,176,279.0,0.0,0.0
train,sample_216,data/train/sample_216/Label-Zare Pour.xlsx,175,177,280.0,0.0,0.0
train,sample_216,data/train/sample_216/Label-Zare Pour.xlsx,202,204,307.0,0.0,0.0
train,sample_216,data/train/sample_216/Label-Zare Pour.xlsx,204,206,309.0,0.0,0.0
train,sample_216,data/train/sample_216/Label-Zare Pour.xlsx,206,208,311.0,0.0,0.0
train,sample_216,data/train/sample_216/Label-Zare Pour.xlsx,207,209,312.0,0.0,0.0
train,sample_216,data/train/sample_216/Label-Zare Pour.xlsx,209,211,314.0,0.0,0.0
train,sample_216,data/train/sample_216/Label-Zare Pour.xlsx,210,212,315.0,0.0,0.0
train,sample_216,data/train/sample_216/Label-Zare Pour.xlsx,237,239,342.0,0.0,0.0
train,sample_216,data/train/sample_216/Label-Zare Pour.xlsx,239,241,344.0,0.0,0.0
train,sample_216,data/train/sample_216/Label-Zare Pour.xlsx,241,243,346.0,0.0,0.0
train,sample_216,data/train/sample_216/Label-Zare Pour.xlsx,242,244,347.0,0.0,0.0
train,sample_216,data/train/sample_216/Label-Zare Pour.xlsx,244,246,349.0,0.0,0.0
train,sample_216,data/train/sample_216/Label-Zare Pour.xlsx,245,247,350.0,0.0,0.0
train,sample_216,data/train/sample_216/Label-Zare Pour.xlsx,295,297,428.0,0.0,0.0
train,sample_218,data/train/sample_218/Label-Zojaji.xlsx,57,59,58.0,0.0,0.0
train,sample_218,data/train/sample_218/Label-Zojaji.xlsx,62,64,63.0,0.0,0.0
train,sample_218,data/train/sample_218/Label-Zojaji.xlsx,70,72,71.0,0.0,0.0
train,sample_218,data/train/sample_218/Label-Zojaji.xlsx,84,86,85.0,0.0,0.0
train,sample_218,data/train/sample_218/Label-Zojaji.xlsx,85,87,86.0,0.0,0.0
train,sample_218,data/train/sample_218/Label-Zojaji.xlsx,86,88,87.0,0.0,0.0
train,sample_218,data/train/sample_218/Label-Zojaji.xlsx,91,93,92.0,0.0,0.0
train,sample_218,data/train/sample_218/Label-Zojaji.xlsx,92,94,93.0,0.0,0.0
train,sample_218,data/train/sample_218/Label-Zojaji.xlsx,99,101,100.0,0.0,0.0
train,sample_218,data/train/sample_218/Label-Zojaji.xlsx,137,139,138.0,0.0,0.0
train,sample_218,data/train/sample_218/Label-Zojaji.xlsx,173,175,174.0,0.0,0.0
train,sample_218,data/train/sample_218/Label-Zojaji.xlsx,204,206,205.0,0.0,0.0
train,sample_218,data/train/sample_218/Label-Zojaji.xlsx,209,211,210.0,0.0,0.0
train,sample_219,data/train/sample_219/Label-akbari.xlsx,173,175,181.0,0.0,0.0
train,sample_219,data/train/sample_219/Label-akbari.xlsx,193,195,201.0,0.0,0.0
train,sample_219,data/train/sample_219/Label-akbari.xlsx,194,196,202.0,0.0,0.0
train,sample_219,data/train/sample_219/Label-akbari.xlsx,195,197,203.0,0.0,0.0
train,sample_219,data/train/sample_219/Label-akbari.xlsx,196,198,204.0,0.0,0.0
train,sample_219,data/train/sample_219/Label-akbari.xlsx,197,199,205.0,0.0,0.0
train,sample_219,data/train/sample_219/Label-akbari.xlsx,198,200,206.0,0.0,0.0
train,sample_219,data/train/sample_219/Label-akbari.xlsx,212,214,222.0,0.0,0.0
train,sample_219,data/train/sample_219/Label-akbari.xlsx,220,222,230.0,0.0,0.0
train,sample_219,data/train/sample_219/Label-akbari.xlsx,221,223,231.0,0.0,0.0
train,sample_219,data/train/sample_219/Label-akbari.xlsx,222,224,232.0,0.0,0.0
train,sample_219,data/train/sample_219/Label-akbari.xlsx,223,225,233.0,0.0,0.0
train,sample_219,data/train/sample_219/Label-akbari.xlsx,224,226,234.0,0.0,0.0
train,sample_219,data/train/sample_219/Label-akbari.xlsx,225,227,235.0,0.0,0.0
train,sample_219,data/train/sample_219/Label-akbari.xlsx,226,228,236.0,0.0,0.0
train,sample_219,data/train/sample_219/Label-akbari.xlsx,231,233,242.0,0.0,0.0
train,sample_219,data/train/sample_219/Label-akbari.xlsx,241,243,253.0,0.0,0.0
train,sample_219,data/train/sample_219/Label-akbari.xlsx,254,256,272.0,0.0,0.0
train,sample_219,data/train/sample_219/Label-akbari.xlsx,256,258,274.0,0.0,0.0
train,sample_219,data/train/sample_219/Label-akbari.xlsx,257,259,275.0,0.0,0.0
train,sample_219,data/train/sample_219/Label-akbari.xlsx,258,260,276.0,0.0,0.0
train,sample_219,data/train/sample_219/Label-akbari.xlsx,259,261,277.0,0.0,0.0
train,sample_219,data/train/sample_219/Label-akbari.xlsx,260,262,278.0,0.0,0.0
train,sample_219,data/train/sample_219/Label-akbari.xlsx,272,274,290.0,0.0,0.0
train,sample_219,data/train/sample_219/Label-akbari.xlsx,274,276,292.0,0.0,0.0
train,sample_219,data/train/sample_219/Label-akbari.xlsx,275,277,293.0,0.0,0.0
train,sample_219,data/train/sample_219/Label-akbari.xlsx,276,278,294.0,0.0,0.0
train,sample_219,data/train/sample_219/Label-akbari.xlsx,277,279,295.0,0.0,0.0
train,sample_219,data/train/sample_219/Label-akbari.xlsx,278,280,296.0,0.0,0.0
train,sample_220,data/train/sample_220/Label-akbarzadeh.xlsx,2,4,3.0,0.0,0.0
train,sample_220,data/train/sample_220/Label-akbarzadeh.xlsx,14,16,15.0,0.0,0.0
train,sample_220,data/train/sample_220/Label-akbarzadeh.xlsx,50,52,51.0,0.0,0.0
train,sample_220,data/train/sample_220/Label-akbarzadeh.xlsx,62,64,63.0,0.0,0.0
train,sample_220,data/train/sample_220/Label-akbarzadeh.xlsx,162,164,163.0,0.0,0.0
train,sample_220,data/train/sample_220/Label-akbarzadeh.xlsx,163,165,164.0,0.0,0.0
train,sample_220,data/train/sample_220/Label-akbarzadeh.xlsx,164,166,165.0,0.0,0.0
train,sample_220,data/train/sample_220/Label-akbarzadeh.xlsx,165,167,166.0,0.0,0.0
train,sample_220,data/train/sample_220/Label-akbarzadeh.xlsx,166,168,167.0,0.0,0.0
train,sample_220,data/train/sample_220/Label-akbarzadeh.xlsx,167,169,168.0,0.0,0.0
train,sample_220,data/train/sample_220/Label-akbarzadeh.xlsx,168,170,169.0,0.0,0.0
train,sample_220,data/train/sample_220/Label-akbarzadeh.xlsx,169,171,170.0,0.0,0.0
train,sample_220,data/train/sample_220/Label-akbarzadeh.xlsx,170,172,171.0,0.0,0.0
train,sample_220,data/train/sample_220/Label-akbarzadeh.xlsx,171,173,172.0,0.0,0.0
train,sample_220,data/train/sample_220/Label-akbarzadeh.xlsx,173,175,174.0,0.0,0.0
train,sample_222,data/train/sample_222/Label-barati.xlsx,100,102,105.0,0.0,0.0
train,sample_222,data/train/sample_222/Label-barati.xlsx,101,103,106.0,0.0,0.0
train,sample_222,data/train/sample_222/Label-barati.xlsx,102,104,107.0,0.0,0.0
train,sample_222,data/train/sample_222/Label-barati.xlsx,103,105,108.0,0.0,0.0
train,sample_222,data/train/sample_222/Label-barati.xlsx,104,106,109.0,0.0,0.0
train,sample_222,data/train/sample_222/Label-barati.xlsx,105,107,110.0,0.0,0.0
train,sample_223,data/train/sample_223/Label-bashari.xlsx,42,44,43.0,0.0,0.0
train,sample_223,data/train/sample_223/Label-bashari.xlsx,43,45,44.0,0.0,0.0
train,sample_223,data/train/sample_223/Label-bashari.xlsx,44,46,45.0,0.0,0.0
train,sample_223,data/train/sample_223/Label-bashari.xlsx,55,57,56.0,0.0,0.0
train,sample_223,data/train/sample_223/Label-bashari.xlsx,57,59,58.0,0.0,0.0
train,sample_223,data/train/sample_223/Label-bashari.xlsx,101,103,102.0,0.0,0.0
train,sample_223,data/train/sample_223/Label-bashari.xlsx,102,104,103.0,0.0,0.0
train,sample_223,data/train/sample_223/Label-bashari.xlsx,103,105,104.0,0.0,0.0
train,sample_223,data/train/sample_223/Label-bashari.xlsx,115,117,116.0,0.0,0.0
train,sample_223,data/train/sample_223/Label-bashari.xlsx,117,119,118.0,0.0,0.0
train,sample_223,data/train/sample_223/Label-bashari.xlsx,161,163,162.0,0.0,0.0
train,sample_223,data/train/sample_223/Label-bashari.xlsx,162,164,163.0,0.0,0.0
train,sample_223,data/train/sample_223/Label-bashari.xlsx,163,165,164.0,0.0,0.0
train,sample_223,data/train/sample_223/Label-bashari.xlsx,175,177,176.0,0.0,0.0
train,sample_223,data/train/sample_223/Label-bashari.xlsx,177,179,178.0,0.0,0.0
train,sample_223,data/train/sample_223/Label-bashari.xlsx,221,223,222.0,0.0,0.0
train,sample_223,data/train/sample_223/Label-bashari.xlsx,222,224,223.0,0.0,0.0
train,sample_223,data/train/sample_223/Label-bashari.xlsx,223,225,224.0,0.0,0.0
train,sample_223,data/train/sample_223/Label-bashari.xlsx,235,237,236.0,0.0,0.0
train,sample_223,data/train/sample_223/Label-bashari.xlsx,237,239,238.0,0.0,0.0
train,sample_223,data/train/sample_223/Label-bashari.xlsx,281,283,282.0,0.0,0.0
train,sample_223,data/train/sample_223/Label-bashari.xlsx,282,284,283.0,0.0,0.0
train,sample_223,data/train/sample_223/Label-bashari.xlsx,283,285,284.0,0.0,0.0
train,sample_223,data/train/sample_223/Label-bashari.xlsx,295,297,296.0,0.0,0.0
train,sample_223,data/train/sample_223/Label-bashari.xlsx,297,299,298.0,0.0,0.0
train,sample_223,data/train/sample_223/Label-bashari.xlsx,341,343,342.0,0.0,0.0
train,sample_223,data/train/sample_223/Label-bashari.xlsx,342,344,343.0,0.0,0.0
train,sample_223,data/train/sample_223/Label-bashari.xlsx,343,345,344.0,0.0,0.0
train,sample_223,data/train/sample_223/Label-bashari.xlsx,355,357,356.0,0.0,0.0
train,sample_223,data/train/sample_223/Label-bashari.xlsx,357,359,358.0,0.0,0.0
train,sample_223,data/train/sample_223/Label-bashari.xlsx,401,403,402.0,0.0,0.0
train,sample_223,data/train/sample_223/Label-bashari.xlsx,402,404,403.0,0.0,0.0
train,sample_223,data/train/sample_223/Label-bashari.xlsx,403,405,404.0,0.0,0.0
train,sample_223,data/train/sample_223/Label-bashari.xlsx,415,417,416.0,0.0,0.0
train,sample_223,data/train/sample_223/Label-bashari.xlsx,417,419,418.0,0.0,0.0
train,sample_223,data/train/sample_223/Label-bashari.xlsx,459,461,460.0,0.0,0.0
train,sample_223,data/train/sample_223/Label-bashari.xlsx,510,512,511.0,0.0,0.0
train,sample_223,data/train/sample_223/Label-bashari.xlsx,511,513,512.0,0.0,0.0
train,sample_223,data/train/sample_223/Label-bashari.xlsx,512,514,513.0,0.0,0.0
train,sample_223,data/train/sample_223/Label-bashari.xlsx,524,526,525.0,0.0,0.0
train,sample_223,data/train/sample_223/Label-bashari.xlsx,526,528,527.0,0.0,0.0
train,sample_225,data/train/sample_225/Label-haji.xlsx,116,118,117.0,0.0,0.0
train,sample_225,data/train/sample_225/Label-haji.xlsx,126,128,127.0,0.0,0.0
train,sample_225,data/train/sample_225/Label-haji.xlsx,131,133,132.0,0.0,0.0
train,sample_225,data/train/sample_225/Label-haji.xlsx,132,134,133.0,0.0,0.0
train,sample_225,data/train/sample_225/Label-haji.xlsx,133,135,134.0,0.0,0.0
train,sample_225,data/train/sample_225/Label-haji.xlsx,134,136,135.0,0.0,0.0
train,sample_225,data/train/sample_225/Label-haji.xlsx,135,137,136.0,0.0,0.0
train,sample_225,data/train/sample_225/Label-haji.xlsx,157,159,158.0,0.0,0.0
train,sample_225,data/train/sample_225/Label-haji.xlsx,158,160,159.0,0.0,0.0
train,sample_225,data/train/sample_225/Label-haji.xlsx,159,161,160.0,0.0,0.0
train,sample_225,data/train/sample_225/Label-haji.xlsx,160,162,161.0,0.0,0.0
train,sample_225,data/train/sample_225/Label-haji.xlsx,161,163,162.0,0.0,0.0
train,sample_225,data/train/sample_225/Label-haji.xlsx,162,164,163.0,0.0,0.0
train,sample_225,data/train/sample_225/Label-haji.xlsx,165,167,166.0,0.0,0.0
train,sample_225,data/train/sample_225/Label-haji.xlsx,189,191,190.0,0.0,0.0
train,sample_225,data/train/sample_225/Label-haji.xlsx,194,196,195.0,0.0,0.0
train,sample_225,data/train/sample_225/Label-haji.xlsx,195,197,196.0,0.0,0.0
train,sample_225,data/train/sample_225/Label-haji.xlsx,196,198,197.0,0.0,0.0
train,sample_225,data/train/sample_225/Label-haji.xlsx,197,199,198.0,0.0,0.0
train,sample_225,data/train/sample_225/Label-haji.xlsx,198,200,199.0,0.0,0.0
train,sample_225,data/train/sample_225/Label-haji.xlsx,202,204,203.0,0.0,0.0
train,sample_225,data/train/sample_225/Label-haji.xlsx,203,205,204.0,0.0,0.0
train,sample_225,data/train/sample_225/Label-haji.xlsx,204,206,205.0,0.0,0.0
train,sample_225,data/train/sample_225/Label-haji.xlsx,205,207,206.0,0.0,0.0
train,sample_225,data/train/sample_225/Label-haji.xlsx,206,208,207.0,0.0,0.0
train,sample_226,data/train/sample_226/Label-hatefi.xlsx,232,234,281.0,0.0,0.0
train,sample_226,data/train/sample_226/Label-hatefi.xlsx,242,244,291.0,0.0,0.0
train,sample_226,data/train/sample_226/Label-hatefi.xlsx,249,251,303.0,0.0,0.0
train,sample_226,data/train/sample_226/Label-hatefi.xlsx,253,255,309.0,0.0,0.0
train,sample_227,data/train/sample_227/Label-hemes 4.xlsx,98,100,197.0,0.0,0.0
train,sample_227,data/train/sample_227/Label-hemes 4.xlsx,99,101,198.0,0.0,0.0
train,sample_227,data/train/sample_227/Label-hemes 4.xlsx,100,102,199.0,0.0,0.0
train,sample_227,data/train/sample_227/Label-hemes 4.xlsx,101,103,200.0,0.0,0.0
train,sample_227,data/train/sample_227/Label-hemes 4.xlsx,106,108,207.0,0.0,0.0
train,sample_227,data/train/sample_227/Label-hemes 4.xlsx,107,109,208.0,0.0,0.0
train,sample_227,data/train/sample_227/Label-hemes 4.xlsx,108,110,209.0,0.0,0.0
train,sample_227,data/train/sample_227/Label-hemes 4.xlsx,109,111,210.0,0.0,0.0
train,sample_227,data/train/sample_227/Label-hemes 4.xlsx,112,114,213.0,0.0,0.0
train,sample_227,data/train/sample_227/Label-hemes 4.xlsx,113,115,214.0,0.0,0.0
train,sample_227,data/train/sample_227/Label-hemes 4.xlsx,114,116,215.0,0.0,0.0
train,sample_227,data/train/sample_227/Label-hemes 4.xlsx,115,117,216.0,0.0,0.0
train,sample_228,data/train/sample_228/Label-hermes 5.xlsx,99,101,148.0,0.0,0.0
train,sample_228,data/train/sample_228/Label-hermes 5.xlsx,100,102,149.0,0.0,0.0
train,sample_228,data/train/sample_228/Label-hermes 5.xlsx,101,103,150.0,0.0,0.0
train,sample_228,data/train/sample_228/Label-hermes 5.xlsx,102,104,151.0,0.0,0.0
train,sample_228,data/train/sample_228/Label-hermes 5.xlsx,111,113,160.0,0.0,0.0
train,sample_228,data/train/sample_228/Label-hermes 5.xlsx,112,114,161.0,0.0,0.0
train,sample_228,data/train/sample_228/Label-hermes 5.xlsx,113,115,162.0,0.0,0.0
train,sample_228,data/train/sample_228/Label-hermes 5.xlsx,114,116,163.0,0.0,0.0
train,sample_228,data/train/sample_228/Label-hermes 5.xlsx,124,126,173.0,0.0,0.0
train,sample_228,data/train/sample_228/Label-hermes 5.xlsx,125,127,174.0,0.0,0.0
train,sample_228,data/train/sample_228/Label-hermes 5.xlsx,126,128,175.0,0.0,0.0
train,sample_228,data/train/sample_228/Label-hermes 5.xlsx,127,129,176.0,0.0,0.0
train,sample_228,data/train/sample_228/Label-hermes 5.xlsx,140,142,189.0,0.0,0.0
train,sample_228,data/train/sample_228/Label-hermes 5.xlsx,141,143,190.0,0.0,0.0
train,sample_228,data/train/sample_228/Label-hermes 5.xlsx,142,144,191.0,0.0,0.0
train,sample_228,data/train/sample_228/Label-hermes 5.xlsx,143,145,192.0,0.0,0.0
train,sample_228,data/train/sample_228/Label-hermes 5.xlsx,144,146,193.0,0.0,0.0
train,sample_228,data/train/sample_228/Label-hermes 5.xlsx,145,147,194.0,0.0,0.0
train,sample_228,data/train/sample_228/Label-hermes 5.xlsx,146,148,195.0,0.0,0.0
train,sample_228,data/train/sample_228/Label-hermes 5.xlsx,147,149,196.0,0.0,0.0
train,sample_229,data/train/sample_229/Label-jaffari.xlsx,89,91,122.0,0.0,0.0
train,sample_229,data/train/sample_229/Label-jaffari.xlsx,90,92,124.0,0.0,0.0
train,sample_229,data/train/sample_229/Label-jaffari.xlsx,91,93,125.0,0.0,0.0
train,sample_229,data/train/sample_229/Label-jaffari.xlsx,92,94,126.0,0.0,0.0
train,sample_229,data/train/sample_229/Label-jaffari.xlsx,93,95,127.0,0.0,0.0
train,sample_23,data/train/sample_23/Label-35-sayyani.xlsx,274,276,275.0,0.0,0.0
train,sample_23,data/train/sample_23/Label-35-sayyani.xlsx,275,277,276.0,0.0,0.0
train,sample_23,data/train/sample_23/Label-35-sayyani.xlsx,276,278,277.0,0.0,0.0
train,sample_23,data/train/sample_23/Label-35-sayyani.xlsx,277,279,278.0,0.0,0.0
train,sample_23,data/train/sample_23/Label-35-sayyani.xlsx,278,280,279.0,0.0,0.0
train,sample_23,data/train/sample_23/Label-35-sayyani.xlsx,279,281,280.0,0.0,0.0
train,sample_23,data/train/sample_23/Label-35-sayyani.xlsx,280,282,281.0,0.0,0.0
train,sample_230,data/train/sample_230/Label-jalali.xlsx,42,44,44.0,0.0,0.0
train,sample_230,data/train/sample_230/Label-jalali.xlsx,44,46,46.0,0.0,0.0
train,sample_230,data/train/sample_230/Label-jalali.xlsx,45,47,47.0,0.0,0.0
train,sample_230,data/train/sample_230/Label-jalali.xlsx,48,50,50.0,0.0,0.0
train,sample_230,data/train/sample_230/Label-jalali.xlsx,51,53,53.0,0.0,0.0
train,sample_230,data/train/sample_230/Label-jalali.xlsx,53,55,55.0,0.0,0.0
train,sample_230,data/train/sample_230/Label-jalali.xlsx,56,58,58.0,0.0,0.0
train,sample_230,data/train/sample_230/Label-jalali.xlsx,61,63,63.0,0.0,0.0
train,sample_230,data/train/sample_230/Label-jalali.xlsx,65,67,67.0,0.0,0.0
train,sample_230,data/train/sample_230/Label-jalali.xlsx,66,68,68.0,0.0,0.0
train,sample_230,data/train/sample_230/Label-jalali.xlsx,67,69,69.0,0.0,0.0
train,sample_230,data/train/sample_230/Label-jalali.xlsx,68,70,70.0,0.0,0.0
train,sample_230,data/train/sample_230/Label-jalali.xlsx,118,120,120.0,0.0,0.0
train,sample_230,data/train/sample_230/Label-jalali.xlsx,121,123,123.0,0.0,0.0
train,sample_230,data/train/sample_230/Label-jalali.xlsx,123,125,125.0,0.0,0.0
train,sample_230,data/train/sample_230/Label-jalali.xlsx,124,126,126.0,0.0,0.0
train,sample_230,data/train/sample_230/Label-jalali.xlsx,125,127,127.0,0.0,0.0
train,sample_230,data/train/sample_230/Label-jalali.xlsx,128,130,130.0,0.0,0.0
train,sample_230,data/train/sample_230/Label-jalali.xlsx,130,132,132.0,0.0,0.0
train,sample_230,data/train/sample_230/Label-jalali.xlsx,137,139,139.0,0.0,0.0
train,sample_230,data/train/sample_230/Label-jalali.xlsx,139,141,141.0,0.0,0.0
train,sample_230,data/train/sample_230/Label-jalali.xlsx,140,142,142.0,0.0,0.0
train,sample_230,data/train/sample_230/Label-jalali.xlsx,141,143,143.0,0.0,0.0
train,sample_230,data/train/sample_230/Label-jalali.xlsx,142,144,144.0,0.0,0.0
train,sample_230,data/train/sample_230/Label-jalali.xlsx,172,174,174.0,0.0,0.0
train,sample_230,data/train/sample_230/Label-jalali.xlsx,178,180,181.0,0.0,0.0
train,sample_230,data/train/sample_230/Label-jalali.xlsx,180,182,183.0,0.0,0.0
train,sample_230,data/train/sample_230/Label-jalali.xlsx,181,183,184.0,0.0,0.0
train,sample_230,data/train/sample_230/Label-jalali.xlsx,182,184,185.0,0.0,0.0
train,sample_230,data/train/sample_230/Label-jalali.xlsx,185,187,188.0,0.0,0.0
train,sample_230,data/train/sample_230/Label-jalali.xlsx,187,189,190.0,0.0,0.0
train,sample_230,data/train/sample_230/Label-jalali.xlsx,188,190,191.0,0.0,0.0
train,sample_230,data/train/sample_230/Label-jalali.xlsx,193,195,196.0,0.0,0.0
train,sample_230,data/train/sample_230/Label-jalali.xlsx,195,197,198.0,0.0,0.0
train,sample_230,data/train/sample_230/Label-jalali.xlsx,196,198,199.0,0.0,0.0
train,sample_230,data/train/sample_230/Label-jalali.xlsx,197,199,200.0,0.0,0.0
train,sample_230,data/train/sample_230/Label-jalali.xlsx,198,200,201.0,0.0,0.0
train,sample_230,data/train/sample_230/Label-jalali.xlsx,224,226,228.0,0.0,0.0
train,sample_230,data/train/sample_230/Label-jalali.xlsx,226,228,230.0,0.0,0.0
train,sample_230,data/train/sample_230/Label-jalali.xlsx,227,229,231.0,0.0,0.0
train,sample_230,data/train/sample_230/Label-jalali.xlsx,228,230,232.0,0.0,0.0
train,sample_230,data/train/sample_230/Label-jalali.xlsx,231,233,235.0,0.0,0.0
train,sample_230,data/train/sample_230/Label-jalali.xlsx,233,235,237.0,0.0,0.0
train,sample_230,data/train/sample_230/Label-jalali.xlsx,234,236,238.0,0.0,0.0
train,sample_230,data/train/sample_230/Label-jalali.xlsx,239,241,243.0,0.0,0.0
train,sample_230,data/train/sample_230/Label-jalali.xlsx,241,243,245.0,0.0,0.0
train,sample_230,data/train/sample_230/Label-jalali.xlsx,242,244,246.0,0.0,0.0
train,sample_230,data/train/sample_230/Label-jalali.xlsx,243,245,247.0,0.0,0.0
train,sample_230,data/train/sample_230/Label-jalali.xlsx,244,246,248.0,0.0,0.0
train,sample_230,data/train/sample_230/Label-jalali.xlsx,270,272,275.0,0.0,0.0
train,sample_230,data/train/sample_230/Label-jalali.xlsx,272,274,277.0,0.0,0.0
train,sample_230,data/train/sample_230/Label-jalali.xlsx,273,275,278.0,0.0,0.0
train,sample_230,data/train/sample_230/Label-jalali.xlsx,274,276,279.0,0.0,0.0
train,sample_230,data/train/sample_230/Label-jalali.xlsx,277,279,282.0,0.0,0.0
train,sample_230,data/train/sample_230/Label-jalali.xlsx,279,281,284.0,0.0,0.0
train,sample_230,data/train/sample_230/Label-jalali.xlsx,280,282,285.0,0.0,0.0
train,sample_230,data/train/sample_230/Label-jalali.xlsx,285,287,290.0,0.0,0.0
train,sample_230,data/train/sample_230/Label-jalali.xlsx,287,289,292.0,0.0,0.0
train,sample_230,data/train/sample_230/Label-jalali.xlsx,288,290,293.0,0.0,0.0
train,sample_230,data/train/sample_230/Label-jalali.xlsx,289,291,294.0,0.0,0.0
train,sample_230,data/train/sample_230/Label-jalali.xlsx,290,292,295.0,0.0,0.0
train,sample_230,data/train/sample_230/Label-jalali.xlsx,316,318,322.0,0.0,0.0
train,sample_230,data/train/sample_230/Label-jalali.xlsx,318,320,324.0,0.0,0.0
train,sample_230,data/train/sample_230/Label-jalali.xlsx,319,321,325.0,0.0,0.0
train,sample_230,data/train/sample_230/Label-jalali.xlsx,320,322,326.0,0.0,0.0
train,sample_230,data/train/sample_230/Label-jalali.xlsx,323,325,329.0,0.0,0.0
train,sample_230,data/train/sample_230/Label-jalali.xlsx,325,327,331.0,0.0,0.0
train,sample_230,data/train/sample_230/Label-jalali.xlsx,326,328,332.0,0.0,0.0
train,sample_230,data/train/sample_230/Label-jalali.xlsx,331,333,337.0,0.0,0.0
train,sample_230,data/train/sample_230/Label-jalali.xlsx,333,335,339.0,0.0,0.0
train,sample_230,data/train/sample_230/Label-jalali.xlsx,334,336,340.0,0.0,0.0
train,sample_230,data/train/sample_230/Label-jalali.xlsx,335,337,341.0,0.0,0.0
train,sample_230,data/train/sample_230/Label-jalali.xlsx,336,338,342.0,0.0,0.0
train,sample_230,data/train/sample_230/Label-jalali.xlsx,362,364,369.0,0.0,0.0
train,sample_230,data/train/sample_230/Label-jalali.xlsx,364,366,371.0,0.0,0.0
train,sample_230,data/train/sample_230/Label-jalali.xlsx,365,367,372.0,0.0,0.0
train,sample_230,data/train/sample_230/Label-jalali.xlsx,366,368,373.0,0.0,0.0
train,sample_230,data/train/sample_230/Label-jalali.xlsx,369,371,376.0,0.0,0.0
train,sample_230,data/train/sample_230/Label-jalali.xlsx,371,373,378.0,0.0,0.0
train,sample_230,data/train/sample_230/Label-jalali.xlsx,372,374,379.0,0.0,0.0
train,sample_230,data/train/sample_230/Label-jalali.xlsx,377,379,384.0,0.0,0.0
train,sample_230,data/train/sample_230/Label-jalali.xlsx,379,381,386.0,0.0,0.0
train,sample_230,data/train/sample_230/Label-jalali.xlsx,380,382,387.0,0.0,0.0
train,sample_230,data/train/sample_230/Label-jalali.xlsx,381,383,388.0,0.0,0.0
train,sample_230,data/train/sample_230/Label-jalali.xlsx,382,384,389.0,0.0,0.0
train,sample_234,data/train/sample_234/Label-mohseni.xlsx,43,45,44.0,0.0,0.0
train,sample_234,data/train/sample_234/Label-mohseni.xlsx,78,80,94.0,0.0,0.0
train,sample_234,data/train/sample_234/Label-mohseni.xlsx,99,101,118.0,0.0,0.0
train,sample_234,data/train/sample_234/Label-mohseni.xlsx,119,121,142.0,0.0,0.0
train,sample_235,data/train/sample_235/Label-moradkhani.xlsx,110,112,135.0,0.0,0.0
train,sample_235,data/train/sample_235/Label-moradkhani.xlsx,111,113,136.0,0.0,0.0
train,sample_235,data/train/sample_235/Label-moradkhani.xlsx,112,114,137.0,0.0,0.0
train,sample_235,data/train/sample_235/Label-moradkhani.xlsx,113,115,138.0,0.0,0.0
train,sample_235,data/train/sample_235/Label-moradkhani.xlsx,114,116,139.0,0.0,0.0
train,sample_235,data/train/sample_235/Label-moradkhani.xlsx,131,133,156.0,0.0,0.0
train,sample_235,data/train/sample_235/Label-moradkhani.xlsx,138,140,163.0,0.0,0.0
train,sample_235,data/train/sample_235/Label-moradkhani.xlsx,145,147,170.0,0.0,0.0
train,sample_235,data/train/sample_235/Label-moradkhani.xlsx,152,154,177.0,0.0,0.0
train,sample_235,data/train/sample_235/Label-moradkhani.xlsx,159,161,184.0,0.0,0.0
train,sample_235,data/train/sample_235/Label-moradkhani.xlsx,164,166,189.0,0.0,0.0
train,sample_235,data/train/sample_235/Label-moradkhani.xlsx,176,178,206.0,0.0,0.0
train,sample_235,data/train/sample_235/Label-moradkhani.xlsx,183,185,218.0,0.0,0.0
train,sample_235,data/train/sample_235/Label-moradkhani.xlsx,188,190,223.0,0.0,0.0
train,sample_236,data/train/sample_236/Label-moradkhani2.xlsx,90,92,97.0,0.0,0.0
train,sample_236,data/train/sample_236/Label-moradkhani2.xlsx,202,204,226.0,0.0,0.0
train,sample_236,data/train/sample_236/Label-moradkhani2.xlsx,203,205,227.0,0.0,0.0
train,sample_236,data/train/sample_236/Label-moradkhani2.xlsx,204,206,228.0,0.0,0.0
train,sample_236,data/train/sample_236/Label-moradkhani2.xlsx,205,207,229.0,0.0,0.0
train,sample_236,data/train/sample_236/Label-moradkhani2.xlsx,206,208,230.0,0.0,0.0
train,sample_236,data/train/sample_236/Label-moradkhani2.xlsx,207,209,231.0,0.0,0.0
train,sample_236,data/train/sample_236/Label-moradkhani2.xlsx,208,210,232.0,0.0,0.0
train,sample_236,data/train/sample_236/Label-moradkhani2.xlsx,247,249,298.0,0.0,0.0
train,sample_236,data/train/sample_236/Label-moradkhani2.xlsx,248,250,299.0,0.0,0.0
train,sample_236,data/train/sample_236/Label-moradkhani2.xlsx,249,251,300.0,0.0,0.0
train,sample_236,data/train/sample_236/Label-moradkhani2.xlsx,250,252,301.0,0.0,0.0
train,sample_236,data/train/sample_236/Label-moradkhani2.xlsx,251,253,302.0,0.0,0.0
train,sample_236,data/train/sample_236/Label-moradkhani2.xlsx,252,254,303.0,0.0,0.0
train,sample_236,data/train/sample_236/Label-moradkhani2.xlsx,253,255,304.0,0.0,0.0
train,sample_239,data/train/sample_239/Label-nadali ghanbari.xlsx,155,157,186.0,0.0,0.0
train,sample_239,data/train/sample_239/Label-nadali ghanbari.xlsx,156,158,187.0,0.0,0.0
train,sample_239,data/train/sample_239/Label-nadali ghanbari.xlsx,157,159,188.0,0.0,0.0
train,sample_239,data/train/sample_239/Label-nadali ghanbari.xlsx,158,160,189.0,0.0,0.0
train,sample_239,data/train/sample_239/Label-nadali ghanbari.xlsx,159,161,190.0,0.0,0.0
train,sample_239,data/train/sample_239/Label-nadali ghanbari.xlsx,160,162,191.0,0.0,0.0
train,sample_239,data/train/sample_239/Label-nadali ghanbari.xlsx,161,163,192.0,0.0,0.0
train,sample_239,data/train/sample_239/Label-nadali ghanbari.xlsx,204,206,257.0,0.0,0.0
train,sample_239,data/train/sample_239/Label-nadali ghanbari.xlsx,205,207,258.0,0.0,0.0
train,sample_239,data/train/sample_239/Label-nadali ghanbari.xlsx,206,208,259.0,0.0,0.0
train,sample_239,data/train/sample_239/Label-nadali ghanbari.xlsx,207,209,260.0,0.0,0.0
train,sample_239,data/train/sample_239/Label-nadali ghanbari.xlsx,208,210,261.0,0.0,0.0
train,sample_239,data/train/sample_239/Label-nadali ghanbari.xlsx,209,211,262.0,0.0,0.0
train,sample_239,data/train/sample_239/Label-nadali ghanbari.xlsx,210,212,263.0,0.0,0.0
train,sample_239,data/train/sample_239/Label-nadali ghanbari.xlsx,211,213,264.0,0.0,0.0
train,sample_239,data/train/sample_239/Label-nadali ghanbari.xlsx,220,222,273.0,0.0,0.0
train,sample_239,data/train/sample_239/Label-nadali ghanbari.xlsx,223,225,276.0,0.0,0.0
train,sample_239,data/train/sample_239/Label-nadali ghanbari.xlsx,224,226,277.0,0.0,0.0
train,sample_239,data/train/sample_239/Label-nadali ghanbari.xlsx,225,227,278.0,0.0,0.0
train,sample_239,data/train/sample_239/Label-nadali ghanbari.xlsx,233,235,289.0,0.0,0.0
train,sample_239,data/train/sample_239/Label-nadali ghanbari.xlsx,234,236,290.0,0.0,0.0
train,sample_239,data/train/sample_239/Label-nadali ghanbari.xlsx,235,237,291.0,0.0,0.0
train,sample_239,data/train/sample_239/Label-nadali ghanbari.xlsx,236,238,292.0,0.0,0.0
train,sample_239,data/train/sample_239/Label-nadali ghanbari.xlsx,237,239,293.0,0.0,0.0
train,sample_239,data/train/sample_239/Label-nadali ghanbari.xlsx,238,240,294.0,0.0,0.0
train,sample_239,data/train/sample_239/Label-nadali ghanbari.xlsx,239,241,295.0,0.0,0.0
train,sample_239,data/train/sample_239/Label-nadali ghanbari.xlsx,240,242,296.0,0.0,0.0
train,sample_239,data/train/sample_239/Label-nadali ghanbari.xlsx,241,243,297.0,0.0,0.0
train,sample_239,data/train/sample_239/Label-nadali ghanbari.xlsx,242,244,298.0,0.0,0.0
train,sample_239,data/train/sample_239/Label-nadali ghanbari.xlsx,243,245,299.0,0.0,0.0
train,sample_239,data/train/sample_239/Label-nadali ghanbari.xlsx,244,246,300.0,0.0,0.0
train,sample_239,data/train/sample_239/Label-nadali ghanbari.xlsx,245,247,301.0,0.0,0.0
train,sample_239,data/train/sample_239/Label-nadali ghanbari.xlsx,246,248,302.0,0.0,0.0
train,sample_24,data/train/sample_24/Label-356 farokhi ej.xlsx,1,3,2.0,0.0,0.0
train,sample_24,data/train/sample_24/Label-356 farokhi ej.xlsx,104,106,126.0,0.0,0.0
train,sample_24,data/train/sample_24/Label-356 farokhi ej.xlsx,105,107,128.0,0.0,0.0
train,sample_24,data/train/sample_24/Label-356 farokhi ej.xlsx,106,108,129.0,0.0,0.0
train,sample_24,data/train/sample_24/Label-356 farokhi ej.xlsx,107,109,130.0,0.0,0.0
train,sample_241,data/train/sample_241/Label-otherAhoei.xlsx,37,39,43.0,0.0,0.0
train,sample_241,data/train/sample_241/Label-otherAhoei.xlsx,38,40,44.0,0.0,0.0
train,sample_241,data/train/sample_241/Label-otherAhoei.xlsx,41,43,47.0,0.0,0.0
train,sample_241,data/train/sample_241/Label-otherAhoei.xlsx,45,47,51.0,0.0,0.0
train,sample_241,data/train/sample_241/Label-otherAhoei.xlsx,46,48,52.0,0.0,0.0
train,sample_241,data/train/sample_241/Label-otherAhoei.xlsx,49,51,55.0,0.0,0.0
train,sample_241,data/train/sample_241/Label-otherAhoei.xlsx,57,59,65.0,0.0,0.0
train,sample_241,data/train/sample_241/Label-otherAhoei.xlsx,58,60,66.0,0.0,0.0
train,sample_241,data/train/sample_241/Label-otherAhoei.xlsx,61,63,69.0,0.0,0.0
train,sample_241,data/train/sample_241/Label-otherAhoei.xlsx,67,69,75.0,0.0,0.0
train,sample_241,data/train/sample_241/Label-otherAhoei.xlsx,69,71,77.0,0.0,0.0
train,sample_241,data/train/sample_241/Label-otherAhoei.xlsx,92,94,101.0,0.0,0.0
train,sample_241,data/train/sample_241/Label-otherAhoei.xlsx,93,95,102.0,0.0,0.0
train,sample_241,data/train/sample_241/Label-otherAhoei.xlsx,96,98,105.0,0.0,0.0
train,sample_241,data/train/sample_241/Label-otherAhoei.xlsx,99,101,108.0,0.0,0.0
train,sample_241,data/train/sample_241/Label-otherAhoei.xlsx,100,102,109.0,0.0,0.0
train,sample_241,data/train/sample_241/Label-otherAhoei.xlsx,103,105,112.0,0.0,0.0
train,sample_241,data/train/sample_241/Label-otherAhoei.xlsx,144,146,425.0,0.0,0.0
train,sample_241,data/train/sample_241/Label-otherAhoei.xlsx,145,147,426.0,0.0,0.0
train,sample_241,data/train/sample_241/Label-otherAhoei.xlsx,148,150,429.0,0.0,0.0
train,sample_241,data/train/sample_241/Label-otherAhoei.xlsx,151,153,432.0,0.0,0.0
train,sample_241,data/train/sample_241/Label-otherAhoei.xlsx,152,154,433.0,0.0,0.0
train,sample_241,data/train/sample_241/Label-otherAhoei.xlsx,155,157,436.0,0.0,0.0
train,sample_241,data/train/sample_241/Label-otherAhoei.xlsx,185,187,470.0,0.0,0.0
train,sample_241,data/train/sample_241/Label-otherAhoei.xlsx,186,188,471.0,0.0,0.0
train,sample_241,data/train/sample_241/Label-otherAhoei.xlsx,189,191,474.0,0.0,0.0
train,sample_241,data/train/sample_241/Label-otherAhoei.xlsx,192,194,477.0,0.0,0.0
train,sample_241,data/train/sample_241/Label-otherAhoei.xlsx,193,195,478.0,0.0,0.0
train,sample_241,data/train/sample_241/Label-otherAhoei.xlsx,196,198,481.0,0.0,0.0
train,sample_241,data/train/sample_241/Label-otherAhoei.xlsx,226,228,515.0,0.0,0.0
train,sample_241,data/train/sample_241/Label-otherAhoei.xlsx,227,229,516.0,0.0,0.0
train,sample_241,data/train/sample_241/Label-otherAhoei.xlsx,230,232,519.0,0.0,0.0
train,sample_241,data/train/sample_241/Label-otherAhoei.xlsx,233,235,522.0,0.0,0.0
train,sample_241,data/train/sample_241/Label-otherAhoei.xlsx,234,236,523.0,0.0,0.0
train,sample_241,data/train/sample_241/Label-otherAhoei.xlsx,237,239,526.0,0.0,0.0
train,sample_241,data/train/sample_241/Label-otherAhoei.xlsx,267,269,560.0,0.0,0.0
train,sample_241,data/train/sample_241/Label-otherAhoei.xlsx,268,270,561.0,0.0,0.0
train,sample_241,data/train/sample_241/Label-otherAhoei.xlsx,271,273,564.0,0.0,0.0
train,sample_241,data/train/sample_241/Label-otherAhoei.xlsx,274,276,567.0,0.0,0.0
train,sample_241,data/train/sample_241/Label-otherAhoei.xlsx,275,277,568.0,0.0,0.0
train,sample_241,data/train/sample_241/Label-otherAhoei.xlsx,278,280,571.0,0.0,0.0
train,sample_241,data/train/sample_241/Label-otherAhoei.xlsx,308,310,605.0,0.0,0.0
train,sample_241,data/train/sample_241/Label-otherAhoei.xlsx,309,311,606.0,0.0,0.0
train,sample_241,data/train/sample_241/Label-otherAhoei.xlsx,312,314,609.0,0.0,0.0
train,sample_241,data/train/sample_241/Label-otherAhoei.xlsx,315,317,612.0,0.0,0.0
train,sample_241,data/train/sample_241/Label-otherAhoei.xlsx,316,318,613.0,0.0,0.0
train,sample_241,data/train/sample_241/Label-otherAhoei.xlsx,338,340,681.0,0.0,0.0
train,sample_241,data/train/sample_241/Label-otherAhoei.xlsx,339,341,684.0,0.0,0.0
train,sample_241,data/train/sample_241/Label-otherAhoei.xlsx,343,345,689.0,0.0,0.0
train,sample_241,data/train/sample_241/Label-otherAhoei.xlsx,348,350,696.0,0.0,0.0
train,sample_241,data/train/sample_241/Label-otherAhoei.xlsx,349,351,697.0,0.0,0.0
train,sample_242,data/train/sample_242/Label-otherKARIMI.xlsx,261,263,267.0,0.0,0.0
train,sample_242,data/train/sample_242/Label-otherKARIMI.xlsx,263,265,269.0,0.0,0.0
train,sample_242,data/train/sample_242/Label-otherKARIMI.xlsx,265,267,271.0,0.0,0.0
train,sample_242,data/train/sample_242/Label-otherKARIMI.xlsx,267,269,273.0,0.0,0.0
train,sample_242,data/train/sample_242/Label-otherKARIMI.xlsx,269,271,275.0,0.0,0.0
train,sample_242,data/train/sample_242/Label-otherKARIMI.xlsx,271,273,277.0,0.0,0.0
train,sample_242,data/train/sample_242/Label-otherKARIMI.xlsx,290,292,337.0,0.0,0.0
train,sample_242,data/train/sample_242/Label-otherKARIMI.xlsx,291,293,339.0,0.0,0.0
train,sample_242,data/train/sample_242/Label-otherKARIMI.xlsx,292,294,341.0,0.0,0.0
train,sample_242,data/train/sample_242/Label-otherKARIMI.xlsx,293,295,343.0,0.0,0.0
train,sample_242,data/train/sample_242/Label-otherKARIMI.xlsx,294,296,345.0,0.0,0.0
train,sample_242,data/train/sample_242/Label-otherKARIMI.xlsx,295,297,347.0,0.0,0.0
train,sample_242,data/train/sample_242/Label-otherKARIMI.xlsx,296,298,349.0,0.0,0.0
train,sample_242,data/train/sample_242/Label-otherKARIMI.xlsx,297,299,351.0,0.0,0.0
train,sample_243,data/train/sample_243/Label-pp-meli-5.xlsx,365,367,673.0,0.0,0.0
train,sample_243,data/train/sample_243/Label-pp-meli-5.xlsx,366,368,675.0,0.0,0.0
train,sample_243,data/train/sample_243/Label-pp-meli-5.xlsx,367,369,677.0,0.0,0.0
train,sample_243,data/train/sample_243/Label-pp-meli-5.xlsx,368,370,679.0,0.0,0.0
train,sample_243,data/train/sample_243/Label-pp-meli-5.xlsx,369,371,681.0,0.0,0.0
train,sample_243,data/train/sample_243/Label-pp-meli-5.xlsx,370,372,683.0,0.0,0.0
train,sample_243,data/train/sample_243/Label-pp-meli-5.xlsx,371,373,685.0,0.0,0.0
train,sample_243,data/train/sample_243/Label-pp-meli-5.xlsx,372,374,687.0,0.0,0.0
train,sample_243,data/train/sample_243/Label-pp-meli-5.xlsx,373,375,689.0,0.0,0.0
train,sample_243,data/train/sample_243/Label-pp-meli-5.xlsx,374,376,691.0,0.0,0.0
train,sample_243,data/train/sample_243/Label-pp-meli-5.xlsx,375,377,693.0,0.0,0.0
train,sample_243,data/train/sample_243/Label-pp-meli-5.xlsx,376,378,695.0,0.0,0.0
train,sample_244,data/train/sample_244/Label-rahimi.xlsx,143,145,149.0,0.0,0.0
train,sample_244,data/train/sample_244/Label-rahimi.xlsx,144,146,150.0,0.0,0.0
train,sample_244,data/train/sample_244/Label-rahimi.xlsx,145,147,151.0,0.0,0.0
train,sample_244,data/train/sample_244/Label-rahimi.xlsx,146,148,152.0,0.0,0.0
train,sample_244,data/train/sample_244/Label-rahimi.xlsx,147,149,153.0,0.0,0.0
train,sample_244,data/train/sample_244/Label-rahimi.xlsx,148,150,154.0,0.0,0.0
train,sample_244,data/train/sample_244/Label-rahimi.xlsx,149,151,155.0,0.0,0.0
train,sample_244,data/train/sample_244/Label-rahimi.xlsx,150,152,156.0,0.0,0.0
train,sample_244,data/train/sample_244/Label-rahimi.xlsx,151,153,157.0,0.0,0.0
train,sample_244,data/train/sample_244/Label-rahimi.xlsx,152,154,158.0,0.0,0.0
train,sample_244,data/train/sample_244/Label-rahimi.xlsx,153,155,159.0,0.0,0.0
train,sample_244,data/train/sample_244/Label-rahimi.xlsx,154,156,160.0,0.0,0.0
train,sample_244,data/train/sample_244/Label-rahimi.xlsx,155,157,161.0,0.0,0.0
train,sample_244,data/train/sample_244/Label-rahimi.xlsx,156,158,162.0,0.0,0.0
train,sample_244,data/train/sample_244/Label-rahimi.xlsx,157,159,163.0,0.0,0.0
train,sample_244,data/train/sample_244/Label-rahimi.xlsx,163,165,169.0,0.0,0.0
train,sample_244,data/train/sample_244/Label-rahimi.xlsx,164,166,170.0,0.0,0.0
train,sample_244,data/train/sample_244/Label-rahimi.xlsx,165,167,171.0,0.0,0.0
train,sample_244,data/train/sample_244/Label-rahimi.xlsx,166,168,172.0,0.0,0.0
train,sample_244,data/train/sample_244/Label-rahimi.xlsx,167,169,173.0,0.0,0.0
train,sample_244,data/train/sample_244/Label-rahimi.xlsx,168,170,174.0,0.0,0.0
train,sample_244,data/train/sample_244/Label-rahimi.xlsx,169,171,175.0,0.0,0.0
train,sample_244,data/train/sample_244/Label-rahimi.xlsx,170,172,176.0,0.0,0.0
train,sample_244,data/train/sample_244/Label-rahimi.xlsx,171,173,177.0,0.0,0.0
train,sample_244,data/train/sample_244/Label-rahimi.xlsx,172,174,178.0,0.0,0.0
train,sample_245,data/train/sample_245/Label-sadrabadi.xlsx,120,122,125.0,0.0,0.0
train,sample_245,data/train/sample_245/Label-sadrabadi.xlsx,121,123,126.0,0.0,0.0
train,sample_245,data/train/sample_245/Label-sadrabadi.xlsx,122,124,127.0,0.0,0.0
train,sample_245,data/train/sample_245/Label-sadrabadi.xlsx,123,125,128.0,0.0,0.0
train,sample_245,data/train/sample_245/Label-sadrabadi.xlsx,124,126,129.0,0.0,0.0
train,sample_245,data/train/sample_245/Label-sadrabadi.xlsx,125,127,130.0,0.0,0.0
train,sample_245,data/train/sample_245/Label-sadrabadi.xlsx,126,128,131.0,0.0,0.0
train,sample_245,data/train/sample_245/Label-sadrabadi.xlsx,127,129,132.0,0.0,0.0
train,sample_245,data/train/sample_245/Label-sadrabadi.xlsx,148,150,157.0,0.0,0.0
train,sample_245,data/train/sample_245/Label-sadrabadi.xlsx,149,151,158.0,0.0,0.0
train,sample_245,data/train/sample_245/Label-sadrabadi.xlsx,150,152,159.0,0.0,0.0
train,sample_245,data/train/sample_245/Label-sadrabadi.xlsx,151,153,160.0,0.0,0.0
train,sample_246,data/train/sample_246/Label-salarieh kazem panah.xlsx,88,90,94.0,0.0,0.0
train,sample_246,data/train/sample_246/Label-salarieh kazem panah.xlsx,94,96,100.0,0.0,0.0
train,sample_246,data/train/sample_246/Label-salarieh kazem panah.xlsx,199,201,205.0,0.0,0.0
train,sample_246,data/train/sample_246/Label-salarieh kazem panah.xlsx,223,225,229.0,0.0,0.0
train,sample_246,data/train/sample_246/Label-salarieh kazem panah.xlsx,224,226,230.0,0.0,0.0
train,sample_246,data/train/sample_246/Label-salarieh kazem panah.xlsx,225,227,231.0,0.0,0.0
train,sample_246,data/train/sample_246/Label-salarieh kazem panah.xlsx,226,228,232.0,0.0,0.0
train,sample_246,data/train/sample_246/Label-salarieh kazem panah.xlsx,231,233,237.0,0.0,0.0
train,sample_246,data/train/sample_246/Label-salarieh kazem panah.xlsx,232,234,238.0,0.0,0.0
train,sample_246,data/train/sample_246/Label-salarieh kazem panah.xlsx,233,235,239.0,0.0,0.0
train,sample_246,data/train/sample_246/Label-salarieh kazem panah.xlsx,234,236,240.0,0.0,0.0
train,sample_246,data/train/sample_246/Label-salarieh kazem panah.xlsx,235,237,241.0,0.0,0.0
train,sample_246,data/train/sample_246/Label-salarieh kazem panah.xlsx,240,242,246.0,0.0,0.0
train,sample_246,data/train/sample_246/Label-salarieh kazem panah.xlsx,250,252,256.0,0.0,0.0
train,sample_246,data/train/sample_246/Label-salarieh kazem panah.xlsx,259,261,265.0,0.0,0.0
train,sample_246,data/train/sample_246/Label-salarieh kazem panah.xlsx,260,262,266.0,0.0,0.0
train,sample_246,data/train/sample_246/Label-salarieh kazem panah.xlsx,261,263,267.0,0.0,0.0
train,sample_246,data/train/sample_246/Label-salarieh kazem panah.xlsx,262,264,268.0,0.0,0.0
train,sample_246,data/train/sample_246/Label-salarieh kazem panah.xlsx,263,265,269.0,0.0,0.0
train,sample_246,data/train/sample_246/Label-salarieh kazem panah.xlsx,264,266,270.0,0.0,0.0
train,sample_246,data/train/sample_246/Label-salarieh kazem panah.xlsx,265,267,271.0,0.0,0.0
train,sample_246,data/train/sample_246/Label-salarieh kazem panah.xlsx,266,268,272.0,0.0,0.0
train,sample_246,data/train/sample_246/Label-salarieh kazem panah.xlsx,268,270,274.0,0.0,0.0
train,sample_246,data/train/sample_246/Label-salarieh kazem panah.xlsx,270,272,276.0,0.0,0.0
train,sample_246,data/train/sample_246/Label-salarieh kazem panah.xlsx,274,276,289.0,0.0,0.0
train,sample_246,data/train/sample_246/Label-salarieh kazem panah.xlsx,275,277,293.0,0.0,0.0
train,sample_246,data/train/sample_246/Label-salarieh kazem panah.xlsx,282,284,313.0,0.0,0.0
train,sample_246,data/train/sample_246/Label-salarieh kazem panah.xlsx,283,285,317.0,0.0,0.0
train,sample_246,data/train/sample_246/Label-salarieh kazem panah.xlsx,284,286,319.0,0.0,0.0
train,sample_246,data/train/sample_246/Label-salarieh kazem panah.xlsx,286,288,322.0,0.0,0.0
train,sample_246,data/train/sample_246/Label-salarieh kazem panah.xlsx,287,289,324.0,0.0,0.0
train,sample_246,data/train/sample_246/Label-salarieh kazem panah.xlsx,288,290,325.0,0.0,0.0
train,sample_246,data/train/sample_246/Label-salarieh kazem panah.xlsx,289,291,327.0,0.0,0.0
train,sample_246,data/train/sample_246/Label-salarieh kazem panah.xlsx,290,292,329.0,0.0,0.0
train,sample_246,data/train/sample_246/Label-salarieh kazem panah.xlsx,291,293,330.0,0.0,0.0
train,sample_246,data/train/sample_246/Label-salarieh kazem panah.xlsx,292,294,332.0,0.0,0.0
train,sample_246,data/train/sample_246/Label-salarieh kazem panah.xlsx,293,295,333.0,0.0,0.0
train,sample_247,data/train/sample_247/Label-sazman.xlsx,15,17,16.0,0.0,0.0
train,sample_247,data/train/sample_247/Label-sazman.xlsx,243,245,281.0,0.0,0.0
train,sample_247,data/train/sample_247/Label-sazman.xlsx,244,246,282.0,0.0,0.0
train,sample_247,data/train/sample_247/Label-sazman.xlsx,245,247,283.0,0.0,0.0
train,sample_247,data/train/sample_247/Label-sazman.xlsx,246,248,284.0,0.0,0.0
train,sample_247,data/train/sample_247/Label-sazman.xlsx,247,249,285.0,0.0,0.0
train,sample_247,data/train/sample_247/Label-sazman.xlsx,248,250,286.0,0.0,0.0
train,sample_247,data/train/sample_247/Label-sazman.xlsx,249,251,287.0,0.0,0.0
train,sample_247,data/train/sample_247/Label-sazman.xlsx,250,252,288.0,0.0,0.0
train,sample_247,data/train/sample_247/Label-sazman.xlsx,301,303,354.0,0.0,0.0
train,sample_247,data/train/sample_247/Label-sazman.xlsx,302,304,355.0,0.0,0.0
train,sample_247,data/train/sample_247/Label-sazman.xlsx,303,305,356.0,0.0,0.0
train,sample_247,data/train/sample_247/Label-sazman.xlsx,304,306,357.0,0.0,0.0
train,sample_247,data/train/sample_247/Label-sazman.xlsx,305,307,358.0,0.0,0.0
train,sample_247,data/train/sample_247/Label-sazman.xlsx,306,308,359.0,0.0,0.0
train,sample_247,data/train/sample_247/Label-sazman.xlsx,307,309,360.0,0.0,0.0
train,sample_247,data/train/sample_247/Label-sazman.xlsx,322,324,377.0,0.0,0.0
train,sample_247,data/train/sample_247/Label-sazman.xlsx,324,326,381.0,0.0,0.0
train,sample_248,data/train/sample_248/Label-sazmanejr.xlsx,93,95,103.0,0.0,0.0
train,sample_248,data/train/sample_248/Label-sazmanejr.xlsx,98,100,108.0,0.0,0.0
train,sample_248,data/train/sample_248/Label-sazmanejr.xlsx,99,101,109.0,0.0,0.0
train,sample_248,data/train/sample_248/Label-sazmanejr.xlsx,114,116,124.0,0.0,0.0
train,sample_248,data/train/sample_248/Label-sazmanejr.xlsx,116,118,126.0,0.0,0.0
train,sample_248,data/train/sample_248/Label-sazmanejr.xlsx,137,139,147.0,0.0,0.0
train,sample_248,data/train/sample_248/Label-sazmanejr.xlsx,139,141,149.0,0.0,0.0
train,sample_248,data/train/sample_248/Label-sazmanejr.xlsx,160,162,170.0,0.0,0.0
train,sample_248,data/train/sample_248/Label-sazmanejr.xlsx,162,164,172.0,0.0,0.0
train,sample_248,data/train/sample_248/Label-sazmanejr.xlsx,183,185,193.0,0.0,0.0
train,sample_248,data/train/sample_248/Label-sazmanejr.xlsx,185,187,195.0,0.0,0.0
train,sample_248,data/train/sample_248/Label-sazmanejr.xlsx,206,208,216.0,0.0,0.0
train,sample_248,data/train/sample_248/Label-sazmanejr.xlsx,208,210,218.0,0.0,0.0
train,sample_248,data/train/sample_248/Label-sazmanejr.xlsx,229,231,239.0,0.0,0.0
train,sample_248,data/train/sample_248/Label-sazmanejr.xlsx,231,233,241.0,0.0,0.0
train,sample_248,data/train/sample_248/Label-sazmanejr.xlsx,252,254,262.0,0.0,0.0
train,sample_248,data/train/sample_248/Label-sazmanejr.xlsx,254,256,264.0,0.0,0.0
train,sample_248,data/train/sample_248/Label-sazmanejr.xlsx,310,312,320.0,0.0,0.0
train,sample_249,data/train/sample_249/Label-seiedian sepah.xlsx,0,2,1.0,0.0,0.0
train,sample_249,data/train/sample_249/Label-seiedian sepah.xlsx,7,9,8.0,0.0,0.0
train,sample_249,data/train/sample_249/Label-seiedian sepah.xlsx,28,30,29.0,0.0,0.0
train,sample_249,data/train/sample_249/Label-seiedian sepah.xlsx,35,37,36.0,0.0,0.0
train,sample_249,data/train/sample_249/Label-seiedian sepah.xlsx,42,44,43.0,0.0,0.0
train,sample_249,data/train/sample_249/Label-seiedian sepah.xlsx,49,51,50.0,0.0,0.0
train,sample_249,data/train/sample_249/Label-seiedian sepah.xlsx,56,58,57.0,0.0,0.0
train,sample_249,data/train/sample_249/Label-seiedian sepah.xlsx,57,59,58.0,0.0,0.0
train,sample_249,data/train/sample_249/Label-seiedian sepah.xlsx,58,60,59.0,0.0,0.0
train,sample_249,data/train/sample_249/Label-seiedian sepah.xlsx,59,61,60.0,0.0,0.0
train,sample_249,data/train/sample_249/Label-seiedian sepah.xlsx,60,62,61.0,0.0,0.0
train,sample_249,data/train/sample_249/Label-seiedian sepah.xlsx,61,63,62.0,0.0,0.0
train,sample_249,data/train/sample_249/Label-seiedian sepah.xlsx,62,64,63.0,0.0,0.0
train,sample_249,data/train/sample_249/Label-seiedian sepah.xlsx,70,72,71.0,0.0,0.0
train,sample_249,data/train/sample_249/Label-seiedian sepah.xlsx,77,79,78.0,0.0,0.0
train,sample_249,data/train/sample_249/Label-seiedian sepah.xlsx,78,80,79.0,0.0,0.0
train,sample_249,data/train/sample_249/Label-seiedian sepah.xlsx,79,81,80.0,0.0,0.0
train,sample_249,data/train/sample_249/Label-seiedian sepah.xlsx,80,82,81.0,0.0,0.0
train,sample_249,data/train/sample_249/Label-seiedian sepah.xlsx,81,83,82.0,0.0,0.0
train,sample_249,data/train/sample_249/Label-seiedian sepah.xlsx,82,84,83.0,0.0,0.0
train,sample_249,data/train/sample_249/Label-seiedian sepah.xlsx,83,85,84.0,0.0,0.0
train,sample_249,data/train/sample_249/Label-seiedian sepah.xlsx,91,93,92.0,0.0,0.0
train,sample_249,data/train/sample_249/Label-seiedian sepah.xlsx,97,99,98.0,0.0,0.0
train,sample_249,data/train/sample_249/Label-seiedian sepah.xlsx,98,100,99.0,0.0,0.0
train,sample_249,data/train/sample_249/Label-seiedian sepah.xlsx,105,107,106.0,0.0,0.0
train,sample_249,data/train/sample_249/Label-seiedian sepah.xlsx,126,128,127.0,0.0,0.0
train,sample_249,data/train/sample_249/Label-seiedian sepah.xlsx,133,135,134.0,0.0,0.0
train,sample_249,data/train/sample_249/Label-seiedian sepah.xlsx,140,142,141.0,0.0,0.0
train,sample_249,data/train/sample_249/Label-seiedian sepah.xlsx,147,149,148.0,0.0,0.0
train,sample_249,data/train/sample_249/Label-seiedian sepah.xlsx,154,156,155.0,0.0,0.0
train,sample_249,data/train/sample_249/Label-seiedian sepah.xlsx,161,163,162.0,0.0,0.0
train,sample_250,data/train/sample_250/Label-sepah.xlsx,233,235,234.0,0.0,0.0
train,sample_250,data/train/sample_250/Label-sepah.xlsx,234,236,235.0,0.0,0.0
train,sample_250,data/train/sample_250/Label-sepah.xlsx,235,237,236.0,0.0,0.0
train,sample_250,data/train/sample_250/Label-sepah.xlsx,236,238,237.0,0.0,0.0
train,sample_250,data/train/sample_250/Label-sepah.xlsx,237,239,238.0,0.0,0.0
train,sample_250,data/train/sample_250/Label-sepah.xlsx,238,240,239.0,0.0,0.0
train,sample_250,data/train/sample_250/Label-sepah.xlsx,245,247,246.0,0.0,0.0
train,sample_250,data/train/sample_250/Label-sepah.xlsx,246,248,247.0,0.0,0.0
train,sample_250,data/train/sample_250/Label-sepah.xlsx,247,249,248.0,0.0,0.0
train,sample_250,data/train/sample_250/Label-sepah.xlsx,248,250,249.0,0.0,0.0
train,sample_250,data/train/sample_250/Label-sepah.xlsx,249,251,250.0,0.0,0.0
train,sample_250,data/train/sample_250/Label-sepah.xlsx,250,252,251.0,0.0,0.0
train,sample_250,data/train/sample_250/Label-sepah.xlsx,251,253,252.0,0.0,0.0
train,sample_250,data/train/sample_250/Label-sepah.xlsx,252,254,253.0,0.0,0.0
train,sample_250,data/train/sample_250/Label-sepah.xlsx,253,255,254.0,0.0,0.0
train,sample_250,data/train/sample_250/Label-sepah.xlsx,254,256,255.0,0.0,0.0
train,sample_250,data/train/sample_250/Label-sepah.xlsx,255,257,256.0,0.0,0.0
train,sample_250,data/train/sample_250/Label-sepah.xlsx,256,258,257.0,0.0,0.0
train,sample_251,data/train/sample_251/Label-shahidi yasan12.xlsx,45,47,46.0,0.0,0.0
train,sample_251,data/train/sample_251/Label-shahidi yasan12.xlsx,46,48,47.0,0.0,0.0
train,sample_251,data/train/sample_251/Label-shahidi yasan12.xlsx,70,72,71.0,0.0,0.0
train,sample_251,data/train/sample_251/Label-shahidi yasan12.xlsx,88,90,89.0,0.0,0.0
train,sample_251,data/train/sample_251/Label-shahidi yasan12.xlsx,89,91,90.0,0.0,0.0
train,sample_251,data/train/sample_251/Label-shahidi yasan12.xlsx,91,93,92.0,0.0,0.0
train,sample_251,data/train/sample_251/Label-shahidi yasan12.xlsx,100,102,101.0,0.0,0.0
train,sample_251,data/train/sample_251/Label-shahidi yasan12.xlsx,109,111,110.0,0.0,0.0
train,sample_251,data/train/sample_251/Label-shahidi yasan12.xlsx,118,120,119.0,0.0,0.0
train,sample_251,data/train/sample_251/Label-shahidi yasan12.xlsx,127,129,128.0,0.0,0.0
train,sample_251,data/train/sample_251/Label-shahidi yasan12.xlsx,145,147,146.0,0.0,0.0
train,sample_251,data/train/sample_251/Label-shahidi yasan12.xlsx,152,154,153.0,0.0,0.0
train,sample_251,data/train/sample_251/Label-shahidi yasan12.xlsx,154,156,155.0,0.0,0.0
train,sample_251,data/train/sample_251/Label-shahidi yasan12.xlsx,169,171,173.0,0.0,0.0
train,sample_251,data/train/sample_251/Label-shahidi yasan12.xlsx,178,180,182.0,0.0,0.0
train,sample_251,data/train/sample_251/Label-shahidi yasan12.xlsx,187,189,191.0,0.0,0.0
train,sample_251,data/train/sample_251/Label-shahidi yasan12.xlsx,284,286,289.0,0.0,0.0
train,sample_251,data/train/sample_251/Label-shahidi yasan12.xlsx,285,287,291.0,0.0,0.0
train,sample_251,data/train/sample_251/Label-shahidi yasan12.xlsx,286,288,292.0,0.0,0.0
train,sample_251,data/train/sample_251/Label-shahidi yasan12.xlsx,287,289,293.0,0.0,0.0
train,sample_251,data/train/sample_251/Label-shahidi yasan12.xlsx,288,290,294.0,0.0,0.0
train,sample_251,data/train/sample_251/Label-shahidi yasan12.xlsx,289,291,295.0,0.0,0.0
train,sample_251,data/train/sample_251/Label-shahidi yasan12.xlsx,290,292,296.0,0.0,0.0
train,sample_251,data/train/sample_251/Label-shahidi yasan12.xlsx,301,303,316.0,0.0,0.0
train,sample_251,data/train/sample_251/Label-shahidi yasan12.xlsx,302,304,318.0,0.0,0.0
train,sample_251,data/train/sample_251/Label-shahidi yasan12.xlsx,303,305,319.0,0.0,0.0
train,sample_251,data/train/sample_251/Label-shahidi yasan12.xlsx,304,306,320.0,0.0,0.0
train,sample_251,data/train/sample_251/Label-shahidi yasan12.xlsx,305,307,321.0,0.0,0.0
train,sample_251,data/train/sample_251/Label-shahidi yasan12.xlsx,306,308,322.0,0.0,0.0
train,sample_251,data/train/sample_251/Label-shahidi yasan12.xlsx,307,309,323.0,0.0,0.0
train,sample_251,data/train/sample_251/Label-shahidi yasan12.xlsx,317,319,334.0,0.0,0.0
train,sample_251,data/train/sample_251/Label-shahidi yasan12.xlsx,318,320,336.0,0.0,0.0
train,sample_251,data/train/sample_251/Label-shahidi yasan12.xlsx,319,321,337.0,0.0,0.0
train,sample_251,data/train/sample_251/Label-shahidi yasan12.xlsx,320,322,338.0,0.0,0.0
train,sample_251,data/train/sample_251/Label-shahidi yasan12.xlsx,321,323,339.0,0.0,0.0
train,sample_251,data/train/sample_251/Label-shahidi yasan12.xlsx,322,324,340.0,0.0,0.0
train,sample_251,data/train/sample_251/Label-shahidi yasan12.xlsx,323,325,341.0,0.0,0.0
train,sample_251,data/train/sample_251/Label-shahidi yasan12.xlsx,325,327,343.0,0.0,0.0
train,sample_251,data/train/sample_251/Label-shahidi yasan12.xlsx,326,328,345.0,0.0,0.0
train,sample_251,data/train/sample_251/Label-shahidi yasan12.xlsx,327,329,346.0,0.0,0.0
train,sample_251,data/train/sample_251/Label-shahidi yasan12.xlsx,328,330,347.0,0.0,0.0
train,sample_251,data/train/sample_251/Label-shahidi yasan12.xlsx,329,331,348.0,0.0,0.0
train,sample_251,data/train/sample_251/Label-shahidi yasan12.xlsx,330,332,349.0,0.0,0.0
train,sample_251,data/train/sample_251/Label-shahidi yasan12.xlsx,331,333,350.0,0.0,0.0
train,sample_251,data/train/sample_251/Label-shahidi yasan12.xlsx,349,351,370.0,0.0,0.0
train,sample_251,data/train/sample_251/Label-shahidi yasan12.xlsx,350,352,372.0,0.0,0.0
train,sample_251,data/train/sample_251/Label-shahidi yasan12.xlsx,351,353,373.0,0.0,0.0
train,sample_251,data/train/sample_251/Label-shahidi yasan12.xlsx,352,354,374.0,0.0,0.0
train,sample_251,data/train/sample_251/Label-shahidi yasan12.xlsx,353,355,375.0,0.0,0.0
train,sample_251,data/train/sample_251/Label-shahidi yasan12.xlsx,354,356,376.0,0.0,0.0
train,sample_251,data/train/sample_251/Label-shahidi yasan12.xlsx,355,357,377.0,0.0,0.0
train,sample_251,data/train/sample_251/Label-shahidi yasan12.xlsx,385,387,433.0,0.0,0.0
train,sample_251,data/train/sample_251/Label-shahidi yasan12.xlsx,386,388,435.0,0.0,0.0
train,sample_251,data/train/sample_251/Label-shahidi yasan12.xlsx,387,389,436.0,0.0,0.0
train,sample_251,data/train/sample_251/Label-shahidi yasan12.xlsx,388,390,437.0,0.0,0.0
train,sample_251,data/train/sample_251/Label-shahidi yasan12.xlsx,389,391,438.0,0.0,0.0
train,sample_251,data/train/sample_251/Label-shahidi yasan12.xlsx,390,392,439.0,0.0,0.0
train,sample_251,data/train/sample_251/Label-shahidi yasan12.xlsx,391,393,440.0,0.0,0.0
train,sample_251,data/train/sample_251/Label-shahidi yasan12.xlsx,413,415,469.0,0.0,0.0
train,sample_251,data/train/sample_251/Label-shahidi yasan12.xlsx,414,416,471.0,0.0,0.0
train,sample_251,data/train/sample_251/Label-shahidi yasan12.xlsx,415,417,472.0,0.0,0.0
train,sample_251,data/train/sample_251/Label-shahidi yasan12.xlsx,416,418,473.0,0.0,0.0
train,sample_251,data/train/sample_251/Label-shahidi yasan12.xlsx,417,419,474.0,0.0,0.0
train,sample_251,data/train/sample_251/Label-shahidi yasan12.xlsx,418,420,475.0,0.0,0.0
train,sample_251,data/train/sample_251/Label-shahidi yasan12.xlsx,419,421,476.0,0.0,0.0
train,sample_252,data/train/sample_252/Label-tafresh nia.xlsx,87,89,184.0,0.0,0.0
train,sample_252,data/train/sample_252/Label-tafresh nia.xlsx,88,90,185.0,0.0,0.0
train,sample_252,data/train/sample_252/Label-tafresh nia.xlsx,89,91,186.0,0.0,0.0
train,sample_252,data/train/sample_252/Label-tafresh nia.xlsx,91,93,189.0,0.0,0.0
train,sample_252,data/train/sample_252/Label-tafresh nia.xlsx,92,94,190.0,0.0,0.0
train,sample_252,data/train/sample_252/Label-tafresh nia.xlsx,93,95,191.0,0.0,0.0
train,sample_252,data/train/sample_252/Label-tafresh nia.xlsx,94,96,194.0,0.0,0.0
train,sample_252,data/train/sample_252/Label-tafresh nia.xlsx,95,97,195.0,0.0,0.0
train,sample_252,data/train/sample_252/Label-tafresh nia.xlsx,96,98,196.0,0.0,0.0
train,sample_252,data/train/sample_252/Label-tafresh nia.xlsx,97,99,199.0,0.0,0.0
train,sample_252,data/train/sample_252/Label-tafresh nia.xlsx,98,100,200.0,0.0,0.0
train,sample_252,data/train/sample_252/Label-tafresh nia.xlsx,99,101,201.0,0.0,0.0
train,sample_252,data/train/sample_252/Label-tafresh nia.xlsx,102,104,206.0,0.0,0.0
train,sample_252,data/train/sample_252/Label-tafresh nia.xlsx,105,107,211.0,0.0,0.0
train,sample_252,data/train/sample_252/Label-tafresh nia.xlsx,108,110,216.0,0.0,0.0
train,sample_252,data/train/sample_252/Label-tafresh nia.xlsx,111,113,221.0,0.0,0.0
train,sample_252,data/train/sample_252/Label-tafresh nia.xlsx,115,117,231.0,0.0,0.0
train,sample_252,data/train/sample_252/Label-tafresh nia.xlsx,116,118,232.0,0.0,0.0
train,sample_252,data/train/sample_252/Label-tafresh nia.xlsx,117,119,233.0,0.0,0.0
train,sample_254,data/train/sample_254/Label-zand.xlsx,263,265,271.0,0.0,0.0
train,sample_254,data/train/sample_254/Label-zand.xlsx,264,266,272.0,0.0,0.0
train,sample_254,data/train/sample_254/Label-zand.xlsx,265,267,273.0,0.0,0.0
train,sample_254,data/train/sample_254/Label-zand.xlsx,266,268,274.0,0.0,0.0
train,sample_254,data/train/sample_254/Label-zand.xlsx,267,269,275.0,0.0,0.0
train,sample_254,data/train/sample_254/Label-zand.xlsx,268,270,276.0,0.0,0.0
train,sample_254,data/train/sample_254/Label-zand.xlsx,269,271,277.0,0.0,0.0
train,sample_254,data/train/sample_254/Label-zand.xlsx,270,272,278.0,0.0,0.0
train,sample_254,data/train/sample_254/Label-zand.xlsx,271,273,279.0,0.0,0.0
train,sample_254,data/train/sample_254/Label-zand.xlsx,272,274,280.0,0.0,0.0
train,sample_254,data/train/sample_254/Label-zand.xlsx,273,275,281.0,0.0,0.0
train,sample_254,data/train/sample_254/Label-zand.xlsx,274,276,282.0,0.0,0.0
train,sample_254,data/train/sample_254/Label-zand.xlsx,275,277,283.0,0.0,0.0
train,sample_254,data/train/sample_254/Label-zand.xlsx,276,278,284.0,0.0,0.0
train,sample_254,data/train/sample_254/Label-zand.xlsx,277,279,285.0,0.0,0.0
train,sample_254,data/train/sample_254/Label-zand.xlsx,278,280,286.0,0.0,0.0
train,sample_254,data/train/sample_254/Label-zand.xlsx,279,281,287.0,0.0,0.0
train,sample_254,data/train/sample_254/Label-zand.xlsx,280,282,288.0,0.0,0.0
train,sample_254,data/train/sample_254/Label-zand.xlsx,281,283,289.0,0.0,0.0
train,sample_254,data/train/sample_254/Label-zand.xlsx,282,284,290.0,0.0,0.0
train,sample_254,data/train/sample_254/Label-zand.xlsx,283,285,291.0,0.0,0.0
train,sample_254,data/train/sample_254/Label-zand.xlsx,284,286,292.0,0.0,0.0
train,sample_254,data/train/sample_254/Label-zand.xlsx,285,287,293.0,0.0,0.0
train,sample_254,data/train/sample_254/Label-zand.xlsx,295,297,303.0,0.0,0.0
train,sample_254,data/train/sample_254/Label-zand.xlsx,296,298,304.0,0.0,0.0
train,sample_254,data/train/sample_254/Label-zand.xlsx,297,299,305.0,0.0,0.0
train,sample_254,data/train/sample_254/Label-zand.xlsx,298,300,306.0,0.0,0.0
train,sample_254,data/train/sample_254/Label-zand.xlsx,299,301,307.0,0.0,0.0
train,sample_254,data/train/sample_254/Label-zand.xlsx,300,302,308.0,0.0,0.0
train,sample_254,data/train/sample_254/Label-zand.xlsx,301,303,309.0,0.0,0.0
train,sample_254,data/train/sample_254/Label-zand.xlsx,303,305,311.0,0.0,0.0
train,sample_254,data/train/sample_254/Label-zand.xlsx,304,306,312.0,0.0,0.0
train,sample_254,data/train/sample_254/Label-zand.xlsx,305,307,313.0,0.0,0.0
train,sample_254,data/train/sample_254/Label-zand.xlsx,306,308,314.0,0.0,0.0
train,sample_254,data/train/sample_254/Label-zand.xlsx,307,309,315.0,0.0,0.0
train,sample_254,data/train/sample_254/Label-zand.xlsx,308,310,316.0,0.0,0.0
train,sample_254,data/train/sample_254/Label-zand.xlsx,309,311,317.0,0.0,0.0
train,sample_254,data/train/sample_254/Label-zand.xlsx,310,312,318.0,0.0,0.0
train,sample_254,data/train/sample_254/Label-zand.xlsx,319,321,327.0,0.0,0.0
train,sample_254,data/train/sample_254/Label-zand.xlsx,320,322,328.0,0.0,0.0
train,sample_254,data/train/sample_254/Label-zand.xlsx,321,323,329.0,0.0,0.0
train,sample_254,data/train/sample_254/Label-zand.xlsx,322,324,330.0,0.0,0.0
train,sample_254,data/train/sample_254/Label-zand.xlsx,323,325,331.0,0.0,0.0
train,sample_254,data/train/sample_254/Label-zand.xlsx,324,326,332.0,0.0,0.0
train,sample_254,data/train/sample_254/Label-zand.xlsx,325,327,333.0,0.0,0.0
train,sample_254,data/train/sample_254/Label-zand.xlsx,327,329,335.0,0.0,0.0
train,sample_254,data/train/sample_254/Label-zand.xlsx,328,330,336.0,0.0,0.0
train,sample_254,data/train/sample_254/Label-zand.xlsx,329,331,337.0,0.0,0.0
train,sample_254,data/train/sample_254/Label-zand.xlsx,330,332,338.0,0.0,0.0
train,sample_254,data/train/sample_254/Label-zand.xlsx,331,333,339.0,0.0,0.0
train,sample_254,data/train/sample_254/Label-zand.xlsx,332,334,340.0,0.0,0.0
train,sample_254,data/train/sample_254/Label-zand.xlsx,333,335,341.0,0.0,0.0
train,sample_254,data/train/sample_254/Label-zand.xlsx,350,352,366.0,0.0,0.0
train,sample_254,data/train/sample_254/Label-zand.xlsx,351,353,367.0,0.0,0.0
train,sample_254,data/train/sample_254/Label-zand.xlsx,356,358,372.0,0.0,0.0
train,sample_26,data/train/sample_26/Label-39-moraffah-hemmati.xlsx,166,168,167.0,0.0,0.0
train,sample_30,data/train/sample_30/Label-460 mireei PACK.xlsx,45,47,55.0,0.0,0.0
train,sample_30,data/train/sample_30/Label-460 mireei PACK.xlsx,46,48,56.0,0.0,0.0
train,sample_30,data/train/sample_30/Label-460 mireei PACK.xlsx,47,49,57.0,0.0,0.0
train,sample_30,data/train/sample_30/Label-460 mireei PACK.xlsx,48,50,58.0,0.0,0.0
train,sample_30,data/train/sample_30/Label-460 mireei PACK.xlsx,49,51,59.0,0.0,0.0
train,sample_31,data/train/sample_31/Label-466 hasani manesh ej.xlsx,1,3,2.0,0.0,0.0
train,sample_31,data/train/sample_31/Label-466 hasani manesh ej.xlsx,142,144,163.0,0.0,0.0
train,sample_31,data/train/sample_31/Label-466 hasani manesh ej.xlsx,143,145,165.0,0.0,0.0
train,sample_31,data/train/sample_31/Label-466 hasani manesh ej.xlsx,144,146,166.0,0.0,0.0
train,sample_31,data/train/sample_31/Label-466 hasani manesh ej.xlsx,145,147,167.0,0.0,0.0
train,sample_31,data/train/sample_31/Label-466 hasani manesh ej.xlsx,146,148,168.0,0.0,0.0
train,sample_34,data/train/sample_34/Label-482 rahimi mehr PACK.xlsx,100,102,101.0,0.0,0.0
train,sample_34,data/train/sample_34/Label-482 rahimi mehr PACK.xlsx,101,103,102.0,0.0,0.0
train,sample_34,data/train/sample_34/Label-482 rahimi mehr PACK.xlsx,102,104,103.0,0.0,0.0
train,sample_34,data/train/sample_34/Label-482 rahimi mehr PACK.xlsx,103,105,104.0,0.0,0.0
train,sample_34,data/train/sample_34/Label-482 rahimi mehr PACK.xlsx,104,106,105.0,0.0,0.0
train,sample_34,data/train/sample_34/Label-482 rahimi mehr PACK.xlsx,105,107,106.0,0.0,0.0
train,sample_34,data/train/sample_34/Label-482 rahimi mehr PACK.xlsx,106,108,107.0,0.0,0.0
train,sample_34,data/train/sample_34/Label-482 rahimi mehr PACK.xlsx,107,109,108.0,0.0,0.0
train,sample_34,data/train/sample_34/Label-482 rahimi mehr PACK.xlsx,109,111,112.0,0.0,0.0
train,sample_34,data/train/sample_34/Label-482 rahimi mehr PACK.xlsx,118,120,121.0,0.0,0.0
train,sample_34,data/train/sample_34/Label-482 rahimi mehr PACK.xlsx,119,121,122.0,0.0,0.0
train,sample_34,data/train/sample_34/Label-482 rahimi mehr PACK.xlsx,120,122,123.0,0.0,0.0
train,sample_34,data/train/sample_34/Label-482 rahimi mehr PACK.xlsx,121,123,124.0,0.0,0.0
train,sample_34,data/train/sample_34/Label-482 rahimi mehr PACK.xlsx,130,132,133.0,0.0,0.0
train,sample_34,data/train/sample_34/Label-482 rahimi mehr PACK.xlsx,133,135,136.0,0.0,0.0
train,sample_34,data/train/sample_34/Label-482 rahimi mehr PACK.xlsx,134,136,137.0,0.0,0.0
train,sample_34,data/train/sample_34/Label-482 rahimi mehr PACK.xlsx,135,137,138.0,0.0,0.0
train,sample_34,data/train/sample_34/Label-482 rahimi mehr PACK.xlsx,137,139,140.0,0.0,0.0
train,sample_36,data/train/sample_36/Label-5-Story 01.xlsx,127,129,128.0,0.0,0.0
train,sample_36,data/train/sample_36/Label-5-Story 01.xlsx,136,138,149.0,0.0,0.0
train,sample_36,data/train/sample_36/Label-5-Story 01.xlsx,137,139,151.0,0.0,0.0
train,sample_36,data/train/sample_36/Label-5-Story 01.xlsx,138,140,152.0,0.0,0.0
train,sample_36,data/train/sample_36/Label-5-Story 01.xlsx,139,141,153.0,0.0,0.0
train,sample_36,data/train/sample_36/Label-5-Story 01.xlsx,145,147,159.0,0.0,0.0
train,sample_36,data/train/sample_36/Label-5-Story 01.xlsx,146,148,160.0,0.0,0.0
train,sample_36,data/train/sample_36/Label-5-Story 01.xlsx,147,149,161.0,0.0,0.0
train,sample_36,data/train/sample_36/Label-5-Story 01.xlsx,148,150,162.0,0.0,0.0
train,sample_36,data/train/sample_36/Label-5-Story 01.xlsx,149,151,163.0,0.0,0.0
train,sample_36,data/train/sample_36/Label-5-Story 01.xlsx,153,155,169.0,0.0,0.0
train,sample_36,data/train/sample_36/Label-5-Story 01.xlsx,154,156,170.0,0.0,0.0
train,sample_36,data/train/sample_36/Label-5-Story 01.xlsx,157,159,174.0,0.0,0.0
train,sample_36,data/train/sample_36/Label-5-Story 01.xlsx,169,171,199.0,0.0,0.0
train,sample_36,data/train/sample_36/Label-5-Story 01.xlsx,170,172,200.0,0.0,0.0
train,sample_41,data/train/sample_41/Label-63-nazari-ezzati.xlsx,7,9,8.0,0.0,0.0
train,sample_41,data/train/sample_41/Label-63-nazari-ezzati.xlsx,8,10,9.0,0.0,0.0
train,sample_41,data/train/sample_41/Label-63-nazari-ezzati.xlsx,9,11,10.0,0.0,0.0
train,sample_41,data/train/sample_41/Label-63-nazari-ezzati.xlsx,185,187,191.0,0.0,0.0
train,sample_41,data/train/sample_41/Label-63-nazari-ezzati.xlsx,186,188,192.0,0.0,0.0
train,sample_41,data/train/sample_41/Label-63-nazari-ezzati.xlsx,187,189,193.0,0.0,0.0
train,sample_42,data/train/sample_42/Label-7-Story 03.xlsx,255,257,279.0,0.0,0.0
train,sample_42,data/train/sample_42/Label-7-Story 03.xlsx,256,258,280.0,0.0,0.0
train,sample_42,data/train/sample_42/Label-7-Story 03.xlsx,257,259,281.0,0.0,0.0
train,sample_42,data/train/sample_42/Label-7-Story 03.xlsx,258,260,282.0,0.0,0.0
train,sample_42,data/train/sample_42/Label-7-Story 03.xlsx,259,261,283.0,0.0,0.0
train,sample_42,data/train/sample_42/Label-7-Story 03.xlsx,260,262,284.0,0.0,0.0
train,sample_42,data/train/sample_42/Label-7-Story 03.xlsx,263,265,289.0,0.0,0.0
train,sample_42,data/train/sample_42/Label-7-Story 03.xlsx,267,269,294.0,0.0,0.0
train,sample_42,data/train/sample_42/Label-7-Story 03.xlsx,268,270,295.0,0.0,0.0
train,sample_42,data/train/sample_42/Label-7-Story 03.xlsx,269,271,297.0,0.0,0.0
train,sample_42,data/train/sample_42/Label-7-Story 03.xlsx,289,291,338.0,0.0,0.0
train,sample_45,data/train/sample_45/Label-7ST.xlsx,324,326,444.0,0.0,0.0
train,sample_45,data/train/sample_45/Label-7ST.xlsx,325,327,445.0,0.0,0.0
train,sample_45,data/train/sample_45/Label-7ST.xlsx,326,328,446.0,0.0,0.0
train,sample_45,data/train/sample_45/Label-7ST.xlsx,327,329,447.0,0.0,0.0
train,sample_45,data/train/sample_45/Label-7ST.xlsx,328,330,448.0,0.0,0.0
train,sample_45,data/train/sample_45/Label-7ST.xlsx,329,331,453.0,0.0,0.0
train,sample_45,data/train/sample_45/Label-7ST.xlsx,330,332,454.0,0.0,0.0
train,sample_45,data/train/sample_45/Label-7ST.xlsx,331,333,455.0,0.0,0.0
train,sample_45,data/train/sample_45/Label-7ST.xlsx,332,334,456.0,0.0,0.0
train,sample_45,data/train/sample_45/Label-7ST.xlsx,333,335,457.0,0.0,0.0
train,sample_45,data/train/sample_45/Label-7ST.xlsx,354,356,507.0,0.0,0.0
train,sample_45,data/train/sample_45/Label-7ST.xlsx,355,357,508.0,0.0,0.0
train,sample_45,data/train/sample_45/Label-7ST.xlsx,356,358,509.0,0.0,0.0
train,sample_45,data/train/sample_45/Label-7ST.xlsx,357,359,510.0,0.0,0.0
train,sample_45,data/train/sample_45/Label-7ST.xlsx,358,360,511.0,0.0,0.0
train,sample_45,data/train/sample_45/Label-7ST.xlsx,359,361,516.0,0.0,0.0
train,sample_45,data/train/sample_45/Label-7ST.xlsx,360,362,517.0,0.0,0.0
train,sample_45,data/train/sample_45/Label-7ST.xlsx,361,363,518.0,0.0,0.0
train,sample_45,data/train/sample_45/Label-7ST.xlsx,362,364,519.0,0.0,0.0
train,sample_45,data/train/sample_45/Label-7ST.xlsx,363,365,520.0,0.0,0.0
train,sample_47,data/train/sample_47/Label-Aalaee Ejraee.xlsx,28,30,31.0,0.0,0.0
train,sample_47,data/train/sample_47/Label-Aalaee Ejraee.xlsx,53,55,56.0,0.0,0.0
train,sample_47,data/train/sample_47/Label-Aalaee Ejraee.xlsx,78,80,81.0,0.0,0.0
train,sample_47,data/train/sample_47/Label-Aalaee Ejraee.xlsx,103,105,106.0,0.0,0.0
train,sample_47,data/train/sample_47/Label-Aalaee Ejraee.xlsx,128,130,131.0,0.0,0.0
train,sample_47,data/train/sample_47/Label-Aalaee Ejraee.xlsx,153,155,156.0,0.0,0.0
train,sample_47,data/train/sample_47/Label-Aalaee Ejraee.xlsx,176,178,179.0,0.0,0.0
train,sample_47,data/train/sample_47/Label-Aalaee Ejraee.xlsx,177,179,180.0,0.0,0.0
train,sample_47,data/train/sample_47/Label-Aalaee Ejraee.xlsx,179,181,182.0,0.0,0.0
train,sample_48,data/train/sample_48/Label-Aalaee Sazmani.xlsx,163,165,251.0,0.0,0.0
train,sample_48,data/train/sample_48/Label-Aalaee Sazmani.xlsx,167,169,255.0,0.0,0.0
train,sample_48,data/train/sample_48/Label-Aalaee Sazmani.xlsx,168,170,256.0,0.0,0.0
train,sample_48,data/train/sample_48/Label-Aalaee Sazmani.xlsx,169,171,257.0,0.0,0.0
train,sample_48,data/train/sample_48/Label-Aalaee Sazmani.xlsx,170,172,258.0,0.0,0.0
train,sample_48,data/train/sample_48/Label-Aalaee Sazmani.xlsx,171,173,259.0,0.0,0.0
train,sample_48,data/train/sample_48/Label-Aalaee Sazmani.xlsx,172,174,260.0,0.0,0.0
train,sample_48,data/train/sample_48/Label-Aalaee Sazmani.xlsx,214,216,302.0,0.0,0.0
train,sample_48,data/train/sample_48/Label-Aalaee Sazmani.xlsx,228,230,316.0,0.0,0.0
train,sample_5,data/train/sample_5/Label-12.xlsx,1,3,2.0,0.0,0.0
train,sample_5,data/train/sample_5/Label-12.xlsx,8,10,9.0,0.0,0.0
train,sample_5,data/train/sample_5/Label-12.xlsx,15,17,16.0,0.0,0.0
train,sample_5,data/train/sample_5/Label-12.xlsx,395,397,485.0,0.0,0.0
train,sample_5,data/train/sample_5/Label-12.xlsx,396,398,489.0,0.0,0.0
train,sample_5,data/train/sample_5/Label-12.xlsx,397,399,491.0,0.0,0.0
train,sample_5,data/train/sample_5/Label-12.xlsx,398,400,493.0,0.0,0.0
train,sample_5,data/train/sample_5/Label-12.xlsx,399,401,495.0,0.0,0.0
train,sample_5,data/train/sample_5/Label-12.xlsx,400,402,497.0,0.0,0.0
train,sample_5,data/train/sample_5/Label-12.xlsx,401,403,499.0,0.0,0.0
train,sample_5,data/train/sample_5/Label-12.xlsx,402,404,503.0,0.0,0.0
train,sample_5,data/train/sample_5/Label-12.xlsx,403,405,505.0,0.0,0.0
train,sample_5,data/train/sample_5/Label-12.xlsx,404,406,507.0,0.0,0.0
train,sample_5,data/train/sample_5/Label-12.xlsx,405,407,509.0,0.0,0.0
train,sample_5,data/train/sample_5/Label-12.xlsx,406,408,511.0,0.0,0.0
train,sample_51,data/train/sample_51/Label-Alireza mohamadi1.xlsx,88,90,89.0,0.0,0.0
train,sample_51,data/train/sample_51/Label-Alireza mohamadi1.xlsx,89,91,90.0,0.0,0.0
train,sample_51,data/train/sample_51/Label-Alireza mohamadi1.xlsx,90,92,91.0,0.0,0.0
train,sample_51,data/train/sample_51/Label-Alireza mohamadi1.xlsx,91,93,92.0,0.0,0.0
train,sample_52,data/train/sample_52/Label-Alireza mohamadi2.xlsx,102,104,120.0,0.0,0.0
train,sample_52,data/train/sample_52/Label-Alireza mohamadi2.xlsx,103,105,121.0,0.0,0.0
train,sample_52,data/train/sample_52/Label-Alireza mohamadi2.xlsx,104,106,122.0,0.0,0.0
train,sample_52,data/train/sample_52/Label-Alireza mohamadi2.xlsx,120,122,160.0,0.0,0.0
train,sample_52,data/train/sample_52/Label-Alireza mohamadi2.xlsx,121,123,164.0,0.0,0.0
train,sample_52,data/train/sample_52/Label-Alireza mohamadi2.xlsx,122,124,168.0,0.0,0.0
train,sample_52,data/train/sample_52/Label-Alireza mohamadi2.xlsx,123,125,169.0,0.0,0.0
train,sample_54,data/train/sample_54/Label-Alvand Ejraee.xlsx,242,244,309.0,0.0,0.0
train,sample_55,data/train/sample_55/Label-Amini 03.xlsx,61,63,62.0,0.0,0.0
train,sample_55,data/train/sample_55/Label-Amini 03.xlsx,70,72,71.0,0.0,0.0
train,sample_55,data/train/sample_55/Label-Amini 03.xlsx,71,73,72.0,0.0,0.0
train,sample_55,data/train/sample_55/Label-Amini 03.xlsx,72,74,73.0,0.0,0.0
train,sample_55,data/train/sample_55/Label-Amini 03.xlsx,207,209,214.0,0.0,0.0
train,sample_55,data/train/sample_55/Label-Amini 03.xlsx,208,210,215.0,0.0,0.0
train,sample_55,data/train/sample_55/Label-Amini 03.xlsx,209,211,216.0,0.0,0.0
train,sample_55,data/train/sample_55/Label-Amini 03.xlsx,210,212,217.0,0.0,0.0
train,sample_55,data/train/sample_55/Label-Amini 03.xlsx,211,213,218.0,0.0,0.0
train,sample_55,data/train/sample_55/Label-Amini 03.xlsx,212,214,219.0,0.0,0.0
train,sample_56,data/train/sample_56/Label-Amini Ejraei 09.xlsx,120,122,122.0,0.0,0.0
train,sample_56,data/train/sample_56/Label-Amini Ejraei 09.xlsx,219,221,236.0,0.0,0.0
train,sample_56,data/train/sample_56/Label-Amini Ejraei 09.xlsx,220,222,237.0,0.0,0.0
train,sample_56,data/train/sample_56/Label-Amini Ejraei 09.xlsx,221,223,238.0,0.0,0.0
train,sample_56,data/train/sample_56/Label-Amini Ejraei 09.xlsx,222,224,239.0,0.0,0.0
train,sample_56,data/train/sample_56/Label-Amini Ejraei 09.xlsx,223,225,240.0,0.0,0.0
train,sample_56,data/train/sample_56/Label-Amini Ejraei 09.xlsx,224,226,241.0,0.0,0.0
train,sample_56,data/train/sample_56/Label-Amini Ejraei 09.xlsx,225,227,242.0,0.0,0.0
train,sample_56,data/train/sample_56/Label-Amini Ejraei 09.xlsx,226,228,243.0,0.0,0.0
train,sample_56,data/train/sample_56/Label-Amini Ejraei 09.xlsx,230,232,253.0,0.0,0.0
train,sample_56,data/train/sample_56/Label-Amini Ejraei 09.xlsx,233,235,256.0,0.0,0.0
train,sample_56,data/train/sample_56/Label-Amini Ejraei 09.xlsx,234,236,257.0,0.0,0.0
train,sample_56,data/train/sample_56/Label-Amini Ejraei 09.xlsx,235,237,258.0,0.0,0.0
train,sample_56,data/train/sample_56/Label-Amini Ejraei 09.xlsx,236,238,259.0,0.0,0.0
train,sample_56,data/train/sample_56/Label-Amini Ejraei 09.xlsx,237,239,260.0,0.0,0.0
train,sample_56,data/train/sample_56/Label-Amini Ejraei 09.xlsx,238,240,261.0,0.0,0.0
train,sample_56,data/train/sample_56/Label-Amini Ejraei 09.xlsx,239,241,262.0,0.0,0.0
train,sample_56,data/train/sample_56/Label-Amini Ejraei 09.xlsx,240,242,263.0,0.0,0.0
train,sample_56,data/train/sample_56/Label-Amini Ejraei 09.xlsx,241,243,264.0,0.0,0.0
train,sample_56,data/train/sample_56/Label-Amini Ejraei 09.xlsx,242,244,265.0,0.0,0.0
train,sample_56,data/train/sample_56/Label-Amini Ejraei 09.xlsx,243,245,266.0,0.0,0.0
train,sample_56,data/train/sample_56/Label-Amini Ejraei 09.xlsx,244,246,267.0,0.0,0.0
train,sample_56,data/train/sample_56/Label-Amini Ejraei 09.xlsx,245,247,268.0,0.0,0.0
train,sample_56,data/train/sample_56/Label-Amini Ejraei 09.xlsx,246,248,269.0,0.0,0.0
train,sample_56,data/train/sample_56/Label-Amini Ejraei 09.xlsx,248,250,273.0,0.0,0.0
train,sample_56,data/train/sample_56/Label-Amini Ejraei 09.xlsx,250,252,275.0,0.0,0.0
train,sample_58,data/train/sample_58/Label-Arezomandi.xlsx,42,44,45.0,0.0,0.0
train,sample_58,data/train/sample_58/Label-Arezomandi.xlsx,43,45,46.0,0.0,0.0
train,sample_58,data/train/sample_58/Label-Arezomandi.xlsx,45,47,48.0,0.0,0.0
train,sample_58,data/train/sample_58/Label-Arezomandi.xlsx,64,66,67.0,0.0,0.0
train,sample_58,data/train/sample_58/Label-Arezomandi.xlsx,66,68,69.0,0.0,0.0
train,sample_58,data/train/sample_58/Label-Arezomandi.xlsx,96,98,102.0,0.0,0.0
train,sample_58,data/train/sample_58/Label-Arezomandi.xlsx,97,99,103.0,0.0,0.0
train,sample_58,data/train/sample_58/Label-Arezomandi.xlsx,99,101,105.0,0.0,0.0
train,sample_58,data/train/sample_58/Label-Arezomandi.xlsx,143,145,150.0,0.0,0.0
train,sample_58,data/train/sample_58/Label-Arezomandi.xlsx,144,146,151.0,0.0,0.0
train,sample_58,data/train/sample_58/Label-Arezomandi.xlsx,146,148,153.0,0.0,0.0
train,sample_58,data/train/sample_58/Label-Arezomandi.xlsx,156,158,163.0,0.0,0.0
train,sample_58,data/train/sample_58/Label-Arezomandi.xlsx,158,160,165.0,0.0,0.0
train,sample_58,data/train/sample_58/Label-Arezomandi.xlsx,185,187,193.0,0.0,0.0
train,sample_58,data/train/sample_58/Label-Arezomandi.xlsx,186,188,194.0,0.0,0.0
train,sample_58,data/train/sample_58/Label-Arezomandi.xlsx,188,190,196.0,0.0,0.0
train,sample_58,data/train/sample_58/Label-Arezomandi.xlsx,200,202,208.0,0.0,0.0
train,sample_58,data/train/sample_58/Label-Arezomandi.xlsx,227,229,236.0,0.0,0.0
train,sample_58,data/train/sample_58/Label-Arezomandi.xlsx,228,230,237.0,0.0,0.0
train,sample_58,data/train/sample_58/Label-Arezomandi.xlsx,230,232,239.0,0.0,0.0
train,sample_58,data/train/sample_58/Label-Arezomandi.xlsx,242,244,251.0,0.0,0.0
train,sample_58,data/train/sample_58/Label-Arezomandi.xlsx,269,271,279.0,0.0,0.0
train,sample_58,data/train/sample_58/Label-Arezomandi.xlsx,270,272,280.0,0.0,0.0
train,sample_58,data/train/sample_58/Label-Arezomandi.xlsx,272,274,282.0,0.0,0.0
train,sample_58,data/train/sample_58/Label-Arezomandi.xlsx,274,276,284.0,0.0,0.0
train,sample_58,data/train/sample_58/Label-Arezomandi.xlsx,276,278,288.0,0.0,0.0
train,sample_58,data/train/sample_58/Label-Arezomandi.xlsx,280,282,292.0,0.0,0.0
train,sample_58,data/train/sample_58/Label-Arezomandi.xlsx,282,284,294.0,0.0,0.0
train,sample_59,data/train/sample_59/Label-Ashjaei .xlsx,2,4,3.0,0.0,0.0
train,sample_59,data/train/sample_59/Label-Ashjaei .xlsx,3,5,4.0,0.0,0.0
train,sample_59,data/train/sample_59/Label-Ashjaei .xlsx,23,25,25.0,0.0,0.0
train,sample_59,data/train/sample_59/Label-Ashjaei .xlsx,24,26,26.0,0.0,0.0
train,sample_59,data/train/sample_59/Label-Ashjaei .xlsx,47,49,50.0,0.0,0.0
train,sample_59,data/train/sample_59/Label-Ashjaei .xlsx,60,62,63.0,0.0,0.0
train,sample_59,data/train/sample_59/Label-Ashjaei .xlsx,194,196,208.0,0.0,0.0
train,sample_60,data/train/sample_60/Label-BLOOK-T.xlsx,464,466,645.0,0.0,0.0
train,sample_60,data/train/sample_60/Label-BLOOK-T.xlsx,465,467,649.0,0.0,0.0
train,sample_60,data/train/sample_60/Label-BLOOK-T.xlsx,466,468,651.0,0.0,0.0
train,sample_60,data/train/sample_60/Label-BLOOK-T.xlsx,467,469,653.0,0.0,0.0
train,sample_60,data/train/sample_60/Label-BLOOK-T.xlsx,468,470,655.0,0.0,0.0
train,sample_60,data/train/sample_60/Label-BLOOK-T.xlsx,469,471,657.0,0.0,0.0
train,sample_60,data/train/sample_60/Label-BLOOK-T.xlsx,470,472,659.0,0.0,0.0
train,sample_60,data/train/sample_60/Label-BLOOK-T.xlsx,471,473,663.0,0.0,0.0
train,sample_60,data/train/sample_60/Label-BLOOK-T.xlsx,472,474,665.0,0.0,0.0
train,sample_60,data/train/sample_60/Label-BLOOK-T.xlsx,473,475,667.0,0.0,0.0
train,sample_60,data/train/sample_60/Label-BLOOK-T.xlsx,474,476,669.0,0.0,0.0
train,sample_60,data/train/sample_60/Label-BLOOK-T.xlsx,475,477,671.0,0.0,0.0
train,sample_61,data/train/sample_61/Label-B_DavoodKhorasani.xlsx,13,15,14.0,0.0,0.0
train,sample_61,data/train/sample_61/Label-B_DavoodKhorasani.xlsx,14,16,15.0,0.0,0.0
train,sample_61,data/train/sample_61/Label-B_DavoodKhorasani.xlsx,15,17,16.0,0.0,0.0
train,sample_61,data/train/sample_61/Label-B_DavoodKhorasani.xlsx,16,18,20.0,0.0,0.0
train,sample_61,data/train/sample_61/Label-B_DavoodKhorasani.xlsx,17,19,21.0,0.0,0.0
train,sample_61,data/train/sample_61/Label-B_DavoodKhorasani.xlsx,18,20,22.0,0.0,0.0
train,sample_62,data/train/sample_62/Label-B_GhorbanAli.xlsx,12,14,14.0,0.0,0.0
train,sample_62,data/train/sample_62/Label-B_GhorbanAli.xlsx,13,15,15.0,0.0,0.0
train,sample_62,data/train/sample_62/Label-B_GhorbanAli.xlsx,14,16,21.0,0.0,0.0
train,sample_62,data/train/sample_62/Label-B_GhorbanAli.xlsx,15,17,23.0,0.0,0.0
train,sample_62,data/train/sample_62/Label-B_GhorbanAli.xlsx,16,18,26.0,0.0,0.0
train,sample_64,data/train/sample_64/Label-B_KarimKhah.xlsx,1,3,2.0,0.0,0.0
train,sample_64,data/train/sample_64/Label-B_KarimKhah.xlsx,2,4,3.0,0.0,0.0
train,sample_65,data/train/sample_65/Label-B_MohammadAliBeik.xlsx,11,13,12.0,0.0,0.0
train,sample_65,data/train/sample_65/Label-B_MohammadAliBeik.xlsx,19,21,20.0,0.0,0.0
train,sample_66,data/train/sample_66/Label-B_MohammadHosseinPor.xlsx,13,15,14.0,0.0,0.0
train,sample_66,data/train/sample_66/Label-B_MohammadHosseinPor.xlsx,14,16,15.0,0.0,0.0
train,sample_66,data/train/sample_66/Label-B_MohammadHosseinPor.xlsx,15,17,16.0,0.0,0.0
train,sample_67,data/train/sample_67/Label-B_Rahmani.xlsx,19,21,27.0,0.0,0.0
train,sample_67,data/train/sample_67/Label-B_Rahmani.xlsx,20,22,28.0,0.0,0.0
train,sample_67,data/train/sample_67/Label-B_Rahmani.xlsx,21,23,29.0,0.0,0.0
train,sample_67,data/train/sample_67/Label-B_Rahmani.xlsx,22,24,30.0,0.0,0.0
train,sample_67,data/train/sample_67/Label-B_Rahmani.xlsx,23,25,31.0,0.0,0.0
train,sample_67,data/train/sample_67/Label-B_Rahmani.xlsx,24,26,32.0,0.0,0.0
train,sample_67,data/train/sample_67/Label-B_Rahmani.xlsx,25,27,33.0,0.0,0.0
train,sample_67,data/train/sample_67/Label-B_Rahmani.xlsx,26,28,34.0,0.0,0.0
train,sample_67,data/train/sample_67/Label-B_Rahmani.xlsx,27,29,35.0,0.0,0.0
train,sample_67,data/train/sample_67/Label-B_Rahmani.xlsx,28,30,36.0,0.0,0.0
train,sample_67,data/train/sample_67/Label-B_Rahmani.xlsx,29,31,37.0,0.0,0.0
train,sample_67,data/train/sample_67/Label-B_Rahmani.xlsx,30,32,40.0,0.0,0.0
train,sample_67,data/train/sample_67/Label-B_Rahmani.xlsx,31,33,41.0,0.0,0.0
train,sample_67,data/train/sample_67/Label-B_Rahmani.xlsx,32,34,42.0,0.0,0.0
train,sample_67,data/train/sample_67/Label-B_Rahmani.xlsx,33,35,43.0,0.0,0.0
train,sample_67,data/train/sample_67/Label-B_Rahmani.xlsx,34,36,44.0,0.0,0.0
train,sample_68,data/train/sample_68/Label-B_Yosefi.xlsx,18,20,20.0,0.0,0.0
train,sample_68,data/train/sample_68/Label-B_Yosefi.xlsx,19,21,21.0,0.0,0.0
train,sample_68,data/train/sample_68/Label-B_Yosefi.xlsx,21,23,23.0,0.0,0.0
train,sample_70,data/train/sample_70/Label-Bagheri.xlsx,0,2,1.0,0.0,0.0
train,sample_70,data/train/sample_70/Label-Bagheri.xlsx,1,3,2.0,0.0,0.0
train,sample_70,data/train/sample_70/Label-Bagheri.xlsx,2,4,3.0,0.0,0.0
train,sample_70,data/train/sample_70/Label-Bagheri.xlsx,3,5,4.0,0.0,0.0
train,sample_70,data/train/sample_70/Label-Bagheri.xlsx,4,6,5.0,0.0,0.0
train,sample_70,data/train/sample_70/Label-Bagheri.xlsx,5,7,6.0,0.0,0.0
train,sample_70,data/train/sample_70/Label-Bagheri.xlsx,6,8,7.0,0.0,0.0
train,sample_70,data/train/sample_70/Label-Bagheri.xlsx,7,9,8.0,0.0,0.0
train,sample_70,data/train/sample_70/Label-Bagheri.xlsx,8,10,9.0,0.0,0.0
train,sample_70,data/train/sample_70/Label-Bagheri.xlsx,9,11,10.0,0.0,0.0
train,sample_70,data/train/sample_70/Label-Bagheri.xlsx,10,12,11.0,0.0,0.0
train,sample_70,data/train/sample_70/Label-Bagheri.xlsx,11,13,12.0,0.0,0.0
train,sample_70,data/train/sample_70/Label-Bagheri.xlsx,12,14,13.0,0.0,0.0
train,sample_70,data/train/sample_70/Label-Bagheri.xlsx,13,15,14.0,0.0,0.0
train,sample_70,data/train/sample_70/Label-Bagheri.xlsx,14,16,15.0,0.0,0.0
train,sample_70,data/train/sample_70/Label-Bagheri.xlsx,15,17,16.0,0.0,0.0
train,sample_70,data/train/sample_70/Label-Bagheri.xlsx,16,18,17.0,0.0,0.0
train,sample_70,data/train/sample_70/Label-Bagheri.xlsx,17,19,18.0,0.0,0.0
train,sample_70,data/train/sample_70/Label-Bagheri.xlsx,18,20,19.0,0.0,0.0
train,sample_70,data/train/sample_70/Label-Bagheri.xlsx,19,21,21.0,0.0,0.0
train,sample_70,data/train/sample_70/Label-Bagheri.xlsx,20,22,22.0,0.0,0.0
train,sample_70,data/train/sample_70/Label-Bagheri.xlsx,21,23,23.0,0.0,0.0
train,sample_70,data/train/sample_70/Label-Bagheri.xlsx,22,24,24.0,0.0,0.0
train,sample_70,data/train/sample_70/Label-Bagheri.xlsx,103,105,111.0,0.0,0.0
train,sample_70,data/train/sample_70/Label-Bagheri.xlsx,104,106,112.0,0.0,0.0
train,sample_70,data/train/sample_70/Label-Bagheri.xlsx,135,137,146.0,0.0,0.0
train,sample_70,data/train/sample_70/Label-Bagheri.xlsx,136,138,147.0,0.0,0.0
train,sample_70,data/train/sample_70/Label-Bagheri.xlsx,137,139,148.0,0.0,0.0
train,sample_70,data/train/sample_70/Label-Bagheri.xlsx,138,140,149.0,0.0,0.0
train,sample_70,data/train/sample_70/Label-Bagheri.xlsx,139,141,150.0,0.0,0.0
train,sample_70,data/train/sample_70/Label-Bagheri.xlsx,147,149,191.0,0.0,0.0
train,sample_71,data/train/sample_71/Label-Baha-o-ddini 03.xlsx,253,255,263.0,0.0,0.0
train,sample_71,data/train/sample_71/Label-Baha-o-ddini 03.xlsx,324,326,335.0,0.0,0.0
train,sample_71,data/train/sample_71/Label-Baha-o-ddini 03.xlsx,330,332,341.0,0.0,0.0
train,sample_71,data/train/sample_71/Label-Baha-o-ddini 03.xlsx,348,350,360.0,0.0,0.0
train,sample_71,data/train/sample_71/Label-Baha-o-ddini 03.xlsx,349,351,361.0,0.0,0.0
train,sample_71,data/train/sample_71/Label-Baha-o-ddini 03.xlsx,350,352,362.0,0.0,0.0
train,sample_71,data/train/sample_71/Label-Baha-o-ddini 03.xlsx,351,353,363.0,0.0,0.0
train,sample_71,data/train/sample_71/Label-Baha-o-ddini 03.xlsx,352,354,364.0,0.0,0.0
train,sample_71,data/train/sample_71/Label-Baha-o-ddini 03.xlsx,353,355,365.0,0.0,0.0
train,sample_71,data/train/sample_71/Label-Baha-o-ddini 03.xlsx,354,356,366.0,0.0,0.0
train,sample_71,data/train/sample_71/Label-Baha-o-ddini 03.xlsx,355,357,367.0,0.0,0.0
train,sample_71,data/train/sample_71/Label-Baha-o-ddini 03.xlsx,356,358,368.0,0.0,0.0
train,sample_71,data/train/sample_71/Label-Baha-o-ddini 03.xlsx,357,359,369.0,0.0,0.0
train,sample_71,data/train/sample_71/Label-Baha-o-ddini 03.xlsx,358,360,370.0,0.0,0.0
train,sample_71,data/train/sample_71/Label-Baha-o-ddini 03.xlsx,359,361,371.0,0.0,0.0
train,sample_71,data/train/sample_71/Label-Baha-o-ddini 03.xlsx,360,362,372.0,0.0,0.0
train,sample_71,data/train/sample_71/Label-Baha-o-ddini 03.xlsx,361,363,373.0,0.0,0.0
train,sample_71,data/train/sample_71/Label-Baha-o-ddini 03.xlsx,362,364,374.0,0.0,0.0
train,sample_71,data/train/sample_71/Label-Baha-o-ddini 03.xlsx,363,365,375.0,0.0,0.0
train,sample_71,data/train/sample_71/Label-Baha-o-ddini 03.xlsx,365,367,377.0,0.0,0.0
train,sample_71,data/train/sample_71/Label-Baha-o-ddini 03.xlsx,367,369,379.0,0.0,0.0
train,sample_71,data/train/sample_71/Label-Baha-o-ddini 03.xlsx,370,372,384.0,0.0,0.0
train,sample_71,data/train/sample_71/Label-Baha-o-ddini 03.xlsx,371,373,385.0,0.0,0.0
train,sample_71,data/train/sample_71/Label-Baha-o-ddini 03.xlsx,372,374,386.0,0.0,0.0
train,sample_71,data/train/sample_71/Label-Baha-o-ddini 03.xlsx,373,375,387.0,0.0,0.0
train,sample_71,data/train/sample_71/Label-Baha-o-ddini 03.xlsx,374,376,388.0,0.0,0.0
train,sample_71,data/train/sample_71/Label-Baha-o-ddini 03.xlsx,375,377,389.0,0.0,0.0
train,sample_71,data/train/sample_71/Label-Baha-o-ddini 03.xlsx,376,378,390.0,0.0,0.0
train,sample_71,data/train/sample_71/Label-Baha-o-ddini 03.xlsx,389,391,409.0,0.0,0.0
train,sample_71,data/train/sample_71/Label-Baha-o-ddini 03.xlsx,391,393,411.0,0.0,0.0
train,sample_71,data/train/sample_71/Label-Baha-o-ddini 03.xlsx,392,394,413.0,0.0,0.0
train,sample_71,data/train/sample_71/Label-Baha-o-ddini 03.xlsx,394,396,415.0,0.0,0.0
train,sample_71,data/train/sample_71/Label-Baha-o-ddini 03.xlsx,395,397,417.0,0.0,0.0
train,sample_71,data/train/sample_71/Label-Baha-o-ddini 03.xlsx,397,399,419.0,0.0,0.0
train,sample_71,data/train/sample_71/Label-Baha-o-ddini 03.xlsx,398,400,421.0,0.0,0.0
train,sample_71,data/train/sample_71/Label-Baha-o-ddini 03.xlsx,400,402,425.0,0.0,0.0
train,sample_71,data/train/sample_71/Label-Baha-o-ddini 03.xlsx,402,404,427.0,0.0,0.0
train,sample_71,data/train/sample_71/Label-Baha-o-ddini 03.xlsx,403,405,429.0,0.0,0.0
train,sample_71,data/train/sample_71/Label-Baha-o-ddini 03.xlsx,405,407,431.0,0.0,0.0
train,sample_71,data/train/sample_71/Label-Baha-o-ddini 03.xlsx,406,408,433.0,0.0,0.0
train,sample_71,data/train/sample_71/Label-Baha-o-ddini 03.xlsx,408,410,435.0,0.0,0.0
train,sample_71,data/train/sample_71/Label-Baha-o-ddini 03.xlsx,409,411,437.0,0.0,0.0
train,sample_71,data/train/sample_71/Label-Baha-o-ddini 03.xlsx,482,484,592.0,0.0,0.0
train,sample_71,data/train/sample_71/Label-Baha-o-ddini 03.xlsx,483,485,593.0,0.0,0.0
train,sample_71,data/train/sample_71/Label-Baha-o-ddini 03.xlsx,484,486,594.0,0.0,0.0
train,sample_71,data/train/sample_71/Label-Baha-o-ddini 03.xlsx,485,487,595.0,0.0,0.0
train,sample_71,data/train/sample_71/Label-Baha-o-ddini 03.xlsx,486,488,596.0,0.0,0.0
train,sample_71,data/train/sample_71/Label-Baha-o-ddini 03.xlsx,487,489,597.0,0.0,0.0
train,sample_71,data/train/sample_71/Label-Baha-o-ddini 03.xlsx,488,490,598.0,0.0,0.0
train,sample_71,data/train/sample_71/Label-Baha-o-ddini 03.xlsx,489,491,599.0,0.0,0.0
train,sample_71,data/train/sample_71/Label-Baha-o-ddini 03.xlsx,490,492,600.0,0.0,0.0
train,sample_71,data/train/sample_71/Label-Baha-o-ddini 03.xlsx,491,493,601.0,0.0,0.0
train,sample_71,data/train/sample_71/Label-Baha-o-ddini 03.xlsx,492,494,602.0,0.0,0.0
train,sample_71,data/train/sample_71/Label-Baha-o-ddini 03.xlsx,493,495,603.0,0.0,0.0
train,sample_71,data/train/sample_71/Label-Baha-o-ddini 03.xlsx,494,496,604.0,0.0,0.0
train,sample_71,data/train/sample_71/Label-Baha-o-ddini 03.xlsx,495,497,605.0,0.0,0.0
train,sample_71,data/train/sample_71/Label-Baha-o-ddini 03.xlsx,497,499,611.0,0.0,0.0
train,sample_72,data/train/sample_72/Label-Bayaty.xlsx,44,46,45.0,0.0,0.0
train,sample_72,data/train/sample_72/Label-Bayaty.xlsx,59,61,64.0,0.0,0.0
train,sample_72,data/train/sample_72/Label-Bayaty.xlsx,68,70,73.0,0.0,0.0
train,sample_72,data/train/sample_72/Label-Bayaty.xlsx,73,75,78.0,0.0,0.0
train,sample_72,data/train/sample_72/Label-Bayaty.xlsx,74,76,79.0,0.0,0.0
train,sample_72,data/train/sample_72/Label-Bayaty.xlsx,77,79,86.0,0.0,0.0
train,sample_72,data/train/sample_72/Label-Bayaty.xlsx,78,80,87.0,0.0,0.0
train,sample_72,data/train/sample_72/Label-Bayaty.xlsx,79,81,88.0,0.0,0.0
train,sample_72,data/train/sample_72/Label-Bayaty.xlsx,81,83,90.0,0.0,0.0
train,sample_72,data/train/sample_72/Label-Bayaty.xlsx,87,89,96.0,0.0,0.0
train,sample_72,data/train/sample_72/Label-Bayaty.xlsx,89,91,98.0,0.0,0.0
train,sample_72,data/train/sample_72/Label-Bayaty.xlsx,90,92,99.0,0.0,0.0
train,sample_72,data/train/sample_72/Label-Bayaty.xlsx,91,93,100.0,0.0,0.0
train,sample_72,data/train/sample_72/Label-Bayaty.xlsx,92,94,101.0,0.0,0.0
train,sample_72,data/train/sample_72/Label-Bayaty.xlsx,93,95,102.0,0.0,0.0
train,sample_72,data/train/sample_72/Label-Bayaty.xlsx,94,96,103.0,0.0,0.0
train,sample_72,data/train/sample_72/Label-Bayaty.xlsx,95,97,104.0,0.0,0.0
train,sample_72,data/train/sample_72/Label-Bayaty.xlsx,115,117,124.0,0.0,0.0
train,sample_72,data/train/sample_72/Label-Bayaty.xlsx,116,118,125.0,0.0,0.0
train,sample_72,data/train/sample_72/Label-Bayaty.xlsx,117,119,126.0,0.0,0.0
train,sample_72,data/train/sample_72/Label-Bayaty.xlsx,118,120,127.0,0.0,0.0
train,sample_73,data/train/sample_73/Label-BeikLoo.xlsx,9,11,10.0,0.0,0.0
train,sample_73,data/train/sample_73/Label-BeikLoo.xlsx,63,65,91.0,0.0,0.0
train,sample_74,data/train/sample_74/Label-Bigdeli.xlsx,103,105,129.0,0.0,0.0
train,sample_75,data/train/sample_75/Label-Bitarafan 04.xlsx,205,207,220.0,0.0,0.0
train,sample_75,data/train/sample_75/Label-Bitarafan 04.xlsx,206,208,221.0,0.0,0.0
train,sample_75,data/train/sample_75/Label-Bitarafan 04.xlsx,207,209,222.0,0.0,0.0
train,sample_75,data/train/sample_75/Label-Bitarafan 04.xlsx,208,210,223.0,0.0,0.0
train,sample_75,data/train/sample_75/Label-Bitarafan 04.xlsx,209,211,224.0,0.0,0.0
train,sample_75,data/train/sample_75/Label-Bitarafan 04.xlsx,210,212,225.0,0.0,0.0
train,sample_75,data/train/sample_75/Label-Bitarafan 04.xlsx,223,225,238.0,0.0,0.0
train,sample_75,data/train/sample_75/Label-Bitarafan 04.xlsx,224,226,239.0,0.0,0.0
train,sample_75,data/train/sample_75/Label-Bitarafan 04.xlsx,225,227,240.0,0.0,0.0
train,sample_75,data/train/sample_75/Label-Bitarafan 04.xlsx,226,228,241.0,0.0,0.0
train,sample_75,data/train/sample_75/Label-Bitarafan 04.xlsx,227,229,242.0,0.0,0.0
train,sample_75,data/train/sample_75/Label-Bitarafan 04.xlsx,228,230,243.0,0.0,0.0
train,sample_75,data/train/sample_75/Label-Bitarafan 04.xlsx,229,231,244.0,0.0,0.0
train,sample_75,data/train/sample_75/Label-Bitarafan 04.xlsx,237,239,252.0,0.0,0.0
train,sample_75,data/train/sample_75/Label-Bitarafan 04.xlsx,238,240,253.0,0.0,0.0
train,sample_75,data/train/sample_75/Label-Bitarafan 04.xlsx,239,241,254.0,0.0,0.0
train,sample_75,data/train/sample_75/Label-Bitarafan 04.xlsx,240,242,255.0,0.0,0.0
train,sample_75,data/train/sample_75/Label-Bitarafan 04.xlsx,241,243,256.0,0.0,0.0
train,sample_75,data/train/sample_75/Label-Bitarafan 04.xlsx,242,244,257.0,0.0,0.0
train,sample_75,data/train/sample_75/Label-Bitarafan 04.xlsx,243,245,258.0,0.0,0.0
train,sample_75,data/train/sample_75/Label-Bitarafan 04.xlsx,244,246,259.0,0.0,0.0
train,sample_75,data/train/sample_75/Label-Bitarafan 04.xlsx,245,247,260.0,0.0,0.0
train,sample_75,data/train/sample_75/Label-Bitarafan 04.xlsx,246,248,261.0,0.0,0.0
train,sample_75,data/train/sample_75/Label-Bitarafan 04.xlsx,247,249,262.0,0.0,0.0
train,sample_75,data/train/sample_75/Label-Bitarafan 04.xlsx,248,250,263.0,0.0,0.0
train,sample_75,data/train/sample_75/Label-Bitarafan 04.xlsx,249,251,264.0,0.0,0.0
train,sample_75,data/train/sample_75/Label-Bitarafan 04.xlsx,250,252,265.0,0.0,0.0
train,sample_75,data/train/sample_75/Label-Bitarafan 04.xlsx,254,256,269.0,0.0,0.0
train,sample_75,data/train/sample_75/Label-Bitarafan 04.xlsx,255,257,270.0,0.0,0.0
train,sample_75,data/train/sample_75/Label-Bitarafan 04.xlsx,256,258,271.0,0.0,0.0
train,sample_75,data/train/sample_75/Label-Bitarafan 04.xlsx,259,261,276.0,0.0,0.0
train,sample_75,data/train/sample_75/Label-Bitarafan 04.xlsx,284,286,311.0,0.0,0.0
train,sample_75,data/train/sample_75/Label-Bitarafan 04.xlsx,285,287,312.0,0.0,0.0
train,sample_76,data/train/sample_76/Label-Block A-02.xlsx,491,493,543.0,0.0,0.0
train,sample_76,data/train/sample_76/Label-Block A-02.xlsx,492,494,544.0,0.0,0.0
train,sample_76,data/train/sample_76/Label-Block A-02.xlsx,493,495,545.0,0.0,0.0
train,sample_76,data/train/sample_76/Label-Block A-02.xlsx,494,496,546.0,0.0,0.0
train,sample_76,data/train/sample_76/Label-Block A-02.xlsx,495,497,547.0,0.0,0.0
train,sample_76,data/train/sample_76/Label-Block A-02.xlsx,496,498,548.0,0.0,0.0
train,sample_76,data/train/sample_76/Label-Block A-02.xlsx,497,499,549.0,0.0,0.0
train,sample_76,data/train/sample_76/Label-Block A-02.xlsx,498,500,550.0,0.0,0.0
train,sample_76,data/train/sample_76/Label-Block A-02.xlsx,499,501,552.0,0.0,0.0
train,sample_76,data/train/sample_76/Label-Block A-02.xlsx,500,502,553.0,0.0,0.0
train,sample_76,data/train/sample_76/Label-Block A-02.xlsx,501,503,554.0,0.0,0.0
train,sample_76,data/train/sample_76/Label-Block A-02.xlsx,502,504,555.0,0.0,0.0
train,sample_76,data/train/sample_76/Label-Block A-02.xlsx,503,505,556.0,0.0,0.0
train,sample_76,data/train/sample_76/Label-Block A-02.xlsx,504,506,557.0,0.0,0.0
train,sample_76,data/train/sample_76/Label-Block A-02.xlsx,505,507,558.0,0.0,0.0
train,sample_76,data/train/sample_76/Label-Block A-02.xlsx,506,508,559.0,0.0,0.0
train,sample_76,data/train/sample_76/Label-Block A-02.xlsx,507,509,561.0,0.0,0.0
train,sample_76,data/train/sample_76/Label-Block A-02.xlsx,508,510,562.0,0.0,0.0
train,sample_76,data/train/sample_76/Label-Block A-02.xlsx,509,511,563.0,0.0,0.0
train,sample_76,data/train/sample_76/Label-Block A-02.xlsx,510,512,564.0,0.0,0.0
train,sample_76,data/train/sample_76/Label-Block A-02.xlsx,511,513,565.0,0.0,0.0
train,sample_76,data/train/sample_76/Label-Block A-02.xlsx,512,514,566.0,0.0,0.0
train,sample_76,data/train/sample_76/Label-Block A-02.xlsx,513,515,567.0,0.0,0.0
train,sample_76,data/train/sample_76/Label-Block A-02.xlsx,514,516,568.0,0.0,0.0
train,sample_76,data/train/sample_76/Label-Block A-02.xlsx,515,517,569.0,0.0,0.0
train,sample_76,data/train/sample_76/Label-Block A-02.xlsx,516,518,570.0,0.0,0.0
train,sample_76,data/train/sample_76/Label-Block A-02.xlsx,517,519,571.0,0.0,0.0
train,sample_76,data/train/sample_76/Label-Block A-02.xlsx,518,520,572.0,0.0,0.0
train,sample_76,data/train/sample_76/Label-Block A-02.xlsx,519,521,573.0,0.0,0.0
train,sample_76,data/train/sample_76/Label-Block A-02.xlsx,520,522,574.0,0.0,0.0
train,sample_76,data/train/sample_76/Label-Block A-02.xlsx,521,523,575.0,0.0,0.0
train,sample_76,data/train/sample_76/Label-Block A-02.xlsx,522,524,576.0,0.0,0.0
train,sample_76,data/train/sample_76/Label-Block A-02.xlsx,523,525,577.0,0.0,0.0
train,sample_76,data/train/sample_76/Label-Block A-02.xlsx,524,526,578.0,0.0,0.0
train,sample_76,data/train/sample_76/Label-Block A-02.xlsx,525,527,579.0,0.0,0.0
train,sample_76,data/train/sample_76/Label-Block A-02.xlsx,526,528,580.0,0.0,0.0
train,sample_76,data/train/sample_76/Label-Block A-02.xlsx,527,529,581.0,0.0,0.0
train,sample_76,data/train/sample_76/Label-Block A-02.xlsx,528,530,582.0,0.0,0.0
train,sample_76,data/train/sample_76/Label-Block A-02.xlsx,529,531,583.0,0.0,0.0
train,sample_76,data/train/sample_76/Label-Block A-02.xlsx,530,532,584.0,0.0,0.0
train,sample_76,data/train/sample_76/Label-Block A-02.xlsx,531,533,585.0,0.0,0.0
train,sample_76,data/train/sample_76/Label-Block A-02.xlsx,532,534,586.0,0.0,0.0
train,sample_76,data/train/sample_76/Label-Block A-02.xlsx,533,535,587.0,0.0,0.0
train,sample_76,data/train/sample_76/Label-Block A-02.xlsx,534,536,588.0,0.0,0.0
train,sample_76,data/train/sample_76/Label-Block A-02.xlsx,535,537,589.0,0.0,0.0
train,sample_76,data/train/sample_76/Label-Block A-02.xlsx,536,538,590.0,0.0,0.0
train,sample_76,data/train/sample_76/Label-Block A-02.xlsx,537,539,591.0,0.0,0.0
train,sample_76,data/train/sample_76/Label-Block A-02.xlsx,538,540,592.0,0.0,0.0
train,sample_76,data/train/sample_76/Label-Block A-02.xlsx,539,541,593.0,0.0,0.0
train,sample_76,data/train/sample_76/Label-Block A-02.xlsx,540,542,594.0,0.0,0.0
train,sample_76,data/train/sample_76/Label-Block A-02.xlsx,541,543,595.0,0.0,0.0
train,sample_76,data/train/sample_76/Label-Block A-02.xlsx,542,544,596.0,0.0,0.0
train,sample_77,data/train/sample_77/Label-Block B-02.xlsx,453,455,454.0,0.0,0.0
train,sample_77,data/train/sample_77/Label-Block B-02.xlsx,454,456,455.0,0.0,0.0
train,sample_77,data/train/sample_77/Label-Block B-02.xlsx,455,457,456.0,0.0,0.0
train,sample_77,data/train/sample_77/Label-Block B-02.xlsx,456,458,457.0,0.0,0.0
train,sample_77,data/train/sample_77/Label-Block B-02.xlsx,457,459,458.0,0.0,0.0
train,sample_77,data/train/sample_77/Label-Block B-02.xlsx,458,460,459.0,0.0,0.0
train,sample_77,data/train/sample_77/Label-Block B-02.xlsx,459,461,460.0,0.0,0.0
train,sample_77,data/train/sample_77/Label-Block B-02.xlsx,460,462,461.0,0.0,0.0
train,sample_77,data/train/sample_77/Label-Block B-02.xlsx,461,463,462.0,0.0,0.0
train,sample_77,data/train/sample_77/Label-Block B-02.xlsx,462,464,463.0,0.0,0.0
train,sample_77,data/train/sample_77/Label-Block B-02.xlsx,463,465,464.0,0.0,0.0
train,sample_77,data/train/sample_77/Label-Block B-02.xlsx,464,466,465.0,0.0,0.0
train,sample_77,data/train/sample_77/Label-Block B-02.xlsx,465,467,466.0,0.0,0.0
train,sample_77,data/train/sample_77/Label-Block B-02.xlsx,466,468,467.0,0.0,0.0
train,sample_77,data/train/sample_77/Label-Block B-02.xlsx,467,469,468.0,0.0,0.0
train,sample_77,data/train/sample_77/Label-Block B-02.xlsx,468,470,469.0,0.0,0.0
train,sample_78,data/train/sample_78/Label-Block-B 07.xlsx,24,26,25.0,0.0,0.0
train,sample_78,data/train/sample_78/Label-Block-B 07.xlsx,25,27,26.0,0.0,0.0
train,sample_78,data/train/sample_78/Label-Block-B 07.xlsx,26,28,27.0,0.0,0.0
train,sample_78,data/train/sample_78/Label-Block-B 07.xlsx,28,30,29.0,0.0,0.0
train,sample_78,data/train/sample_78/Label-Block-B 07.xlsx,30,32,31.0,0.0,0.0
train,sample_78,data/train/sample_78/Label-Block-B 07.xlsx,32,34,33.0,0.0,0.0
train,sample_78,data/train/sample_78/Label-Block-B 07.xlsx,1084,1086,1183.0,0.0,0.0
train,sample_78,data/train/sample_78/Label-Block-B 07.xlsx,1146,1148,1535.0,0.0,0.0
train,sample_78,data/train/sample_78/Label-Block-B 07.xlsx,1151,1153,1540.0,0.0,0.0
train,sample_78,data/train/sample_78/Label-Block-B 07.xlsx,1152,1154,1541.0,0.0,0.0
train,sample_78,data/train/sample_78/Label-Block-B 07.xlsx,1154,1156,1543.0,0.0,0.0
train,sample_78,data/train/sample_78/Label-Block-B 07.xlsx,1155,1157,1544.0,0.0,0.0
train,sample_78,data/train/sample_78/Label-Block-B 07.xlsx,1198,1200,1588.0,0.0,0.0
train,sample_78,data/train/sample_78/Label-Block-B 07.xlsx,1199,1201,1589.0,0.0,0.0
train,sample_8,data/train/sample_8/Label-13.xlsx,77,79,79.0,0.0,0.0
train,sample_8,data/train/sample_8/Label-13.xlsx,119,121,121.0,0.0,0.0
train,sample_8,data/train/sample_8/Label-13.xlsx,291,293,315.0,0.0,0.0
train,sample_9,data/train/sample_9/Label-14.xlsx,135,137,139.0,0.0,0.0
train,sample_9,data/train/sample_9/Label-14.xlsx,384,386,465.0,0.0,0.0
train,sample_9,data/train/sample_9/Label-14.xlsx,475,477,574.0,0.0,0.0
train,sample_9,data/train/sample_9/Label-14.xlsx,476,478,576.0,0.0,0.0
train,sample_9,data/train/sample_9/Label-14.xlsx,477,479,578.0,0.0,0.0
train,sample_9,data/train/sample_9/Label-14.xlsx,478,480,580.0,0.0,0.0
train,sample_9,data/train/sample_9/Label-14.xlsx,479,481,595.0,0.0,0.0
test,sample_1,data/test/sample_1/Label-07-ahangari.xlsx,20,22,26.0,0.0,0.0
test,sample_1,data/test/sample_1/Label-07-ahangari.xlsx,21,23,27.0,0.0,0.0
test,sample_1,data/test/sample_1/Label-07-ahangari.xlsx,22,24,29.0,0.0,0.0
test,sample_1,data/test/sample_1/Label-07-ahangari.xlsx,23,25,30.0,0.0,0.0
test,sample_1,data/test/sample_1/Label-07-ahangari.xlsx,24,26,31.0,0.0,0.0
test,sample_1,data/test/sample_1/Label-07-ahangari.xlsx,25,27,32.0,0.0,0.0
test,sample_1,data/test/sample_1/Label-07-ahangari.xlsx,26,28,34.0,0.0,0.0
test,sample_1,data/test/sample_1/Label-07-ahangari.xlsx,41,43,52.0,0.0,0.0
test,sample_1,data/test/sample_1/Label-07-ahangari.xlsx,43,45,56.0,0.0,0.0
test,sample_1,data/test/sample_1/Label-07-ahangari.xlsx,45,47,58.0,0.0,0.0
test,sample_1,data/test/sample_1/Label-07-ahangari.xlsx,57,59,72.0,0.0,0.0
test,sample_1,data/test/sample_1/Label-07-ahangari.xlsx,58,60,73.0,0.0,0.0
test,sample_1,data/test/sample_1/Label-07-ahangari.xlsx,60,62,76.0,0.0,0.0
test,sample_1,data/test/sample_1/Label-07-ahangari.xlsx,62,64,78.0,0.0,0.0
test,sample_1,data/test/sample_1/Label-07-ahangari.xlsx,63,65,79.0,0.0,0.0
test,sample_1,data/test/sample_1/Label-07-ahangari.xlsx,65,67,82.0,0.0,0.0
test,sample_10,data/test/sample_10/Label-401 jafari ej.xlsx,125,127,146.0,0.0,0.0
test,sample_10,data/test/sample_10/Label-401 jafari ej.xlsx,126,128,147.0,0.0,0.0
test,sample_10,data/test/sample_10/Label-401 jafari ej.xlsx,127,129,148.0,0.0,0.0
test,sample_10,data/test/sample_10/Label-401 jafari ej.xlsx,128,130,149.0,0.0,0.0
test,sample_12,data/test/sample_12/Label-50-cheraghchi.xlsx,0,2,1.0,0.0,0.0
test,sample_12,data/test/sample_12/Label-50-cheraghchi.xlsx,1,3,2.0,0.0,0.0
test,sample_12,data/test/sample_12/Label-50-cheraghchi.xlsx,2,4,3.0,0.0,0.0
test,sample_12,data/test/sample_12/Label-50-cheraghchi.xlsx,3,5,4.0,0.0,0.0
test,sample_12,data/test/sample_12/Label-50-cheraghchi.xlsx,4,6,5.0,0.0,0.0
test,sample_12,data/test/sample_12/Label-50-cheraghchi.xlsx,33,35,35.0,0.0,0.0
test,sample_12,data/test/sample_12/Label-50-cheraghchi.xlsx,168,170,176.0,0.0,0.0
test,sample_12,data/test/sample_12/Label-50-cheraghchi.xlsx,169,171,177.0,0.0,0.0
test,sample_12,data/test/sample_12/Label-50-cheraghchi.xlsx,170,172,178.0,0.0,0.0
test,sample_12,data/test/sample_12/Label-50-cheraghchi.xlsx,171,173,179.0,0.0,0.0
test,sample_12,data/test/sample_12/Label-50-cheraghchi.xlsx,172,174,181.0,0.0,0.0
test,sample_12,data/test/sample_12/Label-50-cheraghchi.xlsx,173,175,182.0,0.0,0.0
test,sample_12,data/test/sample_12/Label-50-cheraghchi.xlsx,174,176,183.0,0.0,0.0
test,sample_12,data/test/sample_12/Label-50-cheraghchi.xlsx,175,177,184.0,0.0,0.0
test,sample_14,data/test/sample_14/Label-Aghajani.xlsx,110,112,111.0,0.0,0.0
test,sample_14,data/test/sample_14/Label-Aghajani.xlsx,111,113,112.0,0.0,0.0
test,sample_14,data/test/sample_14/Label-Aghajani.xlsx,112,114,113.0,0.0,0.0
test,sample_14,data/test/sample_14/Label-Aghajani.xlsx,113,115,114.0,0.0,0.0
test,sample_14,data/test/sample_14/Label-Aghajani.xlsx,114,116,115.0,0.0,0.0
test,sample_14,data/test/sample_14/Label-Aghajani.xlsx,123,125,124.0,0.0,0.0
test,sample_15,data/test/sample_15/Label-Ahmadkhani Ejraee.xlsx,28,30,109.0,0.0,0.0
test,sample_15,data/test/sample_15/Label-Ahmadkhani Ejraee.xlsx,65,67,146.0,0.0,0.0
test,sample_15,data/test/sample_15/Label-Ahmadkhani Ejraee.xlsx,68,70,149.0,0.0,0.0
test,sample_15,data/test/sample_15/Label-Ahmadkhani Ejraee.xlsx,104,106,185.0,0.0,0.0
test,sample_15,data/test/sample_15/Label-Ahmadkhani Ejraee.xlsx,140,142,221.0,0.0,0.0
test,sample_15,data/test/sample_15/Label-Ahmadkhani Ejraee.xlsx,143,145,224.0,0.0,0.0
test,sample_15,data/test/sample_15/Label-Ahmadkhani Ejraee.xlsx,180,182,261.0,0.0,0.0
test,sample_15,data/test/sample_15/Label-Ahmadkhani Ejraee.xlsx,183,185,264.0,0.0,0.0
test,sample_15,data/test/sample_15/Label-Ahmadkhani Ejraee.xlsx,220,222,301.0,0.0,0.0
test,sample_15,data/test/sample_15/Label-Ahmadkhani Ejraee.xlsx,259,261,340.0,0.0,0.0
test,sample_15,data/test/sample_15/Label-Ahmadkhani Ejraee.xlsx,262,264,343.0,0.0,0.0
test,sample_15,data/test/sample_15/Label-Ahmadkhani Ejraee.xlsx,299,301,380.0,0.0,0.0
test,sample_15,data/test/sample_15/Label-Ahmadkhani Ejraee.xlsx,302,304,383.0,0.0,0.0
test,sample_15,data/test/sample_15/Label-Ahmadkhani Ejraee.xlsx,317,319,398.0,0.0,0.0
test,sample_15,data/test/sample_15/Label-Ahmadkhani Ejraee.xlsx,373,375,454.0,0.0,0.0
test,sample_15,data/test/sample_15/Label-Ahmadkhani Ejraee.xlsx,374,376,455.0,0.0,0.0
test,sample_15,data/test/sample_15/Label-Ahmadkhani Ejraee.xlsx,375,377,456.0,0.0,0.0
test,sample_15,data/test/sample_15/Label-Ahmadkhani Ejraee.xlsx,376,378,457.0,0.0,0.0
test,sample_15,data/test/sample_15/Label-Ahmadkhani Ejraee.xlsx,377,379,458.0,0.0,0.0
test,sample_15,data/test/sample_15/Label-Ahmadkhani Ejraee.xlsx,378,380,459.0,0.0,0.0
test,sample_15,data/test/sample_15/Label-Ahmadkhani Ejraee.xlsx,379,381,460.0,0.0,0.0
test,sample_15,data/test/sample_15/Label-Ahmadkhani Ejraee.xlsx,380,382,461.0,0.0,0.0
test,sample_15,data/test/sample_15/Label-Ahmadkhani Ejraee.xlsx,381,383,462.0,0.0,0.0
test,sample_15,data/test/sample_15/Label-Ahmadkhani Ejraee.xlsx,382,384,463.0,0.0,0.0
test,sample_15,data/test/sample_15/Label-Ahmadkhani Ejraee.xlsx,383,385,464.0,0.0,0.0
test,sample_15,data/test/sample_15/Label-Ahmadkhani Ejraee.xlsx,384,386,465.0,0.0,0.0
test,sample_15,data/test/sample_15/Label-Ahmadkhani Ejraee.xlsx,385,387,466.0,0.0,0.0
test,sample_15,data/test/sample_15/Label-Ahmadkhani Ejraee.xlsx,386,388,467.0,0.0,0.0
test,sample_15,data/test/sample_15/Label-Ahmadkhani Ejraee.xlsx,387,389,468.0,0.0,0.0
test,sample_15,data/test/sample_15/Label-Ahmadkhani Ejraee.xlsx,388,390,469.0,0.0,0.0
test,sample_15,data/test/sample_15/Label-Ahmadkhani Ejraee.xlsx,389,391,470.0,0.0,0.0
test,sample_15,data/test/sample_15/Label-Ahmadkhani Ejraee.xlsx,407,409,508.0,0.0,0.0
test,sample_15,data/test/sample_15/Label-Ahmadkhani Ejraee.xlsx,409,411,510.0,0.0,0.0
test,sample_15,data/test/sample_15/Label-Ahmadkhani Ejraee.xlsx,411,413,512.0,0.0,0.0
test,sample_15,data/test/sample_15/Label-Ahmadkhani Ejraee.xlsx,413,415,514.0,0.0,0.0
test,sample_15,data/test/sample_15/Label-Ahmadkhani Ejraee.xlsx,415,417,516.0,0.0,0.0
test,sample_15,data/test/sample_15/Label-Ahmadkhani Ejraee.xlsx,417,419,518.0,0.0,0.0
test,sample_15,data/test/sample_15/Label-Ahmadkhani Ejraee.xlsx,419,421,520.0,0.0,0.0
test,sample_15,data/test/sample_15/Label-Ahmadkhani Ejraee.xlsx,445,447,546.0,0.0,0.0
test,sample_15,data/test/sample_15/Label-Ahmadkhani Ejraee.xlsx,449,451,550.0,0.0,0.0
test,sample_15,data/test/sample_15/Label-Ahmadkhani Ejraee.xlsx,453,455,554.0,0.0,0.0
test,sample_15,data/test/sample_15/Label-Ahmadkhani Ejraee.xlsx,457,459,558.0,0.0,0.0
test,sample_15,data/test/sample_15/Label-Ahmadkhani Ejraee.xlsx,461,463,562.0,0.0,0.0
test,sample_15,data/test/sample_15/Label-Ahmadkhani Ejraee.xlsx,465,467,566.0,0.0,0.0
test,sample_15,data/test/sample_15/Label-Ahmadkhani Ejraee.xlsx,473,475,574.0,0.0,0.0
test,sample_16,data/test/sample_16/Label-Amir-abadi .xlsx,35,37,36.0,0.0,0.0
test,sample_16,data/test/sample_16/Label-Amir-abadi .xlsx,36,38,37.0,0.0,0.0
test,sample_16,data/test/sample_16/Label-Amir-abadi .xlsx,42,44,43.0,0.0,0.0
test,sample_16,data/test/sample_16/Label-Amir-abadi .xlsx,68,70,69.0,0.0,0.0
test,sample_16,data/test/sample_16/Label-Amir-abadi .xlsx,69,71,70.0,0.0,0.0
test,sample_16,data/test/sample_16/Label-Amir-abadi .xlsx,101,103,102.0,0.0,0.0
test,sample_16,data/test/sample_16/Label-Amir-abadi .xlsx,102,104,103.0,0.0,0.0
test,sample_16,data/test/sample_16/Label-Amir-abadi .xlsx,130,132,131.0,0.0,0.0
test,sample_16,data/test/sample_16/Label-Amir-abadi .xlsx,131,133,132.0,0.0,0.0
test,sample_16,data/test/sample_16/Label-Amir-abadi .xlsx,159,161,160.0,0.0,0.0
test,sample_16,data/test/sample_16/Label-Amir-abadi .xlsx,160,162,161.0,0.0,0.0
test,sample_16,data/test/sample_16/Label-Amir-abadi .xlsx,188,190,189.0,0.0,0.0
test,sample_16,data/test/sample_16/Label-Amir-abadi .xlsx,189,191,190.0,0.0,0.0
test,sample_16,data/test/sample_16/Label-Amir-abadi .xlsx,217,219,218.0,0.0,0.0
test,sample_16,data/test/sample_16/Label-Amir-abadi .xlsx,218,220,219.0,0.0,0.0
test,sample_16,data/test/sample_16/Label-Amir-abadi .xlsx,234,236,235.0,0.0,0.0
test,sample_16,data/test/sample_16/Label-Amir-abadi .xlsx,240,242,241.0,0.0,0.0
test,sample_16,data/test/sample_16/Label-Amir-abadi .xlsx,241,243,242.0,0.0,0.0
test,sample_16,data/test/sample_16/Label-Amir-abadi .xlsx,244,246,245.0,0.0,0.0
test,sample_17,data/test/sample_17/Label-Amiran 03.xlsx,1,3,2.0,0.0,0.0
test,sample_17,data/test/sample_17/Label-Amiran 03.xlsx,2,4,3.0,0.0,0.0
test,sample_17,data/test/sample_17/Label-Amiran 03.xlsx,131,133,149.0,0.0,0.0
test,sample_17,data/test/sample_17/Label-Amiran 03.xlsx,132,134,150.0,0.0,0.0
test,sample_17,data/test/sample_17/Label-Amiran 03.xlsx,133,135,151.0,0.0,0.0
test,sample_17,data/test/sample_17/Label-Amiran 03.xlsx,134,136,152.0,0.0,0.0
test,sample_17,data/test/sample_17/Label-Amiran 03.xlsx,135,137,153.0,0.0,0.0
test,sample_17,data/test/sample_17/Label-Amiran 03.xlsx,142,144,161.0,0.0,0.0
test,sample_17,data/test/sample_17/Label-Amiran 03.xlsx,143,145,162.0,0.0,0.0
test,sample_17,data/test/sample_17/Label-Amiran 03.xlsx,144,146,163.0,0.0,0.0
test,sample_17,data/test/sample_17/Label-Amiran 03.xlsx,145,147,164.0,0.0,0.0
test,sample_17,data/test/sample_17/Label-Amiran 03.xlsx,146,148,165.0,0.0,0.0
test,sample_17,data/test/sample_17/Label-Amiran 03.xlsx,147,149,166.0,0.0,0.0
test,sample_17,data/test/sample_17/Label-Amiran 03.xlsx,162,164,185.0,0.0,0.0
test,sample_17,data/test/sample_17/Label-Amiran 03.xlsx,164,166,187.0,0.0,0.0
test,sample_17,data/test/sample_17/Label-Amiran 03.xlsx,165,167,189.0,0.0,0.0
test,sample_17,data/test/sample_17/Label-Amiran 03.xlsx,167,169,191.0,0.0,0.0
test,sample_17,data/test/sample_17/Label-Amiran 03.xlsx,168,170,193.0,0.0,0.0
test,sample_17,data/test/sample_17/Label-Amiran 03.xlsx,174,176,203.0,0.0,0.0
test,sample_17,data/test/sample_17/Label-Amiran 03.xlsx,177,179,206.0,0.0,0.0
test,sample_17,data/test/sample_17/Label-Amiran 03.xlsx,180,182,210.0,0.0,0.0
test,sample_19,data/test/sample_19/Label-BLOOK-DD.xlsx,198,200,224.0,0.0,0.0
test,sample_19,data/test/sample_19/Label-BLOOK-DD.xlsx,199,201,226.0,0.0,0.0
test,sample_19,data/test/sample_19/Label-BLOOK-DD.xlsx,200,202,227.0,0.0,0.0
test,sample_19,data/test/sample_19/Label-BLOOK-DD.xlsx,201,203,228.0,0.0,0.0
test,sample_19,data/test/sample_19/Label-BLOOK-DD.xlsx,203,205,230.0,0.0,0.0
test,sample_19,data/test/sample_19/Label-BLOOK-DD.xlsx,210,212,237.0,0.0,0.0
test,sample_19,data/test/sample_19/Label-BLOOK-DD.xlsx,216,218,244.0,0.0,0.0
test,sample_19,data/test/sample_19/Label-BLOOK-DD.xlsx,217,219,248.0,0.0,0.0
test,sample_19,data/test/sample_19/Label-BLOOK-DD.xlsx,219,221,251.0,0.0,0.0
test,sample_19,data/test/sample_19/Label-BLOOK-DD.xlsx,232,234,265.0,0.0,0.0
test,sample_19,data/test/sample_19/Label-BLOOK-DD.xlsx,252,254,286.0,0.0,0.0
test,sample_19,data/test/sample_19/Label-BLOOK-DD.xlsx,265,267,300.0,0.0,0.0
test,sample_19,data/test/sample_19/Label-BLOOK-DD.xlsx,324,326,376.0,0.0,0.0
test,sample_19,data/test/sample_19/Label-BLOOK-DD.xlsx,326,328,378.0,0.0,0.0
test,sample_19,data/test/sample_19/Label-BLOOK-DD.xlsx,327,329,379.0,0.0,0.0
test,sample_19,data/test/sample_19/Label-BLOOK-DD.xlsx,328,330,380.0,0.0,0.0
test,sample_19,data/test/sample_19/Label-BLOOK-DD.xlsx,329,331,381.0,0.0,0.0
test,sample_19,data/test/sample_19/Label-BLOOK-DD.xlsx,330,332,382.0,0.0,0.0
test,sample_19,data/test/sample_19/Label-BLOOK-DD.xlsx,331,333,383.0,0.0,0.0
test,sample_19,data/test/sample_19/Label-BLOOK-DD.xlsx,333,335,385.0,0.0,0.0
test,sample_19,data/test/sample_19/Label-BLOOK-DD.xlsx,334,336,386.0,0.0,0.0
test,sample_19,data/test/sample_19/Label-BLOOK-DD.xlsx,335,337,387.0,0.0,0.0
test,sample_19,data/test/sample_19/Label-BLOOK-DD.xlsx,336,338,388.0,0.0,0.0
test,sample_19,data/test/sample_19/Label-BLOOK-DD.xlsx,337,339,389.0,0.0,0.0
test,sample_19,data/test/sample_19/Label-BLOOK-DD.xlsx,338,340,390.0,0.0,0.0
test,sample_19,data/test/sample_19/Label-BLOOK-DD.xlsx,339,341,391.0,0.0,0.0
test,sample_19,data/test/sample_19/Label-BLOOK-DD.xlsx,340,342,392.0,0.0,0.0
test,sample_19,data/test/sample_19/Label-BLOOK-DD.xlsx,341,343,393.0,0.0,0.0
test,sample_19,data/test/sample_19/Label-BLOOK-DD.xlsx,342,344,394.0,0.0,0.0
test,sample_19,data/test/sample_19/Label-BLOOK-DD.xlsx,343,345,395.0,0.0,0.0
test,sample_19,data/test/sample_19/Label-BLOOK-DD.xlsx,344,346,396.0,0.0,0.0
test,sample_19,data/test/sample_19/Label-BLOOK-DD.xlsx,345,347,397.0,0.0,0.0
test,sample_19,data/test/sample_19/Label-BLOOK-DD.xlsx,346,348,399.0,0.0,0.0
test,sample_19,data/test/sample_19/Label-BLOOK-DD.xlsx,347,349,400.0,0.0,0.0
test,sample_19,data/test/sample_19/Label-BLOOK-DD.xlsx,348,350,401.0,0.0,0.0
test,sample_19,data/test/sample_19/Label-BLOOK-DD.xlsx,349,351,402.0,0.0,0.0
test,sample_19,data/test/sample_19/Label-BLOOK-DD.xlsx,350,352,403.0,0.0,0.0
test,sample_19,data/test/sample_19/Label-BLOOK-DD.xlsx,351,353,404.0,0.0,0.0
test,sample_19,data/test/sample_19/Label-BLOOK-DD.xlsx,352,354,405.0,0.0,0.0
test,sample_19,data/test/sample_19/Label-BLOOK-DD.xlsx,353,355,406.0,0.0,0.0
test,sample_19,data/test/sample_19/Label-BLOOK-DD.xlsx,354,356,407.0,0.0,0.0
test,sample_19,data/test/sample_19/Label-BLOOK-DD.xlsx,355,357,408.0,0.0,0.0
test,sample_19,data/test/sample_19/Label-BLOOK-DD.xlsx,356,358,409.0,0.0,0.0
test,sample_19,data/test/sample_19/Label-BLOOK-DD.xlsx,357,359,410.0,0.0,0.0
test,sample_19,data/test/sample_19/Label-BLOOK-DD.xlsx,358,360,411.0,0.0,0.0
test,sample_19,data/test/sample_19/Label-BLOOK-DD.xlsx,359,361,413.0,0.0,0.0
test,sample_19,data/test/sample_19/Label-BLOOK-DD.xlsx,360,362,414.0,0.0,0.0
test,sample_19,data/test/sample_19/Label-BLOOK-DD.xlsx,361,363,415.0,0.0,0.0
test,sample_19,data/test/sample_19/Label-BLOOK-DD.xlsx,362,364,417.0,0.0,0.0
test,sample_19,data/test/sample_19/Label-BLOOK-DD.xlsx,363,365,420.0,0.0,0.0
test,sample_19,data/test/sample_19/Label-BLOOK-DD.xlsx,364,366,422.0,0.0,0.0
test,sample_19,data/test/sample_19/Label-BLOOK-DD.xlsx,365,367,424.0,0.0,0.0
test,sample_19,data/test/sample_19/Label-BLOOK-DD.xlsx,366,368,426.0,0.0,0.0
test,sample_19,data/test/sample_19/Label-BLOOK-DD.xlsx,367,369,428.0,0.0,0.0
test,sample_19,data/test/sample_19/Label-BLOOK-DD.xlsx,372,374,433.0,0.0,0.0
test,sample_19,data/test/sample_19/Label-BLOOK-DD.xlsx,376,378,437.0,0.0,0.0
test,sample_19,data/test/sample_19/Label-BLOOK-DD.xlsx,378,380,439.0,0.0,0.0
test,sample_19,data/test/sample_19/Label-BLOOK-DD.xlsx,380,382,441.0,0.0,0.0
test,sample_19,data/test/sample_19/Label-BLOOK-DD.xlsx,382,384,443.0,0.0,0.0
test,sample_19,data/test/sample_19/Label-BLOOK-DD.xlsx,384,386,445.0,0.0,0.0
test,sample_19,data/test/sample_19/Label-BLOOK-DD.xlsx,489,491,558.0,0.0,0.0
test,sample_19,data/test/sample_19/Label-BLOOK-DD.xlsx,490,492,560.0,0.0,0.0
test,sample_19,data/test/sample_19/Label-BLOOK-DD.xlsx,491,493,561.0,0.0,0.0
test,sample_19,data/test/sample_19/Label-BLOOK-DD.xlsx,492,494,562.0,0.0,0.0
test,sample_19,data/test/sample_19/Label-BLOOK-DD.xlsx,493,495,563.0,0.0,0.0
test,sample_19,data/test/sample_19/Label-BLOOK-DD.xlsx,494,496,564.0,0.0,0.0
test,sample_20,data/test/sample_20/Label-B_FreshteRezaiian.xlsx,20,22,22.0,0.0,0.0
test,sample_20,data/test/sample_20/Label-B_FreshteRezaiian.xlsx,21,23,23.0,0.0,0.0
test,sample_20,data/test/sample_20/Label-B_FreshteRezaiian.xlsx,22,24,24.0,0.0,0.0
test,sample_20,data/test/sample_20/Label-B_FreshteRezaiian.xlsx,23,25,25.0,0.0,0.0
test,sample_20,data/test/sample_20/Label-B_FreshteRezaiian.xlsx,31,33,35.0,0.0,0.0
test,sample_20,data/test/sample_20/Label-B_FreshteRezaiian.xlsx,32,34,37.0,0.0,0.0
test,sample_25,data/test/sample_25/Label-Chazani .xlsx,1,3,2.0,0.0,0.0
test,sample_25,data/test/sample_25/Label-Chazani .xlsx,2,4,3.0,0.0,0.0
test,sample_25,data/test/sample_25/Label-Chazani .xlsx,4,6,5.0,0.0,0.0
test,sample_25,data/test/sample_25/Label-Chazani .xlsx,47,49,48.0,0.0,0.0
test,sample_25,data/test/sample_25/Label-Chazani .xlsx,110,112,364.0,0.0,0.0
test,sample_25,data/test/sample_25/Label-Chazani .xlsx,144,146,398.0,0.0,0.0
test,sample_25,data/test/sample_25/Label-Chazani .xlsx,178,180,432.0,0.0,0.0
test,sample_25,data/test/sample_25/Label-Chazani .xlsx,212,214,466.0,0.0,0.0
test,sample_27,data/test/sample_27/Label-Ebadi 01.xlsx,104,106,115.0,0.0,0.0
test,sample_27,data/test/sample_27/Label-Ebadi 01.xlsx,105,107,116.0,0.0,0.0
test,sample_27,data/test/sample_27/Label-Ebadi 01.xlsx,148,150,160.0,0.0,0.0
test,sample_27,data/test/sample_27/Label-Ebadi 01.xlsx,149,151,161.0,0.0,0.0
test,sample_27,data/test/sample_27/Label-Ebadi 01.xlsx,150,152,162.0,0.0,0.0
test,sample_27,data/test/sample_27/Label-Ebadi 01.xlsx,151,153,163.0,0.0,0.0
test,sample_27,data/test/sample_27/Label-Ebadi 01.xlsx,152,154,164.0,0.0,0.0
test,sample_27,data/test/sample_27/Label-Ebadi 01.xlsx,181,183,195.0,0.0,0.0
test,sample_27,data/test/sample_27/Label-Ebadi 01.xlsx,183,185,198.0,0.0,0.0
test,sample_27,data/test/sample_27/Label-Ebadi 01.xlsx,187,189,202.0,0.0,0.0
test,sample_28,data/test/sample_28/Label-Esfahani 02.xlsx,65,67,69.0,0.0,0.0
test,sample_28,data/test/sample_28/Label-Esfahani 02.xlsx,83,85,88.0,0.0,0.0
test,sample_28,data/test/sample_28/Label-Esfahani 02.xlsx,84,86,89.0,0.0,0.0
test,sample_28,data/test/sample_28/Label-Esfahani 02.xlsx,85,87,90.0,0.0,0.0
test,sample_28,data/test/sample_28/Label-Esfahani 02.xlsx,86,88,91.0,0.0,0.0
test,sample_28,data/test/sample_28/Label-Esfahani 02.xlsx,87,89,92.0,0.0,0.0
test,sample_28,data/test/sample_28/Label-Esfahani 02.xlsx,88,90,93.0,0.0,0.0
test,sample_28,data/test/sample_28/Label-Esfahani 02.xlsx,89,91,95.0,0.0,0.0
test,sample_28,data/test/sample_28/Label-Esfahani 02.xlsx,99,101,106.0,0.0,0.0
test,sample_28,data/test/sample_28/Label-Esfahani 02.xlsx,112,114,122.0,0.0,0.0
test,sample_28,data/test/sample_28/Label-Esfahani 02.xlsx,113,115,124.0,0.0,0.0
test,sample_28,data/test/sample_28/Label-Esfahani 02.xlsx,114,116,126.0,0.0,0.0
test,sample_29,data/test/sample_29/Label-Ezatipor.xlsx,211,213,212.0,0.0,0.0
test,sample_29,data/test/sample_29/Label-Ezatipor.xlsx,212,214,213.0,0.0,0.0
test,sample_29,data/test/sample_29/Label-Ezatipor.xlsx,213,215,214.0,0.0,0.0
test,sample_29,data/test/sample_29/Label-Ezatipor.xlsx,214,216,215.0,0.0,0.0
test,sample_29,data/test/sample_29/Label-Ezatipor.xlsx,216,218,217.0,0.0,0.0
test,sample_29,data/test/sample_29/Label-Ezatipor.xlsx,217,219,218.0,0.0,0.0
test,sample_29,data/test/sample_29/Label-Ezatipor.xlsx,397,399,402.0,0.0,0.0
test,sample_29,data/test/sample_29/Label-Ezatipor.xlsx,407,409,417.0,0.0,0.0
test,sample_29,data/test/sample_29/Label-Ezatipor.xlsx,408,410,418.0,0.0,0.0
test,sample_29,data/test/sample_29/Label-Ezatipor.xlsx,409,411,419.0,0.0,0.0
test,sample_29,data/test/sample_29/Label-Ezatipor.xlsx,410,412,420.0,0.0,0.0
test,sample_29,data/test/sample_29/Label-Ezatipor.xlsx,411,413,421.0,0.0,0.0
test,sample_29,data/test/sample_29/Label-Ezatipor.xlsx,412,414,422.0,0.0,0.0
test,sample_29,data/test/sample_29/Label-Ezatipor.xlsx,413,415,423.0,0.0,0.0
test,sample_29,data/test/sample_29/Label-Ezatipor.xlsx,414,416,424.0,0.0,0.0
test,sample_30,data/test/sample_30/Label-Fazeli 02.xlsx,57,59,62.0,0.0,0.0
test,sample_30,data/test/sample_30/Label-Fazeli 02.xlsx,59,61,65.0,0.0,0.0
test,sample_31,data/test/sample_31/Label-Ghasemi.xlsx,89,91,101.0,0.0,0.0
test,sample_31,data/test/sample_31/Label-Ghasemi.xlsx,90,92,102.0,0.0,0.0
test,sample_31,data/test/sample_31/Label-Ghasemi.xlsx,91,93,103.0,0.0,0.0
test,sample_31,data/test/sample_31/Label-Ghasemi.xlsx,92,94,104.0,0.0,0.0
test,sample_31,data/test/sample_31/Label-Ghasemi.xlsx,112,114,125.0,0.0,0.0
test,sample_31,data/test/sample_31/Label-Ghasemi.xlsx,113,115,126.0,0.0,0.0
test,sample_31,data/test/sample_31/Label-Ghasemi.xlsx,114,116,127.0,0.0,0.0
test,sample_31,data/test/sample_31/Label-Ghasemi.xlsx,115,117,128.0,0.0,0.0
test,sample_31,data/test/sample_31/Label-Ghasemi.xlsx,121,123,137.0,0.0,0.0
test,sample_32,data/test/sample_32/Label-HANI 1404.xlsx,113,115,117.0,0.0,0.0
test,sample_32,data/test/sample_32/Label-HANI 1404.xlsx,114,116,118.0,0.0,0.0
test,sample_32,data/test/sample_32/Label-HANI 1404.xlsx,115,117,119.0,0.0,0.0
test,sample_32,data/test/sample_32/Label-HANI 1404.xlsx,116,118,120.0,0.0,0.0
test,sample_32,data/test/sample_32/Label-HANI 1404.xlsx,117,119,121.0,0.0,0.0
test,sample_32,data/test/sample_32/Label-HANI 1404.xlsx,118,120,122.0,0.0,0.0
test,sample_32,data/test/sample_32/Label-HANI 1404.xlsx,119,121,123.0,0.0,0.0
test,sample_32,data/test/sample_32/Label-HANI 1404.xlsx,120,122,124.0,0.0,0.0
test,sample_32,data/test/sample_32/Label-HANI 1404.xlsx,121,123,125.0,0.0,0.0
test,sample_32,data/test/sample_32/Label-HANI 1404.xlsx,122,124,126.0,0.0,0.0
test,sample_32,data/test/sample_32/Label-HANI 1404.xlsx,123,125,127.0,0.0,0.0
test,sample_32,data/test/sample_32/Label-HANI 1404.xlsx,124,126,128.0,0.0,0.0
test,sample_32,data/test/sample_32/Label-HANI 1404.xlsx,125,127,129.0,0.0,0.0
test,sample_32,data/test/sample_32/Label-HANI 1404.xlsx,126,128,130.0,0.0,0.0
test,sample_32,data/test/sample_32/Label-HANI 1404.xlsx,127,129,131.0,0.0,0.0
test,sample_32,data/test/sample_32/Label-HANI 1404.xlsx,128,130,132.0,0.0,0.0
test,sample_32,data/test/sample_32/Label-HANI 1404.xlsx,129,131,133.0,0.0,0.0
test,sample_32,data/test/sample_32/Label-HANI 1404.xlsx,130,132,134.0,0.0,0.0
test,sample_32,data/test/sample_32/Label-HANI 1404.xlsx,131,133,135.0,0.0,0.0
test,sample_32,data/test/sample_32/Label-HANI 1404.xlsx,132,134,136.0,0.0,0.0
test,sample_33,data/test/sample_33/Label-Hemmati.xlsx,171,173,195.0,0.0,0.0
test,sample_33,data/test/sample_33/Label-Hemmati.xlsx,172,174,196.0,0.0,0.0
test,sample_33,data/test/sample_33/Label-Hemmati.xlsx,173,175,197.0,0.0,0.0
test,sample_33,data/test/sample_33/Label-Hemmati.xlsx,174,176,198.0,0.0,0.0
test,sample_33,data/test/sample_33/Label-Hemmati.xlsx,189,191,216.0,0.0,0.0
test,sample_33,data/test/sample_33/Label-Hemmati.xlsx,191,193,221.0,0.0,0.0
test,sample_33,data/test/sample_33/Label-Hemmati.xlsx,232,234,267.0,0.0,0.0
test,sample_33,data/test/sample_33/Label-Hemmati.xlsx,233,235,269.0,0.0,0.0
test,sample_34,data/test/sample_34/Label-Moradi Ejraee.xlsx,267,269,342.0,0.0,0.0
test,sample_35,data/test/sample_35/Label-Mousavi pour.xlsx,58,60,59.0,0.0,0.0
test,sample_35,data/test/sample_35/Label-Mousavi pour.xlsx,59,61,60.0,0.0,0.0
test,sample_35,data/test/sample_35/Label-Mousavi pour.xlsx,60,62,61.0,0.0,0.0
test,sample_35,data/test/sample_35/Label-Mousavi pour.xlsx,61,63,62.0,0.0,0.0
test,sample_35,data/test/sample_35/Label-Mousavi pour.xlsx,75,77,76.0,0.0,0.0
test,sample_35,data/test/sample_35/Label-Mousavi pour.xlsx,77,79,78.0,0.0,0.0
test,sample_35,data/test/sample_35/Label-Mousavi pour.xlsx,81,83,82.0,0.0,0.0
test,sample_35,data/test/sample_35/Label-Mousavi pour.xlsx,82,84,83.0,0.0,0.0
test,sample_35,data/test/sample_35/Label-Mousavi pour.xlsx,83,85,84.0,0.0,0.0
test,sample_35,data/test/sample_35/Label-Mousavi pour.xlsx,84,86,85.0,0.0,0.0
test,sample_35,data/test/sample_35/Label-Mousavi pour.xlsx,90,92,91.0,0.0,0.0
test,sample_35,data/test/sample_35/Label-Mousavi pour.xlsx,142,144,143.0,0.0,0.0
test,sample_35,data/test/sample_35/Label-Mousavi pour.xlsx,143,145,144.0,0.0,0.0
test,sample_35,data/test/sample_35/Label-Mousavi pour.xlsx,144,146,145.0,0.0,0.0
test,sample_35,data/test/sample_35/Label-Mousavi pour.xlsx,145,147,146.0,0.0,0.0
test,sample_35,data/test/sample_35/Label-Mousavi pour.xlsx,159,161,160.0,0.0,0.0
test,sample_35,data/test/sample_35/Label-Mousavi pour.xlsx,161,163,162.0,0.0,0.0
test,sample_35,data/test/sample_35/Label-Mousavi pour.xlsx,165,167,166.0,0.0,0.0
test,sample_35,data/test/sample_35/Label-Mousavi pour.xlsx,166,168,167.0,0.0,0.0
test,sample_35,data/test/sample_35/Label-Mousavi pour.xlsx,167,169,168.0,0.0,0.0
test,sample_35,data/test/sample_35/Label-Mousavi pour.xlsx,168,170,169.0,0.0,0.0
test,sample_35,data/test/sample_35/Label-Mousavi pour.xlsx,220,222,225.0,0.0,0.0
test,sample_35,data/test/sample_35/Label-Mousavi pour.xlsx,221,223,226.0,0.0,0.0
test,sample_35,data/test/sample_35/Label-Mousavi pour.xlsx,222,224,227.0,0.0,0.0
test,sample_35,data/test/sample_35/Label-Mousavi pour.xlsx,223,225,228.0,0.0,0.0
test,sample_35,data/test/sample_35/Label-Mousavi pour.xlsx,237,239,242.0,0.0,0.0
test,sample_35,data/test/sample_35/Label-Mousavi pour.xlsx,239,241,244.0,0.0,0.0
test,sample_35,data/test/sample_35/Label-Mousavi pour.xlsx,243,245,248.0,0.0,0.0
test,sample_35,data/test/sample_35/Label-Mousavi pour.xlsx,244,246,249.0,0.0,0.0
test,sample_35,data/test/sample_35/Label-Mousavi pour.xlsx,245,247,250.0,0.0,0.0
test,sample_35,data/test/sample_35/Label-Mousavi pour.xlsx,246,248,251.0,0.0,0.0
test,sample_35,data/test/sample_35/Label-Mousavi pour.xlsx,288,290,295.0,0.0,0.0
test,sample_35,data/test/sample_35/Label-Mousavi pour.xlsx,289,291,296.0,0.0,0.0
test,sample_35,data/test/sample_35/Label-Mousavi pour.xlsx,290,292,297.0,0.0,0.0
test,sample_35,data/test/sample_35/Label-Mousavi pour.xlsx,291,293,298.0,0.0,0.0
test,sample_35,data/test/sample_35/Label-Mousavi pour.xlsx,304,306,312.0,0.0,0.0
test,sample_35,data/test/sample_35/Label-Mousavi pour.xlsx,306,308,314.0,0.0,0.0
test,sample_35,data/test/sample_35/Label-Mousavi pour.xlsx,310,312,318.0,0.0,0.0
test,sample_35,data/test/sample_35/Label-Mousavi pour.xlsx,311,313,319.0,0.0,0.0
test,sample_35,data/test/sample_35/Label-Mousavi pour.xlsx,312,314,320.0,0.0,0.0
test,sample_35,data/test/sample_35/Label-Mousavi pour.xlsx,313,315,321.0,0.0,0.0
test,sample_35,data/test/sample_35/Label-Mousavi pour.xlsx,354,356,364.0,0.0,0.0
test,sample_35,data/test/sample_35/Label-Mousavi pour.xlsx,355,357,365.0,0.0,0.0
test,sample_35,data/test/sample_35/Label-Mousavi pour.xlsx,356,358,366.0,0.0,0.0
test,sample_35,data/test/sample_35/Label-Mousavi pour.xlsx,357,359,367.0,0.0,0.0
test,sample_35,data/test/sample_35/Label-Mousavi pour.xlsx,358,360,368.0,0.0,0.0
test,sample_35,data/test/sample_35/Label-Mousavi pour.xlsx,371,373,382.0,0.0,0.0
test,sample_35,data/test/sample_35/Label-Mousavi pour.xlsx,373,375,384.0,0.0,0.0
test,sample_35,data/test/sample_35/Label-Mousavi pour.xlsx,377,379,388.0,0.0,0.0
test,sample_35,data/test/sample_35/Label-Mousavi pour.xlsx,378,380,389.0,0.0,0.0
test,sample_35,data/test/sample_35/Label-Mousavi pour.xlsx,379,381,390.0,0.0,0.0
test,sample_35,data/test/sample_35/Label-Mousavi pour.xlsx,380,382,391.0,0.0,0.0
test,sample_35,data/test/sample_35/Label-Mousavi pour.xlsx,422,424,435.0,0.0,0.0
test,sample_35,data/test/sample_35/Label-Mousavi pour.xlsx,423,425,436.0,0.0,0.0
test,sample_35,data/test/sample_35/Label-Mousavi pour.xlsx,424,426,437.0,0.0,0.0
test,sample_35,data/test/sample_35/Label-Mousavi pour.xlsx,425,427,438.0,0.0,0.0
test,sample_35,data/test/sample_35/Label-Mousavi pour.xlsx,438,440,452.0,0.0,0.0
test,sample_35,data/test/sample_35/Label-Mousavi pour.xlsx,440,442,454.0,0.0,0.0
test,sample_35,data/test/sample_35/Label-Mousavi pour.xlsx,444,446,458.0,0.0,0.0
test,sample_35,data/test/sample_35/Label-Mousavi pour.xlsx,445,447,459.0,0.0,0.0
test,sample_35,data/test/sample_35/Label-Mousavi pour.xlsx,446,448,460.0,0.0,0.0
test,sample_35,data/test/sample_35/Label-Mousavi pour.xlsx,447,449,461.0,0.0,0.0
test,sample_35,data/test/sample_35/Label-Mousavi pour.xlsx,488,490,505.0,0.0,0.0
test,sample_35,data/test/sample_35/Label-Mousavi pour.xlsx,489,491,506.0,0.0,0.0
test,sample_35,data/test/sample_35/Label-Mousavi pour.xlsx,490,492,507.0,0.0,0.0
test,sample_35,data/test/sample_35/Label-Mousavi pour.xlsx,491,493,508.0,0.0,0.0
test,sample_35,data/test/sample_35/Label-Mousavi pour.xlsx,493,495,511.0,0.0,0.0
test,sample_35,data/test/sample_35/Label-Mousavi pour.xlsx,494,496,512.0,0.0,0.0
test,sample_35,data/test/sample_35/Label-Mousavi pour.xlsx,504,506,523.0,0.0,0.0
test,sample_35,data/test/sample_35/Label-Mousavi pour.xlsx,508,510,527.0,0.0,0.0
test,sample_35,data/test/sample_35/Label-Mousavi pour.xlsx,510,512,529.0,0.0,0.0
test,sample_35,data/test/sample_35/Label-Mousavi pour.xlsx,511,513,530.0,0.0,0.0
test,sample_35,data/test/sample_35/Label-Mousavi pour.xlsx,524,526,544.0,0.0,0.0
test,sample_35,data/test/sample_35/Label-Mousavi pour.xlsx,539,541,559.0,0.0,0.0
test,sample_35,data/test/sample_35/Label-Mousavi pour.xlsx,540,542,560.0,0.0,0.0
test,sample_35,data/test/sample_35/Label-Mousavi pour.xlsx,547,549,569.0,0.0,0.0
test,sample_35,data/test/sample_35/Label-Mousavi pour.xlsx,558,560,581.0,0.0,0.0
test,sample_35,data/test/sample_35/Label-Mousavi pour.xlsx,560,562,583.0,0.0,0.0
test,sample_35,data/test/sample_35/Label-Mousavi pour.xlsx,562,564,585.0,0.0,0.0
test,sample_35,data/test/sample_35/Label-Mousavi pour.xlsx,564,566,587.0,0.0,0.0
test,sample_35,data/test/sample_35/Label-Mousavi pour.xlsx,566,568,589.0,0.0,0.0
test,sample_38,data/test/sample_38/Label-Pakravan.xlsx,59,61,70.0,0.0,0.0
test,sample_38,data/test/sample_38/Label-Pakravan.xlsx,60,62,71.0,0.0,0.0
test,sample_38,data/test/sample_38/Label-Pakravan.xlsx,61,63,72.0,0.0,0.0
test,sample_38,data/test/sample_38/Label-Pakravan.xlsx,65,67,76.0,0.0,0.0
test,sample_38,data/test/sample_38/Label-Pakravan.xlsx,66,68,77.0,0.0,0.0
test,sample_38,data/test/sample_38/Label-Pakravan.xlsx,67,69,78.0,0.0,0.0
test,sample_38,data/test/sample_38/Label-Pakravan.xlsx,81,83,103.0,0.0,0.0
test,sample_38,data/test/sample_38/Label-Pakravan.xlsx,83,85,109.0,0.0,0.0
test,sample_39,data/test/sample_39/Label-Sohrab G.xlsx,0,2,1.0,0.0,0.0
test,sample_39,data/test/sample_39/Label-Sohrab G.xlsx,8,10,9.0,0.0,0.0
test,sample_39,data/test/sample_39/Label-Sohrab G.xlsx,9,11,10.0,0.0,0.0
test,sample_39,data/test/sample_39/Label-Sohrab G.xlsx,10,12,11.0,0.0,0.0
test,sample_39,data/test/sample_39/Label-Sohrab G.xlsx,575,577,616.0,0.0,0.0
test,sample_39,data/test/sample_39/Label-Sohrab G.xlsx,592,594,633.0,0.0,0.0
test,sample_40,data/test/sample_40/Label-Sohrabi.xlsx,87,89,88.0,0.0,0.0
test,sample_40,data/test/sample_40/Label-Sohrabi.xlsx,88,90,89.0,0.0,0.0
test,sample_40,data/test/sample_40/Label-Sohrabi.xlsx,90,92,91.0,0.0,0.0
test,sample_40,data/test/sample_40/Label-Sohrabi.xlsx,91,93,92.0,0.0,0.0
test,sample_40,data/test/sample_40/Label-Sohrabi.xlsx,113,115,115.0,0.0,0.0
test,sample_40,data/test/sample_40/Label-Sohrabi.xlsx,114,116,116.0,0.0,0.0
test,sample_40,data/test/sample_40/Label-Sohrabi.xlsx,115,117,117.0,0.0,0.0
test,sample_40,data/test/sample_40/Label-Sohrabi.xlsx,120,122,123.0,0.0,0.0
test,sample_41,data/test/sample_41/Label-Str05_V16.xlsx,210,212,211.0,0.0,0.0
test,sample_41,data/test/sample_41/Label-Str05_V16.xlsx,218,220,219.0,0.0,0.0
test,sample_41,data/test/sample_41/Label-Str05_V16.xlsx,219,221,220.0,0.0,0.0
test,sample_41,data/test/sample_41/Label-Str05_V16.xlsx,220,222,221.0,0.0,0.0
test,sample_41,data/test/sample_41/Label-Str05_V16.xlsx,221,223,222.0,0.0,0.0
test,sample_41,data/test/sample_41/Label-Str05_V16.xlsx,222,224,223.0,0.0,0.0
test,sample_41,data/test/sample_41/Label-Str05_V16.xlsx,223,225,224.0,0.0,0.0
test,sample_41,data/test/sample_41/Label-Str05_V16.xlsx,224,226,225.0,0.0,0.0
test,sample_41,data/test/sample_41/Label-Str05_V16.xlsx,225,227,226.0,0.0,0.0
test,sample_41,data/test/sample_41/Label-Str05_V16.xlsx,235,237,236.0,0.0,0.0
test,sample_41,data/test/sample_41/Label-Str05_V16.xlsx,236,238,237.0,0.0,0.0
test,sample_41,data/test/sample_41/Label-Str05_V16.xlsx,237,239,238.0,0.0,0.0
test,sample_41,data/test/sample_41/Label-Str05_V16.xlsx,238,240,239.0,0.0,0.0
test,sample_42,data/test/sample_42/Label-T- (14).xlsx,43,45,44.0,0.0,0.0
test,sample_42,data/test/sample_42/Label-T- (14).xlsx,66,68,67.0,0.0,0.0
test,sample_42,data/test/sample_42/Label-T- (14).xlsx,68,70,69.0,0.0,0.0
test,sample_42,data/test/sample_42/Label-T- (14).xlsx,71,73,72.0,0.0,0.0
test,sample_42,data/test/sample_42/Label-T- (14).xlsx,73,75,75.0,0.0,0.0
test,sample_42,data/test/sample_42/Label-T- (14).xlsx,74,76,76.0,0.0,0.0
test,sample_42,data/test/sample_42/Label-T- (14).xlsx,75,77,77.0,0.0,0.0
test,sample_42,data/test/sample_42/Label-T- (14).xlsx,76,78,78.0,0.0,0.0
test,sample_42,data/test/sample_42/Label-T- (14).xlsx,77,79,79.0,0.0,0.0
test,sample_42,data/test/sample_42/Label-T- (14).xlsx,78,80,80.0,0.0,0.0
test,sample_42,data/test/sample_42/Label-T- (14).xlsx,79,81,81.0,0.0,0.0
test,sample_42,data/test/sample_42/Label-T- (14).xlsx,80,82,82.0,0.0,0.0
test,sample_42,data/test/sample_42/Label-T- (14).xlsx,130,132,211.0,0.0,0.0
test,sample_42,data/test/sample_42/Label-T- (14).xlsx,131,133,213.0,0.0,0.0
test,sample_42,data/test/sample_42/Label-T- (14).xlsx,132,134,214.0,0.0,0.0
test,sample_42,data/test/sample_42/Label-T- (14).xlsx,133,135,215.0,0.0,0.0
test,sample_42,data/test/sample_42/Label-T- (14).xlsx,134,136,216.0,0.0,0.0
test,sample_42,data/test/sample_42/Label-T- (14).xlsx,145,147,227.0,0.0,0.0
test,sample_42,data/test/sample_42/Label-T- (14).xlsx,149,151,231.0,0.0,0.0
test,sample_43,data/test/sample_43/Label-T- (2).xlsx,77,79,87.0,0.0,0.0
test,sample_43,data/test/sample_43/Label-T- (2).xlsx,91,93,102.0,0.0,0.0
test,sample_43,data/test/sample_43/Label-T- (2).xlsx,100,102,112.0,0.0,0.0
test,sample_43,data/test/sample_43/Label-T- (2).xlsx,109,111,122.0,0.0,0.0
test,sample_43,data/test/sample_43/Label-T- (2).xlsx,113,115,126.0,0.0,0.0
test,sample_43,data/test/sample_43/Label-T- (2).xlsx,114,116,128.0,0.0,0.0
test,sample_43,data/test/sample_43/Label-T- (2).xlsx,115,117,129.0,0.0,0.0
test,sample_43,data/test/sample_43/Label-T- (2).xlsx,116,118,130.0,0.0,0.0
test,sample_43,data/test/sample_43/Label-T- (2).xlsx,124,126,138.0,0.0,0.0
test,sample_43,data/test/sample_43/Label-T- (2).xlsx,127,129,142.0,0.0,0.0
test,sample_43,data/test/sample_43/Label-T- (2).xlsx,128,130,144.0,0.0,0.0
test,sample_43,data/test/sample_43/Label-T- (2).xlsx,129,131,146.0,0.0,0.0
test,sample_44,data/test/sample_44/Label-T- (23).xlsx,122,124,123.0,0.0,0.0
test,sample_44,data/test/sample_44/Label-T- (23).xlsx,123,125,124.0,0.0,0.0
test,sample_44,data/test/sample_44/Label-T- (23).xlsx,124,126,125.0,0.0,0.0
test,sample_44,data/test/sample_44/Label-T- (23).xlsx,125,127,126.0,0.0,0.0
test,sample_44,data/test/sample_44/Label-T- (23).xlsx,126,128,127.0,0.0,0.0
test,sample_44,data/test/sample_44/Label-T- (23).xlsx,132,134,133.0,0.0,0.0
test,sample_44,data/test/sample_44/Label-T- (23).xlsx,133,135,134.0,0.0,0.0
test,sample_44,data/test/sample_44/Label-T- (23).xlsx,134,136,135.0,0.0,0.0
test,sample_44,data/test/sample_44/Label-T- (23).xlsx,135,137,136.0,0.0,0.0
test,sample_44,data/test/sample_44/Label-T- (23).xlsx,136,138,137.0,0.0,0.0
test,sample_44,data/test/sample_44/Label-T- (23).xlsx,213,215,214.0,0.0,0.0
test,sample_45,data/test/sample_45/Label-T- (25).xlsx,138,140,145.0,0.0,0.0
test,sample_45,data/test/sample_45/Label-T- (25).xlsx,139,141,146.0,0.0,0.0
test,sample_45,data/test/sample_45/Label-T- (25).xlsx,140,142,147.0,0.0,0.0
test,sample_45,data/test/sample_45/Label-T- (25).xlsx,141,143,148.0,0.0,0.0
test,sample_45,data/test/sample_45/Label-T- (25).xlsx,142,144,149.0,0.0,0.0
test,sample_45,data/test/sample_45/Label-T- (25).xlsx,143,145,150.0,0.0,0.0
test,sample_46,data/test/sample_46/Label-T- (26).xlsx,87,89,127.0,0.0,0.0
test,sample_46,data/test/sample_46/Label-T- (26).xlsx,88,90,129.0,0.0,0.0
test,sample_46,data/test/sample_46/Label-T- (26).xlsx,89,91,130.0,0.0,0.0
test,sample_46,data/test/sample_46/Label-T- (26).xlsx,90,92,131.0,0.0,0.0
test,sample_46,data/test/sample_46/Label-T- (26).xlsx,91,93,132.0,0.0,0.0
test,sample_46,data/test/sample_46/Label-T- (26).xlsx,115,117,176.0,0.0,0.0
test,sample_46,data/test/sample_46/Label-T- (26).xlsx,120,122,182.0,0.0,0.0
test,sample_46,data/test/sample_46/Label-T- (26).xlsx,121,123,184.0,0.0,0.0
test,sample_46,data/test/sample_46/Label-T- (26).xlsx,122,124,186.0,0.0,0.0
test,sample_46,data/test/sample_46/Label-T- (26).xlsx,128,130,193.0,0.0,0.0
test,sample_46,data/test/sample_46/Label-T- (26).xlsx,139,141,210.0,0.0,0.0
test,sample_46,data/test/sample_46/Label-T- (26).xlsx,143,145,215.0,0.0,0.0
test,sample_46,data/test/sample_46/Label-T- (26).xlsx,144,146,216.0,0.0,0.0
test,sample_46,data/test/sample_46/Label-T- (26).xlsx,146,148,219.0,0.0,0.0
test,sample_46,data/test/sample_46/Label-T- (26).xlsx,147,149,220.0,0.0,0.0
test,sample_46,data/test/sample_46/Label-T- (26).xlsx,148,150,222.0,0.0,0.0
test,sample_46,data/test/sample_46/Label-T- (26).xlsx,149,151,223.0,0.0,0.0
test,sample_46,data/test/sample_46/Label-T- (26).xlsx,150,152,225.0,0.0,0.0
test,sample_46,data/test/sample_46/Label-T- (26).xlsx,151,153,226.0,0.0,0.0
test,sample_46,data/test/sample_46/Label-T- (26).xlsx,152,154,228.0,0.0,0.0
test,sample_46,data/test/sample_46/Label-T- (26).xlsx,153,155,229.0,0.0,0.0
test,sample_46,data/test/sample_46/Label-T- (26).xlsx,154,156,232.0,0.0,0.0
test,sample_46,data/test/sample_46/Label-T- (26).xlsx,155,157,235.0,0.0,0.0
test,sample_46,data/test/sample_46/Label-T- (26).xlsx,156,158,238.0,0.0,0.0
test,sample_46,data/test/sample_46/Label-T- (26).xlsx,157,159,241.0,0.0,0.0
test,sample_46,data/test/sample_46/Label-T- (26).xlsx,158,160,292.0,0.0,0.0
test,sample_46,data/test/sample_46/Label-T- (26).xlsx,159,161,296.0,0.0,0.0
test,sample_46,data/test/sample_46/Label-T- (26).xlsx,160,162,298.0,0.0,0.0
test,sample_46,data/test/sample_46/Label-T- (26).xlsx,161,163,300.0,0.0,0.0
test,sample_46,data/test/sample_46/Label-T- (26).xlsx,162,164,302.0,0.0,0.0
test,sample_47,data/test/sample_47/Label-T- (28).xlsx,12,14,13.0,0.0,0.0
test,sample_47,data/test/sample_47/Label-T- (28).xlsx,13,15,14.0,0.0,0.0
test,sample_47,data/test/sample_47/Label-T- (28).xlsx,14,16,15.0,0.0,0.0
test,sample_47,data/test/sample_47/Label-T- (28).xlsx,15,17,16.0,0.0,0.0
test,sample_47,data/test/sample_47/Label-T- (28).xlsx,16,18,17.0,0.0,0.0
test,sample_47,data/test/sample_47/Label-T- (28).xlsx,17,19,18.0,0.0,0.0
test,sample_48,data/test/sample_48/Label-T- (34).xlsx,5,7,6.0,0.0,0.0
test,sample_48,data/test/sample_48/Label-T- (34).xlsx,13,15,15.0,0.0,0.0
test,sample_49,data/test/sample_49/Label-T- (43).xlsx,216,218,217.0,0.0,0.0
test,sample_49,data/test/sample_49/Label-T- (43).xlsx,217,219,218.0,0.0,0.0
test,sample_49,data/test/sample_49/Label-T- (43).xlsx,218,220,219.0,0.0,0.0
test,sample_49,data/test/sample_49/Label-T- (43).xlsx,219,221,220.0,0.0,0.0
test,sample_49,data/test/sample_49/Label-T- (43).xlsx,220,222,221.0,0.0,0.0
test,sample_49,data/test/sample_49/Label-T- (43).xlsx,221,223,222.0,0.0,0.0
test,sample_49,data/test/sample_49/Label-T- (43).xlsx,222,224,223.0,0.0,0.0
test,sample_49,data/test/sample_49/Label-T- (43).xlsx,223,225,224.0,0.0,0.0
test,sample_49,data/test/sample_49/Label-T- (43).xlsx,224,226,225.0,0.0,0.0
test,sample_49,data/test/sample_49/Label-T- (43).xlsx,225,227,226.0,0.0,0.0
test,sample_49,data/test/sample_49/Label-T- (43).xlsx,226,228,227.0,0.0,0.0
test,sample_49,data/test/sample_49/Label-T- (43).xlsx,227,229,228.0,0.0,0.0
test,sample_49,data/test/sample_49/Label-T- (43).xlsx,228,230,229.0,0.0,0.0
test,sample_49,data/test/sample_49/Label-T- (43).xlsx,229,231,230.0,0.0,0.0
test,sample_49,data/test/sample_49/Label-T- (43).xlsx,230,232,231.0,0.0,0.0
test,sample_49,data/test/sample_49/Label-T- (43).xlsx,231,233,232.0,0.0,0.0
test,sample_49,data/test/sample_49/Label-T- (43).xlsx,258,260,259.0,0.0,0.0
test,sample_49,data/test/sample_49/Label-T- (43).xlsx,261,263,262.0,0.0,0.0
test,sample_49,data/test/sample_49/Label-T- (43).xlsx,264,266,265.0,0.0,0.0
test,sample_49,data/test/sample_49/Label-T- (43).xlsx,267,269,268.0,0.0,0.0
test,sample_49,data/test/sample_49/Label-T- (43).xlsx,270,272,271.0,0.0,0.0
test,sample_49,data/test/sample_49/Label-T- (43).xlsx,273,275,274.0,0.0,0.0
test,sample_49,data/test/sample_49/Label-T- (43).xlsx,276,278,277.0,0.0,0.0
test,sample_49,data/test/sample_49/Label-T- (43).xlsx,279,281,280.0,0.0,0.0
test,sample_49,data/test/sample_49/Label-T- (43).xlsx,288,290,289.0,0.0,0.0
test,sample_49,data/test/sample_49/Label-T- (43).xlsx,295,297,297.0,0.0,0.0
test,sample_49,data/test/sample_49/Label-T- (43).xlsx,296,298,298.0,0.0,0.0
test,sample_49,data/test/sample_49/Label-T- (43).xlsx,297,299,299.0,0.0,0.0
test,sample_49,data/test/sample_49/Label-T- (43).xlsx,298,300,300.0,0.0,0.0
test,sample_49,data/test/sample_49/Label-T- (43).xlsx,299,301,301.0,0.0,0.0
test,sample_49,data/test/sample_49/Label-T- (43).xlsx,300,302,302.0,0.0,0.0
test,sample_49,data/test/sample_49/Label-T- (43).xlsx,301,303,303.0,0.0,0.0
test,sample_49,data/test/sample_49/Label-T- (43).xlsx,302,304,304.0,0.0,0.0
test,sample_49,data/test/sample_49/Label-T- (43).xlsx,311,313,313.0,0.0,0.0
test,sample_49,data/test/sample_49/Label-T- (43).xlsx,312,314,314.0,0.0,0.0
test,sample_49,data/test/sample_49/Label-T- (43).xlsx,313,315,315.0,0.0,0.0
test,sample_49,data/test/sample_49/Label-T- (43).xlsx,314,316,316.0,0.0,0.0
test,sample_49,data/test/sample_49/Label-T- (43).xlsx,315,317,317.0,0.0,0.0
test,sample_49,data/test/sample_49/Label-T- (43).xlsx,316,318,318.0,0.0,0.0
test,sample_49,data/test/sample_49/Label-T- (43).xlsx,317,319,319.0,0.0,0.0
test,sample_49,data/test/sample_49/Label-T- (43).xlsx,318,320,320.0,0.0,0.0
test,sample_5,data/test/sample_5/Label-15.xlsx,15,17,16.0,0.0,0.0
test,sample_5,data/test/sample_5/Label-15.xlsx,22,24,23.0,0.0,0.0
test,sample_5,data/test/sample_5/Label-15.xlsx,29,31,30.0,0.0,0.0
test,sample_5,data/test/sample_5/Label-15.xlsx,36,38,37.0,0.0,0.0
test,sample_5,data/test/sample_5/Label-15.xlsx,43,45,44.0,0.0,0.0
test,sample_5,data/test/sample_5/Label-15.xlsx,71,73,72.0,0.0,0.0
test,sample_5,data/test/sample_5/Label-15.xlsx,78,80,79.0,0.0,0.0
test,sample_5,data/test/sample_5/Label-15.xlsx,92,94,93.0,0.0,0.0
test,sample_5,data/test/sample_5/Label-15.xlsx,99,101,100.0,0.0,0.0
test,sample_5,data/test/sample_5/Label-15.xlsx,106,108,107.0,0.0,0.0
test,sample_5,data/test/sample_5/Label-15.xlsx,134,136,135.0,0.0,0.0
test,sample_5,data/test/sample_5/Label-15.xlsx,141,143,142.0,0.0,0.0
test,sample_5,data/test/sample_5/Label-15.xlsx,148,150,149.0,0.0,0.0
test,sample_5,data/test/sample_5/Label-15.xlsx,155,157,156.0,0.0,0.0
test,sample_5,data/test/sample_5/Label-15.xlsx,162,164,163.0,0.0,0.0
test,sample_5,data/test/sample_5/Label-15.xlsx,274,276,275.0,0.0,0.0
test,sample_5,data/test/sample_5/Label-15.xlsx,288,290,289.0,0.0,0.0
test,sample_5,data/test/sample_5/Label-15.xlsx,343,345,351.0,0.0,0.0
test,sample_5,data/test/sample_5/Label-15.xlsx,344,346,353.0,0.0,0.0
test,sample_5,data/test/sample_5/Label-15.xlsx,345,347,354.0,0.0,0.0
test,sample_5,data/test/sample_5/Label-15.xlsx,346,348,355.0,0.0,0.0
test,sample_5,data/test/sample_5/Label-15.xlsx,347,349,356.0,0.0,0.0
test,sample_5,data/test/sample_5/Label-15.xlsx,353,355,365.0,0.0,0.0
test,sample_5,data/test/sample_5/Label-15.xlsx,354,356,367.0,0.0,0.0
test,sample_5,data/test/sample_5/Label-15.xlsx,355,357,368.0,0.0,0.0
test,sample_5,data/test/sample_5/Label-15.xlsx,356,358,369.0,0.0,0.0
test,sample_5,data/test/sample_5/Label-15.xlsx,357,359,370.0,0.0,0.0
test,sample_5,data/test/sample_5/Label-15.xlsx,363,365,379.0,0.0,0.0
test,sample_5,data/test/sample_5/Label-15.xlsx,364,366,381.0,0.0,0.0
test,sample_5,data/test/sample_5/Label-15.xlsx,365,367,382.0,0.0,0.0
test,sample_5,data/test/sample_5/Label-15.xlsx,366,368,383.0,0.0,0.0
test,sample_5,data/test/sample_5/Label-15.xlsx,367,369,384.0,0.0,0.0
test,sample_5,data/test/sample_5/Label-15.xlsx,373,375,393.0,0.0,0.0
test,sample_5,data/test/sample_5/Label-15.xlsx,374,376,395.0,0.0,0.0
test,sample_5,data/test/sample_5/Label-15.xlsx,375,377,396.0,0.0,0.0
test,sample_5,data/test/sample_5/Label-15.xlsx,376,378,397.0,0.0,0.0
test,sample_5,data/test/sample_5/Label-15.xlsx,377,379,398.0,0.0,0.0
test,sample_50,data/test/sample_50/Label-T- (49).xlsx,152,154,181.0,0.0,0.0
test,sample_51,data/test/sample_51/Label-U-me1-H15.xlsx,458,460,645.0,0.0,0.0
test,sample_51,data/test/sample_51/Label-U-me1-H15.xlsx,459,461,649.0,0.0,0.0
test,sample_51,data/test/sample_51/Label-U-me1-H15.xlsx,460,462,651.0,0.0,0.0
test,sample_51,data/test/sample_51/Label-U-me1-H15.xlsx,461,463,653.0,0.0,0.0
test,sample_51,data/test/sample_51/Label-U-me1-H15.xlsx,462,464,655.0,0.0,0.0
test,sample_51,data/test/sample_51/Label-U-me1-H15.xlsx,463,465,657.0,0.0,0.0
test,sample_51,data/test/sample_51/Label-U-me1-H15.xlsx,464,466,659.0,0.0,0.0
test,sample_51,data/test/sample_51/Label-U-me1-H15.xlsx,465,467,663.0,0.0,0.0
test,sample_51,data/test/sample_51/Label-U-me1-H15.xlsx,466,468,665.0,0.0,0.0
test,sample_51,data/test/sample_51/Label-U-me1-H15.xlsx,467,469,667.0,0.0,0.0
test,sample_51,data/test/sample_51/Label-U-me1-H15.xlsx,468,470,669.0,0.0,0.0
test,sample_51,data/test/sample_51/Label-U-me1-H15.xlsx,469,471,671.0,0.0,0.0
test,sample_52,data/test/sample_52/Label-Zakeri 01.xlsx,199,201,202.0,0.0,0.0
test,sample_52,data/test/sample_52/Label-Zakeri 01.xlsx,246,248,256.0,0.0,0.0
test,sample_52,data/test/sample_52/Label-Zakeri 01.xlsx,248,250,259.0,0.0,0.0
test,sample_52,data/test/sample_52/Label-Zakeri 01.xlsx,250,252,261.0,0.0,0.0
test,sample_52,data/test/sample_52/Label-Zakeri 01.xlsx,297,299,315.0,0.0,0.0
test,sample_52,data/test/sample_52/Label-Zakeri 01.xlsx,299,301,318.0,0.0,0.0
test,sample_52,data/test/sample_52/Label-Zakeri 01.xlsx,301,303,320.0,0.0,0.0
test,sample_52,data/test/sample_52/Label-Zakeri 01.xlsx,348,350,374.0,0.0,0.0
test,sample_52,data/test/sample_52/Label-Zakeri 01.xlsx,350,352,377.0,0.0,0.0
test,sample_52,data/test/sample_52/Label-Zakeri 01.xlsx,352,354,379.0,0.0,0.0
test,sample_52,data/test/sample_52/Label-Zakeri 01.xlsx,399,401,433.0,0.0,0.0
test,sample_52,data/test/sample_52/Label-Zakeri 01.xlsx,401,403,436.0,0.0,0.0
test,sample_52,data/test/sample_52/Label-Zakeri 01.xlsx,403,405,438.0,0.0,0.0
test,sample_52,data/test/sample_52/Label-Zakeri 01.xlsx,450,452,492.0,0.0,0.0
test,sample_52,data/test/sample_52/Label-Zakeri 01.xlsx,452,454,495.0,0.0,0.0
test,sample_52,data/test/sample_52/Label-Zakeri 01.xlsx,454,456,497.0,0.0,0.0
test,sample_52,data/test/sample_52/Label-Zakeri 01.xlsx,501,503,551.0,0.0,0.0
test,sample_52,data/test/sample_52/Label-Zakeri 01.xlsx,503,505,554.0,0.0,0.0
test,sample_52,data/test/sample_52/Label-Zakeri 01.xlsx,542,544,613.0,0.0,0.0
test,sample_53,data/test/sample_53/Label-khaki.xlsx,150,152,153.0,0.0,0.0
test,sample_53,data/test/sample_53/Label-khaki.xlsx,151,153,154.0,0.0,0.0
test,sample_53,data/test/sample_53/Label-khaki.xlsx,152,154,155.0,0.0,0.0
test,sample_53,data/test/sample_53/Label-khaki.xlsx,153,155,156.0,0.0,0.0
test,sample_53,data/test/sample_53/Label-khaki.xlsx,154,156,157.0,0.0,0.0
test,sample_53,data/test/sample_53/Label-khaki.xlsx,155,157,158.0,0.0,0.0
test,sample_53,data/test/sample_53/Label-khaki.xlsx,221,223,224.0,0.0,0.0
test,sample_53,data/test/sample_53/Label-khaki.xlsx,222,224,225.0,0.0,0.0
test,sample_53,data/test/sample_53/Label-khaki.xlsx,223,225,226.0,0.0,0.0
test,sample_53,data/test/sample_53/Label-khaki.xlsx,224,226,227.0,0.0,0.0
test,sample_53,data/test/sample_53/Label-khaki.xlsx,225,227,228.0,0.0,0.0
test,sample_53,data/test/sample_53/Label-khaki.xlsx,226,228,229.0,0.0,0.0
test,sample_53,data/test/sample_53/Label-khaki.xlsx,236,238,239.0,0.0,0.0
test,sample_53,data/test/sample_53/Label-khaki.xlsx,237,239,240.0,0.0,0.0
test,sample_53,data/test/sample_53/Label-khaki.xlsx,238,240,241.0,0.0,0.0
test,sample_53,data/test/sample_53/Label-khaki.xlsx,239,241,242.0,0.0,0.0
test,sample_53,data/test/sample_53/Label-khaki.xlsx,240,242,243.0,0.0,0.0
test,sample_53,data/test/sample_53/Label-khaki.xlsx,241,243,244.0,0.0,0.0
test,sample_53,data/test/sample_53/Label-khaki.xlsx,245,247,248.0,0.0,0.0
test,sample_53,data/test/sample_53/Label-khaki.xlsx,246,248,249.0,0.0,0.0
test,sample_53,data/test/sample_53/Label-khaki.xlsx,247,249,250.0,0.0,0.0
test,sample_53,data/test/sample_53/Label-khaki.xlsx,248,250,251.0,0.0,0.0
test,sample_53,data/test/sample_53/Label-khaki.xlsx,249,251,252.0,0.0,0.0
test,sample_53,data/test/sample_53/Label-khaki.xlsx,250,252,253.0,0.0,0.0
test,sample_53,data/test/sample_53/Label-khaki.xlsx,251,253,254.0,0.0,0.0
test,sample_53,data/test/sample_53/Label-khaki.xlsx,252,254,255.0,0.0,0.0
test,sample_53,data/test/sample_53/Label-khaki.xlsx,253,255,256.0,0.0,0.0
test,sample_53,data/test/sample_53/Label-khaki.xlsx,269,271,272.0,0.0,0.0
test,sample_53,data/test/sample_53/Label-khaki.xlsx,270,272,273.0,0.0,0.0
test,sample_53,data/test/sample_53/Label-khaki.xlsx,271,273,274.0,0.0,0.0
test,sample_53,data/test/sample_53/Label-khaki.xlsx,272,274,275.0,0.0,0.0
test,sample_53,data/test/sample_53/Label-khaki.xlsx,273,275,276.0,0.0,0.0
test,sample_53,data/test/sample_53/Label-khaki.xlsx,277,279,280.0,0.0,0.0
test,sample_53,data/test/sample_53/Label-khaki.xlsx,278,280,281.0,0.0,0.0
test,sample_53,data/test/sample_53/Label-khaki.xlsx,280,282,283.0,0.0,0.0
test,sample_53,data/test/sample_53/Label-khaki.xlsx,281,283,284.0,0.0,0.0
test,sample_53,data/test/sample_53/Label-khaki.xlsx,282,284,285.0,0.0,0.0
test,sample_53,data/test/sample_53/Label-khaki.xlsx,288,290,291.0,0.0,0.0
test,sample_53,data/test/sample_53/Label-khaki.xlsx,289,291,292.0,0.0,0.0
test,sample_53,data/test/sample_53/Label-khaki.xlsx,290,292,293.0,0.0,0.0
test,sample_53,data/test/sample_53/Label-khaki.xlsx,294,296,297.0,0.0,0.0
test,sample_53,data/test/sample_53/Label-khaki.xlsx,295,297,298.0,0.0,0.0
test,sample_53,data/test/sample_53/Label-khaki.xlsx,297,299,300.0,0.0,0.0
test,sample_53,data/test/sample_53/Label-khaki.xlsx,298,300,301.0,0.0,0.0
test,sample_53,data/test/sample_53/Label-khaki.xlsx,299,301,302.0,0.0,0.0
test,sample_53,data/test/sample_53/Label-khaki.xlsx,305,307,308.0,0.0,0.0
test,sample_53,data/test/sample_53/Label-khaki.xlsx,307,309,310.0,0.0,0.0
test,sample_53,data/test/sample_53/Label-khaki.xlsx,309,311,312.0,0.0,0.0
test,sample_53,data/test/sample_53/Label-khaki.xlsx,311,313,314.0,0.0,0.0
test,sample_53,data/test/sample_53/Label-khaki.xlsx,313,315,316.0,0.0,0.0
test,sample_53,data/test/sample_53/Label-khaki.xlsx,315,317,318.0,0.0,0.0
test,sample_53,data/test/sample_53/Label-khaki.xlsx,317,319,320.0,0.0,0.0
test,sample_53,data/test/sample_53/Label-khaki.xlsx,332,334,335.0,0.0,0.0
test,sample_53,data/test/sample_53/Label-khaki.xlsx,334,336,337.0,0.0,0.0
test,sample_53,data/test/sample_53/Label-khaki.xlsx,335,337,338.0,0.0,0.0
test,sample_53,data/test/sample_53/Label-khaki.xlsx,336,338,339.0,0.0,0.0
test,sample_53,data/test/sample_53/Label-khaki.xlsx,337,339,340.0,0.0,0.0
test,sample_53,data/test/sample_53/Label-khaki.xlsx,342,344,345.0,0.0,0.0
test,sample_53,data/test/sample_53/Label-khaki.xlsx,343,345,346.0,0.0,0.0
test,sample_53,data/test/sample_53/Label-khaki.xlsx,344,346,347.0,0.0,0.0
test,sample_53,data/test/sample_53/Label-khaki.xlsx,345,347,348.0,0.0,0.0
test,sample_53,data/test/sample_53/Label-khaki.xlsx,346,348,349.0,0.0,0.0
test,sample_55,data/test/sample_55/Label-moradbklo.xlsx,45,47,46.0,0.0,0.0
test,sample_55,data/test/sample_55/Label-moradbklo.xlsx,145,147,146.0,0.0,0.0
test,sample_55,data/test/sample_55/Label-moradbklo.xlsx,217,219,241.0,0.0,0.0
test,sample_57,data/test/sample_57/Label-rahimi2-1.xlsx,204,206,255.0,0.0,0.0
test,sample_57,data/test/sample_57/Label-rahimi2-1.xlsx,205,207,256.0,0.0,0.0
test,sample_57,data/test/sample_57/Label-rahimi2-1.xlsx,206,208,257.0,0.0,0.0
test,sample_57,data/test/sample_57/Label-rahimi2-1.xlsx,207,209,258.0,0.0,0.0
test,sample_57,data/test/sample_57/Label-rahimi2-1.xlsx,208,210,259.0,0.0,0.0
test,sample_57,data/test/sample_57/Label-rahimi2-1.xlsx,209,211,260.0,0.0,0.0
test,sample_57,data/test/sample_57/Label-rahimi2-1.xlsx,210,212,261.0,0.0,0.0
test,sample_57,data/test/sample_57/Label-rahimi2-1.xlsx,211,213,262.0,0.0,0.0
test,sample_57,data/test/sample_57/Label-rahimi2-1.xlsx,212,214,263.0,0.0,0.0
test,sample_57,data/test/sample_57/Label-rahimi2-1.xlsx,213,215,264.0,0.0,0.0
test,sample_57,data/test/sample_57/Label-rahimi2-1.xlsx,214,216,265.0,0.0,0.0
test,sample_57,data/test/sample_57/Label-rahimi2-1.xlsx,215,217,266.0,0.0,0.0
test,sample_57,data/test/sample_57/Label-rahimi2-1.xlsx,216,218,267.0,0.0,0.0
test,sample_57,data/test/sample_57/Label-rahimi2-1.xlsx,217,219,268.0,0.0,0.0
test,sample_57,data/test/sample_57/Label-rahimi2-1.xlsx,241,243,295.0,0.0,0.0
test,sample_59,data/test/sample_59/Label-zand.xlsx,123,125,166.0,0.0,0.0
test,sample_59,data/test/sample_59/Label-zand.xlsx,127,129,206.0,0.0,0.0
test,sample_59,data/test/sample_59/Label-zand.xlsx,128,130,207.0,0.0,0.0
test,sample_59,data/test/sample_59/Label-zand.xlsx,129,131,208.0,0.0,0.0
test,sample_59,data/test/sample_59/Label-zand.xlsx,130,132,209.0,0.0,0.0
test,sample_6,data/test/sample_6/Label-2-03-haj ahmadi.xlsx,40,42,42.0,0.0,0.0
test,sample_6,data/test/sample_6/Label-2-03-haj ahmadi.xlsx,41,43,43.0,0.0,0.0
test,sample_6,data/test/sample_6/Label-2-03-haj ahmadi.xlsx,49,51,56.0,0.0,0.0
test,sample_6,data/test/sample_6/Label-2-03-haj ahmadi.xlsx,66,68,86.0,0.0,0.0
test,sample_6,data/test/sample_6/Label-2-03-haj ahmadi.xlsx,67,69,87.0,0.0,0.0
test,sample_6,data/test/sample_6/Label-2-03-haj ahmadi.xlsx,68,70,88.0,0.0,0.0
test,sample_8,data/test/sample_8/Label-29-khoda bande loo.xlsx,78,80,79.0,0.0,0.0
test,sample_9,data/test/sample_9/Label-399 Alizade ej.xlsx,0,2,1.0,0.0,0.0
test,sample_9,data/test/sample_9/Label-399 Alizade ej.xlsx,1,3,2.0,0.0,0.0
test,sample_9,data/test/sample_9/Label-399 Alizade ej.xlsx,2,4,3.0,0.0,0.0
test,sample_9,data/test/sample_9/Label-399 Alizade ej.xlsx,3,5,4.0,0.0,0.0
