sample,node_type,node_idx,true_b,true_h,b_le_h,tiny,b_gt_h
sample_73,beam,0,60.0,30.0,False,False,True
sample_73,beam,1,60.0,40.0,False,False,True
sample_73,beam,2,50.0,40.0,False,False,True
sample_73,beam,3,50.0,40.0,False,False,True
sample_73,beam,4,50.0,40.0,False,False,True
sample_73,beam,5,50.0,40.0,False,False,True
sample_73,beam,6,50.0,30.0,False,False,True
sample_73,beam,7,50.0,40.0,False,False,True
sample_73,beam,8,60.0,40.0,False,False,True
sample_73,beam,9,50.0,30.0,False,False,True
sample_73,beam,10,50.0,40.0,False,False,True
sample_73,beam,11,40.0,30.0,False,False,True
sample_73,beam,12,50.0,30.0,False,False,True
sample_73,beam,13,50.0,40.0,False,False,True
sample_73,beam,14,50.0,30.0,False,False,True
sample_73,beam,15,50.0,40.0,False,False,True
sample_73,beam,16,50.0,40.0,False,False,True
sample_73,beam,17,50.0,30.0,False,False,True
sample_73,beam,18,50.0,40.0,False,False,True
sample_73,beam,19,50.0,40.0,False,False,True
sample_73,beam,20,50.0,30.0,False,False,True
sample_73,beam,21,50.0,40.0,False,False,True
sample_73,beam,22,50.0,40.0,False,False,True
sample_73,beam,23,50.0,30.0,False,False,True
sample_73,beam,24,50.0,40.0,False,False,True
sample_73,beam,25,50.0,30.0,False,False,True
sample_73,beam,26,35.0,35.0,True,False,False
sample_73,beam,27,50.0,30.0,False,False,True
sample_73,beam,28,60.0,30.0,False,False,True
sample_73,beam,29,60.0,40.0,False,False,True
sample_73,beam,30,60.0,40.0,False,False,True
sample_73,beam,31,60.0,40.0,False,False,True
sample_73,beam,32,50.0,40.0,False,False,True
sample_73,beam,33,60.0,30.0,False,False,True
sample_73,beam,34,40.0,30.0,False,False,True
sample_73,beam,35,35.0,35.0,True,False,False
sample_73,beam,36,35.0,35.0,True,False,False
sample_73,beam,37,40.0,30.0,False,False,True
sample_73,beam,38,35.0,35.0,True,False,False
sample_73,column,0,30.0,30.0,True,False,False
sample_73,column,1,40.0,50.0,True,False,False
sample_73,column,2,40.0,50.0,True,False,False
sample_73,column,3,40.0,50.0,True,False,False
sample_73,column,4,30.0,30.0,True,False,False
sample_73,column,5,40.0,50.0,True,False,False
sample_73,column,6,40.0,50.0,True,False,False
sample_73,column,7,40.0,50.0,True,False,False
sample_73,column,8,40.0,50.0,True,False,False
sample_73,column,9,40.0,50.0,True,False,False
sample_73,column,10,40.0,50.0,True,False,False
sample_73,column,11,40.0,50.0,True,False,False
sample_73,column,12,40.0,50.0,True,False,False
sample_73,column,13,40.0,50.0,True,False,False
sample_73,column,14,40.0,50.0,True,False,False
sample_73,column,15,40.0,50.0,True,False,False
sample_73,column,16,40.0,50.0,True,False,False
sample_73,column,17,40.0,50.0,True,False,False
sample_73,column,18,40.0,50.0,True,False,False
sample_73,column,19,40.0,50.0,True,False,False
sample_73,column,20,40.0,50.0,True,False,False
sample_73,column,21,40.0,50.0,True,False,False
sample_73,column,22,40.0,50.0,True,False,False
sample_73,column,23,40.0,50.0,True,False,False
sample_73,column,24,40.0,50.0,True,False,False
sample_73,column,25,40.0,50.0,True,False,False
sample_73,column,26,40.0,50.0,True,False,False
sample_73,column,27,40.0,50.0,True,False,False
sample_73,column,28,40.0,50.0,True,False,False
sample_73,column,29,30.0,30.0,True,False,False
sample_73,column,30,30.0,30.0,True,False,False
sample_251,beam,0,30.0,30.0,True,False,False
sample_251,beam,1,30.0,30.0,True,False,False
sample_251,beam,2,30.0,30.0,True,False,False
sample_251,beam,3,30.0,30.0,True,False,False
sample_251,beam,4,30.0,30.0,True,False,False
sample_251,beam,5,50.0,50.0,True,False,False
sample_251,beam,6,30.0,30.0,True,False,False
sample_251,beam,7,40.0,30.0,False,False,True
sample_251,beam,8,30.0,30.0,True,False,False
sample_251,beam,9,50.0,50.0,True,False,False
sample_251,beam,10,30.0,30.0,True,False,False
sample_251,beam,11,50.0,50.0,True,False,False
sample_251,beam,12,30.0,30.0,True,False,False
sample_251,beam,13,60.0,50.0,False,False,True
sample_251,beam,14,30.0,30.0,True,False,False
sample_251,beam,15,60.0,50.0,False,False,True
sample_251,beam,16,30.0,30.0,True,False,False
sample_251,beam,17,60.0,50.0,False,False,True
sample_251,beam,18,30.0,30.0,True,False,False
sample_251,beam,19,60.0,50.0,False,False,True
sample_251,beam,20,30.0,30.0,True,False,False
sample_251,beam,21,50.0,50.0,True,False,False
sample_251,beam,22,30.0,30.0,True,False,False
sample_251,beam,23,50.0,50.0,True,False,False
sample_251,beam,24,50.0,50.0,True,False,False
sample_251,beam,25,30.0,30.0,True,False,False
sample_251,beam,26,50.0,50.0,True,False,False
sample_251,beam,27,50.0,40.0,False,False,True
sample_251,beam,28,60.0,50.0,False,False,True
sample_251,beam,29,50.0,50.0,True,False,False
sample_251,beam,30,65.0,50.0,False,False,True
sample_251,beam,31,50.0,50.0,True,False,False
sample_251,beam,32,65.0,50.0,False,False,True
sample_251,beam,33,50.0,40.0,False,False,True
sample_251,beam,34,65.0,50.0,False,False,True
sample_251,beam,35,50.0,50.0,True,False,False
sample_251,beam,36,65.0,50.0,False,False,True
sample_251,beam,37,60.0,50.0,False,False,True
sample_251,beam,38,50.0,50.0,True,False,False
sample_251,beam,39,60.0,40.0,False,False,True
sample_251,beam,40,50.0,50.0,True,False,False
sample_251,beam,41,50.0,50.0,True,False,False
sample_251,beam,42,50.0,50.0,True,False,False
sample_251,beam,43,50.0,50.0,True,False,False
sample_251,beam,44,50.0,50.0,True,False,False
sample_251,beam,45,60.0,50.0,False,False,True
sample_251,beam,46,60.0,50.0,False,False,True
sample_251,beam,47,60.0,50.0,False,False,True
sample_251,beam,48,60.0,50.0,False,False,True
sample_251,beam,49,50.0,50.0,True,False,False
sample_251,beam,50,50.0,50.0,True,False,False
sample_251,beam,51,50.0,50.0,True,False,False
sample_251,beam,52,60.0,50.0,False,False,True
sample_251,beam,53,60.0,50.0,False,False,True
sample_251,beam,54,60.0,50.0,False,False,True
sample_251,beam,55,60.0,50.0,False,False,True
sample_251,beam,56,50.0,50.0,True,False,False
sample_251,beam,57,60.0,50.0,False,False,True
sample_251,beam,58,40.0,30.0,False,False,True
sample_251,beam,59,60.0,50.0,False,False,True
sample_251,beam,60,60.0,40.0,False,False,True
sample_251,beam,61,60.0,50.0,False,False,True
sample_251,beam,62,60.0,50.0,False,False,True
sample_251,beam,63,50.0,50.0,True,False,False
sample_251,beam,64,50.0,50.0,True,False,False
sample_251,beam,65,50.0,50.0,True,False,False
sample_251,beam,66,60.0,50.0,False,False,True
sample_251,beam,67,60.0,50.0,False,False,True
sample_251,beam,68,60.0,50.0,False,False,True
sample_251,beam,69,60.0,50.0,False,False,True
sample_251,beam,70,50.0,50.0,True,False,False
sample_251,beam,71,50.0,50.0,True,False,False
sample_251,beam,72,50.0,50.0,True,False,False
sample_251,beam,73,60.0,50.0,False,False,True
sample_251,beam,74,65.0,50.0,False,False,True
sample_251,beam,75,65.0,50.0,False,False,True
sample_251,beam,76,65.0,50.0,False,False,True
sample_251,beam,77,65.0,50.0,False,False,True
sample_251,beam,78,50.0,50.0,True,False,False
sample_251,beam,79,50.0,50.0,True,False,False
sample_251,beam,80,50.0,50.0,True,False,False
sample_251,beam,81,50.0,50.0,True,False,False
sample_251,beam,82,60.0,50.0,False,False,True
sample_251,beam,83,60.0,50.0,False,False,True
sample_251,beam,84,60.0,50.0,False,False,True
sample_251,beam,85,60.0,50.0,False,False,True
sample_251,beam,86,50.0,50.0,True,False,False
sample_251,beam,87,60.0,40.0,False,False,True
sample_251,beam,88,40.0,30.0,False,False,True
sample_251,beam,89,60.0,50.0,False,False,True
sample_251,beam,90,60.0,50.0,False,False,True
sample_251,beam,91,60.0,40.0,False,False,True
sample_251,beam,92,60.0,50.0,False,False,True
sample_251,beam,93,50.0,40.0,False,False,True
sample_251,beam,94,50.0,40.0,False,False,True
sample_251,beam,95,50.0,50.0,True,False,False
sample_251,beam,96,50.0,50.0,True,False,False
sample_251,beam,97,50.0,50.0,True,False,False
sample_251,beam,98,50.0,50.0,True,False,False
sample_251,beam,99,50.0,50.0,True,False,False
sample_251,beam,100,60.0,50.0,False,False,True
sample_251,beam,101,60.0,50.0,False,False,True
sample_251,beam,102,60.0,50.0,False,False,True
sample_251,beam,103,60.0,50.0,False,False,True
sample_251,beam,104,60.0,50.0,False,False,True
sample_251,beam,105,60.0,50.0,False,False,True
sample_251,beam,106,60.0,50.0,False,False,True
sample_251,beam,107,60.0,50.0,False,False,True
sample_251,beam,108,50.0,50.0,True,False,False
sample_251,beam,109,50.0,50.0,True,False,False
sample_251,beam,110,50.0,50.0,True,False,False
sample_251,beam,111,50.0,40.0,False,False,True
sample_251,beam,112,50.0,50.0,True,False,False
sample_251,beam,113,50.0,50.0,True,False,False
sample_251,beam,114,50.0,50.0,True,False,False
sample_251,beam,115,60.0,50.0,False,False,True
sample_251,beam,116,50.0,50.0,True,False,False
sample_251,beam,117,60.0,50.0,False,False,True
sample_251,beam,118,65.0,50.0,False,False,True
sample_251,beam,119,65.0,50.0,False,False,True
sample_251,beam,120,65.0,50.0,False,False,True
sample_251,beam,121,65.0,50.0,False,False,True
sample_251,beam,122,50.0,50.0,True,False,False
sample_251,beam,123,50.0,50.0,True,False,False
sample_251,beam,124,50.0,40.0,False,False,True
sample_251,beam,125,50.0,50.0,True,False,False
sample_251,beam,126,60.0,50.0,False,False,True
sample_251,beam,127,65.0,50.0,False,False,True
sample_251,beam,128,65.0,50.0,False,False,True
sample_251,beam,129,65.0,50.0,False,False,True
sample_251,beam,130,65.0,50.0,False,False,True
sample_251,beam,131,50.0,50.0,True,False,False
sample_251,beam,132,50.0,50.0,True,False,False
sample_251,beam,133,65.0,50.0,False,False,True
sample_251,beam,134,50.0,50.0,True,False,False
sample_251,beam,135,50.0,50.0,True,False,False
sample_251,beam,136,60.0,50.0,False,False,True
sample_251,beam,137,60.0,50.0,False,False,True
sample_251,beam,138,60.0,50.0,False,False,True
sample_251,beam,139,60.0,50.0,False,False,True
sample_251,beam,140,50.0,50.0,True,False,False
sample_251,beam,141,50.0,50.0,True,False,False
sample_251,beam,142,50.0,50.0,True,False,False
sample_251,beam,143,50.0,50.0,True,False,False
sample_251,beam,144,50.0,50.0,True,False,False
sample_251,beam,145,60.0,50.0,False,False,True
sample_251,beam,146,60.0,50.0,False,False,True
sample_251,beam,147,60.0,50.0,False,False,True
sample_251,beam,148,60.0,50.0,False,False,True
sample_251,beam,149,50.0,50.0,True,False,False
sample_251,beam,150,50.0,50.0,True,False,False
sample_251,beam,151,65.0,50.0,False,False,True
sample_251,beam,152,50.0,50.0,True,False,False
sample_251,beam,153,50.0,50.0,True,False,False
sample_251,beam,154,60.0,50.0,False,False,True
sample_251,beam,155,60.0,50.0,False,False,True
sample_251,beam,156,60.0,50.0,False,False,True
sample_251,beam,157,60.0,50.0,False,False,True
sample_251,beam,158,50.0,50.0,True,False,False
sample_251,beam,159,50.0,50.0,True,False,False
sample_251,beam,160,50.0,50.0,True,False,False
sample_251,beam,161,60.0,50.0,False,False,True
sample_251,beam,162,65.0,50.0,False,False,True
sample_251,beam,163,65.0,50.0,False,False,True
sample_251,beam,164,65.0,50.0,False,False,True
sample_251,beam,165,65.0,50.0,False,False,True
sample_251,beam,166,50.0,50.0,True,False,False
sample_251,beam,167,50.0,50.0,True,False,False
sample_251,beam,168,65.0,50.0,False,False,True
sample_251,beam,169,50.0,50.0,True,False,False
sample_251,beam,170,60.0,50.0,False,False,True
sample_251,beam,171,65.0,50.0,False,False,True
sample_251,beam,172,65.0,50.0,False,False,True
sample_251,beam,173,65.0,50.0,False,False,True
sample_251,beam,174,65.0,50.0,False,False,True
sample_251,beam,175,50.0,50.0,True,False,False
sample_251,beam,176,65.0,50.0,False,False,True
sample_251,beam,177,50.0,50.0,True,False,False
sample_251,beam,178,50.0,50.0,True,False,False
sample_251,beam,179,60.0,50.0,False,False,True
sample_251,beam,180,65.0,50.0,False,False,True
sample_251,beam,181,65.0,50.0,False,False,True
sample_251,beam,182,65.0,50.0,False,False,True
sample_251,beam,183,65.0,50.0,False,False,True
sample_251,beam,184,50.0,40.0,False,False,True
sample_251,beam,185,50.0,40.0,False,False,True
sample_251,beam,186,50.0,40.0,False,False,True
sample_251,beam,187,50.0,50.0,True,False,False
sample_251,beam,188,50.0,50.0,True,False,False
sample_251,beam,189,50.0,50.0,True,False,False
sample_251,beam,190,60.0,50.0,False,False,True
sample_251,beam,191,60.0,50.0,False,False,True
sample_251,beam,192,60.0,50.0,False,False,True
sample_251,beam,193,60.0,50.0,False,False,True
sample_251,beam,194,60.0,40.0,False,False,True
sample_251,beam,195,60.0,40.0,False,False,True
sample_251,beam,196,60.0,40.0,False,False,True
sample_251,beam,197,50.0,50.0,True,False,False
sample_251,beam,198,50.0,50.0,True,False,False
sample_251,beam,199,60.0,50.0,False,False,True
sample_251,beam,200,65.0,50.0,False,False,True
sample_251,beam,201,65.0,50.0,False,False,True
sample_251,beam,202,65.0,50.0,False,False,True
sample_251,beam,203,65.0,50.0,False,False,True
sample_251,beam,204,60.0,40.0,False,False,True
sample_251,beam,205,50.0,30.0,False,False,True
sample_251,beam,206,50.0,40.0,False,False,True
sample_251,beam,207,50.0,30.0,False,False,True
sample_251,beam,208,60.0,30.0,False,False,True
sample_251,beam,209,60.0,30.0,False,False,True
sample_251,beam,210,60.0,30.0,False,False,True
sample_251,beam,211,60.0,30.0,False,False,True
sample_251,beam,212,50.0,50.0,True,False,False
sample_251,beam,213,50.0,50.0,True,False,False
sample_251,beam,214,50.0,50.0,True,False,False
sample_251,beam,215,50.0,50.0,True,False,False
sample_251,beam,216,60.0,50.0,False,False,True
sample_251,beam,217,65.0,50.0,False,False,True
sample_251,beam,218,65.0,50.0,False,False,True
sample_251,beam,219,65.0,50.0,False,False,True
sample_251,beam,220,65.0,50.0,False,False,True
sample_251,beam,221,60.0,50.0,False,False,True
sample_251,beam,222,65.0,50.0,False,False,True
sample_251,beam,223,65.0,50.0,False,False,True
sample_251,beam,224,65.0,50.0,False,False,True
sample_251,beam,225,65.0,50.0,False,False,True
sample_251,beam,226,40.0,30.0,False,False,True
sample_251,beam,227,50.0,40.0,False,False,True
sample_251,beam,228,50.0,30.0,False,False,True
sample_251,beam,229,50.0,40.0,False,False,True
sample_251,beam,230,50.0,30.0,False,False,True
sample_251,beam,231,60.0,30.0,False,False,True
sample_251,beam,232,60.0,30.0,False,False,True
sample_251,beam,233,60.0,30.0,False,False,True
sample_251,beam,234,60.0,30.0,False,False,True
sample_251,beam,235,50.0,30.0,False,False,True
sample_251,beam,236,50.0,40.0,False,False,True
sample_251,beam,237,50.0,30.0,False,False,True
sample_251,beam,238,60.0,30.0,False,False,True
sample_251,beam,239,60.0,30.0,False,False,True
sample_251,beam,240,60.0,30.0,False,False,True
sample_251,beam,241,60.0,30.0,False,False,True
sample_251,beam,242,50.0,50.0,True,False,False
sample_251,beam,243,50.0,50.0,True,False,False
sample_251,beam,244,50.0,50.0,True,False,False
sample_251,beam,245,60.0,50.0,False,False,True
sample_251,beam,246,60.0,50.0,False,False,True
sample_251,beam,247,60.0,50.0,False,False,True
sample_251,beam,248,60.0,50.0,False,False,True
sample_251,beam,249,50.0,50.0,True,False,False
sample_251,beam,250,50.0,50.0,True,False,False
sample_251,beam,251,50.0,50.0,True,False,False
sample_251,beam,252,60.0,50.0,False,False,True
sample_251,beam,253,60.0,50.0,False,False,True
sample_251,beam,254,60.0,50.0,False,False,True
sample_251,beam,255,60.0,50.0,False,False,True
sample_251,beam,256,50.0,50.0,True,False,False
sample_251,beam,257,50.0,50.0,True,False,False
sample_251,beam,258,50.0,50.0,True,False,False
sample_251,beam,259,60.0,50.0,False,False,True
sample_251,beam,260,60.0,50.0,False,False,True
sample_251,beam,261,60.0,50.0,False,False,True
sample_251,beam,262,60.0,50.0,False,False,True
sample_251,column,0,50.0,50.0,True,False,False
sample_251,column,1,30.0,30.0,True,False,False
sample_251,column,2,50.0,50.0,True,False,False
sample_251,column,3,55.0,55.0,True,False,False
sample_251,column,4,55.0,55.0,True,False,False
sample_251,column,5,55.0,55.0,True,False,False
sample_251,column,6,60.0,60.0,True,False,False
sample_251,column,7,60.0,60.0,True,False,False
sample_251,column,8,60.0,60.0,True,False,False
sample_251,column,9,60.0,50.0,False,False,True
sample_251,column,10,40.0,40.0,True,False,False
sample_251,column,11,60.0,50.0,False,False,True
sample_251,column,12,60.0,50.0,False,False,True
sample_251,column,13,65.0,55.0,False,False,True
sample_251,column,14,65.0,55.0,False,False,True
sample_251,column,15,65.0,55.0,False,False,True
sample_251,column,16,65.0,55.0,False,False,True
sample_251,column,17,65.0,55.0,False,False,True
sample_251,column,18,60.0,50.0,False,False,True
sample_251,column,19,40.0,40.0,True,False,False
sample_251,column,20,60.0,50.0,False,False,True
sample_251,column,21,60.0,50.0,False,False,True
sample_251,column,22,65.0,55.0,False,False,True
sample_251,column,23,65.0,55.0,False,False,True
sample_251,column,24,65.0,55.0,False,False,True
sample_251,column,25,65.0,55.0,False,False,True
sample_251,column,26,65.0,55.0,False,False,True
sample_251,column,27,50.0,50.0,True,False,False
sample_251,column,28,50.0,50.0,True,False,False
sample_251,column,29,55.0,55.0,True,False,False
sample_251,column,30,55.0,55.0,True,False,False
sample_251,column,31,55.0,55.0,True,False,False
sample_251,column,32,60.0,60.0,True,False,False
sample_251,column,33,60.0,60.0,True,False,False
sample_251,column,34,60.0,60.0,True,False,False
sample_251,column,35,50.0,50.0,True,False,False
sample_251,column,36,50.0,50.0,True,False,False
sample_251,column,37,55.0,55.0,True,False,False
sample_251,column,38,55.0,55.0,True,False,False
sample_251,column,39,60.0,60.0,True,False,False
sample_251,column,40,60.0,60.0,True,False,False
sample_251,column,41,60.0,60.0,True,False,False
sample_251,column,42,60.0,60.0,True,False,False
sample_251,column,43,50.0,50.0,True,False,False
sample_251,column,44,50.0,50.0,True,False,False
sample_251,column,45,55.0,55.0,True,False,False
sample_251,column,46,55.0,55.0,True,False,False
sample_251,column,47,55.0,55.0,True,False,False
sample_251,column,48,60.0,60.0,True,False,False
sample_251,column,49,60.0,60.0,True,False,False
sample_251,column,50,60.0,60.0,True,False,False
sample_251,column,51,50.0,50.0,True,False,False
sample_251,column,52,50.0,50.0,True,False,False
sample_251,column,53,55.0,55.0,True,False,False
sample_251,column,54,55.0,55.0,True,False,False
sample_251,column,55,55.0,55.0,True,False,False
sample_251,column,56,60.0,60.0,True,False,False
sample_251,column,57,60.0,60.0,True,False,False
sample_251,column,58,60.0,60.0,True,False,False
sample_251,column,59,50.0,50.0,True,False,False
sample_251,column,60,50.0,50.0,True,False,False
sample_251,column,61,55.0,55.0,True,False,False
sample_251,column,62,55.0,55.0,True,False,False
sample_251,column,63,55.0,55.0,True,False,False
sample_251,column,64,60.0,60.0,True,False,False
sample_251,column,65,60.0,60.0,True,False,False
sample_251,column,66,60.0,60.0,True,False,False
sample_251,column,67,50.0,50.0,True,False,False
sample_251,column,68,50.0,50.0,True,False,False
sample_251,column,69,55.0,55.0,True,False,False
sample_251,column,70,55.0,55.0,True,False,False
sample_251,column,71,55.0,55.0,True,False,False
sample_251,column,72,60.0,60.0,True,False,False
sample_251,column,73,60.0,60.0,True,False,False
sample_251,column,74,60.0,60.0,True,False,False
sample_251,column,75,50.0,50.0,True,False,False
sample_251,column,76,50.0,50.0,True,False,False
sample_251,column,77,55.0,55.0,True,False,False
sample_251,column,78,55.0,55.0,True,False,False
sample_251,column,79,55.0,55.0,True,False,False
sample_251,column,80,60.0,60.0,True,False,False
sample_251,column,81,60.0,60.0,True,False,False
sample_251,column,82,60.0,60.0,True,False,False
sample_251,column,83,55.0,55.0,True,False,False
sample_251,column,84,40.0,40.0,True,False,False
sample_251,column,85,55.0,55.0,True,False,False
sample_251,column,86,55.0,55.0,True,False,False
sample_251,column,87,55.0,55.0,True,False,False
sample_251,column,88,55.0,55.0,True,False,False
sample_251,column,89,60.0,60.0,True,False,False
sample_251,column,90,60.0,60.0,True,False,False
sample_251,column,91,60.0,60.0,True,False,False
sample_151,beam,0,70.0,50.0,False,False,True
sample_151,beam,1,70.0,50.0,False,False,True
sample_151,beam,2,70.0,50.0,False,False,True
sample_151,beam,3,70.0,50.0,False,False,True
sample_151,beam,4,70.0,50.0,False,False,True
sample_151,beam,5,70.0,50.0,False,False,True
sample_151,beam,6,70.0,50.0,False,False,True
sample_151,beam,7,70.0,50.0,False,False,True
sample_151,beam,8,70.0,50.0,False,False,True
sample_151,beam,9,70.0,50.0,False,False,True
sample_151,beam,10,70.0,50.0,False,False,True
sample_151,beam,11,70.0,50.0,False,False,True
sample_151,beam,12,70.0,50.0,False,False,True
sample_151,beam,13,70.0,50.0,False,False,True
sample_151,beam,14,70.0,50.0,False,False,True
sample_151,beam,15,70.0,50.0,False,False,True
sample_151,beam,16,50.0,40.0,False,False,True
sample_151,beam,17,70.0,50.0,False,False,True
sample_151,beam,18,70.0,50.0,False,False,True
sample_151,beam,19,70.0,50.0,False,False,True
sample_151,beam,20,70.0,50.0,False,False,True
sample_151,beam,21,70.0,50.0,False,False,True
sample_151,beam,22,70.0,50.0,False,False,True
sample_151,beam,23,70.0,50.0,False,False,True
sample_151,beam,24,70.0,50.0,False,False,True
sample_151,beam,25,70.0,50.0,False,False,True
sample_151,beam,26,70.0,50.0,False,False,True
sample_151,beam,27,70.0,50.0,False,False,True
sample_151,beam,28,70.0,50.0,False,False,True
sample_151,beam,29,70.0,50.0,False,False,True
sample_151,beam,30,70.0,50.0,False,False,True
sample_151,beam,31,70.0,50.0,False,False,True
sample_151,beam,32,70.0,50.0,False,False,True
sample_151,beam,33,70.0,50.0,False,False,True
sample_151,beam,34,70.0,50.0,False,False,True
sample_151,beam,35,70.0,50.0,False,False,True
sample_151,beam,36,70.0,50.0,False,False,True
sample_151,beam,37,70.0,50.0,False,False,True
sample_151,beam,38,70.0,50.0,False,False,True
sample_151,beam,39,70.0,50.0,False,False,True
sample_151,beam,40,70.0,50.0,False,False,True
sample_151,beam,41,70.0,50.0,False,False,True
sample_151,beam,42,70.0,50.0,False,False,True
sample_151,beam,43,70.0,50.0,False,False,True
sample_151,beam,44,70.0,50.0,False,False,True
sample_151,beam,45,70.0,50.0,False,False,True
sample_151,beam,46,70.0,50.0,False,False,True
sample_151,beam,47,70.0,50.0,False,False,True
sample_151,beam,48,70.0,50.0,False,False,True
sample_151,beam,49,70.0,50.0,False,False,True
sample_151,beam,50,70.0,50.0,False,False,True
sample_151,beam,51,70.0,50.0,False,False,True
sample_151,beam,52,70.0,50.0,False,False,True
sample_151,beam,53,70.0,50.0,False,False,True
sample_151,beam,54,70.0,50.0,False,False,True
sample_151,beam,55,70.0,50.0,False,False,True
sample_151,beam,56,70.0,50.0,False,False,True
sample_151,beam,57,70.0,50.0,False,False,True
sample_151,beam,58,70.0,50.0,False,False,True
sample_151,beam,59,70.0,50.0,False,False,True
sample_151,beam,60,70.0,50.0,False,False,True
sample_151,beam,61,70.0,50.0,False,False,True
sample_151,beam,62,70.0,50.0,False,False,True
sample_151,beam,63,70.0,50.0,False,False,True
sample_151,beam,64,70.0,50.0,False,False,True
sample_151,beam,65,70.0,50.0,False,False,True
sample_151,beam,66,70.0,50.0,False,False,True
sample_151,beam,67,70.0,50.0,False,False,True
sample_151,beam,68,70.0,50.0,False,False,True
sample_151,beam,69,70.0,50.0,False,False,True
sample_151,beam,70,70.0,50.0,False,False,True
sample_151,beam,71,70.0,50.0,False,False,True
sample_151,beam,72,70.0,50.0,False,False,True
sample_151,beam,73,70.0,50.0,False,False,True
sample_151,beam,74,70.0,50.0,False,False,True
sample_151,beam,75,70.0,50.0,False,False,True
sample_151,beam,76,70.0,50.0,False,False,True
sample_151,beam,77,70.0,50.0,False,False,True
sample_151,beam,78,70.0,50.0,False,False,True
sample_151,beam,79,70.0,50.0,False,False,True
sample_151,beam,80,70.0,50.0,False,False,True
sample_151,beam,81,70.0,50.0,False,False,True
sample_151,beam,82,70.0,50.0,False,False,True
sample_151,beam,83,70.0,50.0,False,False,True
sample_151,beam,84,70.0,30.0,False,False,True
sample_151,beam,85,70.0,30.0,False,False,True
sample_151,beam,86,70.0,30.0,False,False,True
sample_151,beam,87,70.0,30.0,False,False,True
sample_151,beam,88,70.0,30.0,False,False,True
sample_151,beam,89,70.0,30.0,False,False,True
sample_151,beam,90,70.0,30.0,False,False,True
sample_151,beam,91,70.0,30.0,False,False,True
sample_151,beam,92,70.0,30.0,False,False,True
sample_151,beam,93,70.0,30.0,False,False,True
sample_151,beam,94,70.0,30.0,False,False,True
sample_151,beam,95,70.0,30.0,False,False,True
sample_151,beam,96,70.0,30.0,False,False,True
sample_151,beam,97,70.0,30.0,False,False,True
sample_151,beam,98,70.0,30.0,False,False,True
sample_151,beam,99,70.0,30.0,False,False,True
sample_151,beam,100,70.0,30.0,False,False,True
sample_151,beam,101,70.0,30.0,False,False,True
sample_151,beam,102,70.0,30.0,False,False,True
sample_151,beam,103,70.0,30.0,False,False,True
sample_151,beam,104,70.0,30.0,False,False,True
sample_151,beam,105,70.0,30.0,False,False,True
sample_151,beam,106,70.0,50.0,False,False,True
sample_151,beam,107,70.0,50.0,False,False,True
sample_151,beam,108,70.0,50.0,False,False,True
sample_151,beam,109,70.0,50.0,False,False,True
sample_151,beam,110,70.0,50.0,False,False,True
sample_151,beam,111,70.0,50.0,False,False,True
sample_151,beam,112,70.0,50.0,False,False,True
sample_151,beam,113,70.0,50.0,False,False,True
sample_151,beam,114,70.0,50.0,False,False,True
sample_151,beam,115,70.0,50.0,False,False,True
sample_151,beam,116,70.0,50.0,False,False,True
sample_151,beam,117,70.0,50.0,False,False,True
sample_151,beam,118,70.0,50.0,False,False,True
sample_151,beam,119,70.0,50.0,False,False,True
sample_151,beam,120,70.0,50.0,False,False,True
sample_151,beam,121,70.0,50.0,False,False,True
sample_151,beam,122,70.0,50.0,False,False,True
sample_151,beam,123,70.0,50.0,False,False,True
sample_151,beam,124,70.0,50.0,False,False,True
sample_151,beam,125,70.0,50.0,False,False,True
sample_151,beam,126,70.0,50.0,False,False,True
sample_151,beam,127,70.0,50.0,False,False,True
sample_151,beam,128,70.0,50.0,False,False,True
sample_151,beam,129,70.0,50.0,False,False,True
sample_151,beam,130,70.0,50.0,False,False,True
sample_151,beam,131,70.0,50.0,False,False,True
sample_151,beam,132,70.0,50.0,False,False,True
sample_151,beam,133,70.0,50.0,False,False,True
sample_151,beam,134,70.0,50.0,False,False,True
sample_151,beam,135,45.0,30.0,False,False,True
sample_151,beam,136,45.0,30.0,False,False,True
sample_151,beam,137,45.0,30.0,False,False,True
sample_151,beam,138,45.0,30.0,False,False,True
sample_151,beam,139,45.0,30.0,False,False,True
sample_151,beam,140,45.0,30.0,False,False,True
sample_151,beam,141,45.0,30.0,False,False,True
sample_151,beam,142,70.0,50.0,False,False,True
sample_151,beam,143,70.0,50.0,False,False,True
sample_151,beam,144,70.0,50.0,False,False,True
sample_151,beam,145,70.0,50.0,False,False,True
sample_151,beam,146,70.0,50.0,False,False,True
sample_151,beam,147,70.0,50.0,False,False,True
sample_151,beam,148,70.0,50.0,False,False,True
sample_151,beam,149,70.0,50.0,False,False,True
sample_151,beam,150,45.0,30.0,False,False,True
sample_151,beam,151,45.0,30.0,False,False,True
sample_151,beam,152,45.0,30.0,False,False,True
sample_151,beam,153,45.0,30.0,False,False,True
sample_151,beam,154,45.0,30.0,False,False,True
sample_151,beam,155,45.0,30.0,False,False,True
sample_151,beam,156,45.0,30.0,False,False,True
sample_151,beam,157,70.0,50.0,False,False,True
sample_151,beam,158,70.0,50.0,False,False,True
sample_151,beam,159,70.0,50.0,False,False,True
sample_151,beam,160,70.0,50.0,False,False,True
sample_151,beam,161,70.0,50.0,False,False,True
sample_151,beam,162,70.0,50.0,False,False,True
sample_151,beam,163,70.0,30.0,False,False,True
sample_151,beam,164,70.0,30.0,False,False,True
sample_151,beam,165,70.0,30.0,False,False,True
sample_151,beam,166,70.0,30.0,False,False,True
sample_151,beam,167,70.0,30.0,False,False,True
sample_151,beam,168,70.0,30.0,False,False,True
sample_151,beam,169,70.0,30.0,False,False,True
sample_151,beam,170,70.0,50.0,False,False,True
sample_151,beam,171,70.0,50.0,False,False,True
sample_151,beam,172,70.0,50.0,False,False,True
sample_151,beam,173,70.0,50.0,False,False,True
sample_151,beam,174,70.0,50.0,False,False,True
sample_151,beam,175,70.0,50.0,False,False,True
sample_151,beam,176,70.0,50.0,False,False,True
sample_151,beam,177,30.0,30.0,True,False,False
sample_151,beam,178,30.0,30.0,True,False,False
sample_151,beam,179,30.0,30.0,True,False,False
sample_151,beam,180,60.0,45.0,False,False,True
sample_151,beam,181,60.0,45.0,False,False,True
sample_151,beam,182,60.0,45.0,False,False,True
sample_151,beam,183,60.0,45.0,False,False,True
sample_151,beam,184,60.0,45.0,False,False,True
sample_151,beam,185,60.0,45.0,False,False,True
sample_151,beam,186,60.0,45.0,False,False,True
sample_151,beam,187,60.0,45.0,False,False,True
sample_151,beam,188,70.0,30.0,False,False,True
sample_151,beam,189,70.0,30.0,False,False,True
sample_151,beam,190,70.0,30.0,False,False,True
sample_151,beam,191,70.0,30.0,False,False,True
sample_151,beam,192,70.0,30.0,False,False,True
sample_151,beam,193,70.0,30.0,False,False,True
sample_151,beam,194,70.0,30.0,False,False,True
sample_151,beam,195,30.0,30.0,True,False,False
sample_151,beam,196,30.0,30.0,True,False,False
sample_151,beam,197,30.0,30.0,True,False,False
sample_151,beam,198,30.0,30.0,True,False,False
sample_151,beam,199,45.0,30.0,False,False,True
sample_151,beam,200,45.0,30.0,False,False,True
sample_151,beam,201,45.0,30.0,False,False,True
sample_151,beam,202,45.0,30.0,False,False,True
sample_151,beam,203,45.0,30.0,False,False,True
sample_151,beam,204,45.0,30.0,False,False,True
sample_151,beam,205,45.0,30.0,False,False,True
sample_151,beam,206,45.0,30.0,False,False,True
sample_151,beam,207,50.0,35.0,False,False,True
sample_151,beam,208,50.0,35.0,False,False,True
sample_151,beam,209,50.0,35.0,False,False,True
sample_151,beam,210,50.0,35.0,False,False,True
sample_151,beam,211,70.0,50.0,False,False,True
sample_151,beam,212,30.0,30.0,True,False,False
sample_151,beam,213,50.0,40.0,False,False,True
sample_151,beam,214,30.0,30.0,True,False,False
sample_151,beam,215,30.0,30.0,True,False,False
sample_151,beam,216,30.0,30.0,True,False,False
sample_151,beam,217,30.0,30.0,True,False,False
sample_151,beam,218,30.0,30.0,True,False,False
sample_151,beam,219,70.0,50.0,False,False,True
sample_151,beam,220,70.0,50.0,False,False,True
sample_151,beam,221,70.0,50.0,False,False,True
sample_151,beam,222,45.0,30.0,False,False,True
sample_151,beam,223,30.0,30.0,True,False,False
sample_151,beam,224,30.0,30.0,True,False,False
sample_151,beam,225,30.0,30.0,True,False,False
sample_151,beam,226,30.0,30.0,True,False,False
sample_151,beam,227,30.0,30.0,True,False,False
sample_151,beam,228,30.0,30.0,True,False,False
sample_151,beam,229,50.0,35.0,False,False,True
sample_151,beam,230,50.0,35.0,False,False,True
sample_151,beam,231,70.0,50.0,False,False,True
sample_151,beam,232,70.0,50.0,False,False,True
sample_151,beam,233,70.0,50.0,False,False,True
sample_151,beam,234,70.0,50.0,False,False,True
sample_151,beam,235,70.0,50.0,False,False,True
sample_151,beam,236,70.0,50.0,False,False,True
sample_151,beam,237,70.0,30.0,False,False,True
sample_151,beam,238,70.0,30.0,False,False,True
sample_151,column,0,60.0,60.0,True,False,False
sample_151,column,1,60.0,60.0,True,False,False
sample_151,column,2,60.0,60.0,True,False,False
sample_151,column,3,60.0,60.0,True,False,False
sample_151,column,4,60.0,60.0,True,False,False
sample_151,column,5,60.0,60.0,True,False,False
sample_151,column,6,60.0,60.0,True,False,False
sample_151,column,7,60.0,60.0,True,False,False
sample_151,column,8,60.0,60.0,True,False,False
sample_151,column,9,60.0,60.0,True,False,False
sample_151,column,10,60.0,60.0,True,False,False
sample_151,column,11,60.0,60.0,True,False,False
sample_151,column,12,60.0,60.0,True,False,False
sample_151,column,13,60.0,60.0,True,False,False
sample_151,column,14,60.0,60.0,True,False,False
sample_151,column,15,60.0,60.0,True,False,False
sample_151,column,16,60.0,60.0,True,False,False
sample_151,column,17,60.0,60.0,True,False,False
sample_151,column,18,60.0,60.0,True,False,False
sample_151,column,19,70.0,60.0,False,False,True
sample_151,column,20,70.0,60.0,False,False,True
sample_151,column,21,70.0,60.0,False,False,True
sample_151,column,22,70.0,60.0,False,False,True
sample_151,column,23,70.0,60.0,False,False,True
sample_151,column,24,70.0,60.0,False,False,True
sample_151,column,25,70.0,60.0,False,False,True
sample_151,column,26,70.0,60.0,False,False,True
sample_151,column,27,70.0,60.0,False,False,True
sample_151,column,28,70.0,60.0,False,False,True
sample_151,column,29,70.0,60.0,False,False,True
sample_151,column,30,70.0,60.0,False,False,True
sample_151,column,31,70.0,60.0,False,False,True
sample_151,column,32,70.0,60.0,False,False,True
sample_151,column,33,70.0,60.0,False,False,True
sample_151,column,34,70.0,60.0,False,False,True
sample_151,column,35,70.0,60.0,False,False,True
sample_151,column,36,70.0,60.0,False,False,True
sample_151,column,37,70.0,60.0,False,False,True
sample_151,column,38,70.0,60.0,False,False,True
sample_151,column,39,70.0,60.0,False,False,True
sample_151,column,40,70.0,60.0,False,False,True
sample_151,column,41,70.0,60.0,False,False,True
sample_151,column,42,70.0,60.0,False,False,True
sample_151,column,43,70.0,60.0,False,False,True
sample_151,column,44,70.0,60.0,False,False,True
sample_151,column,45,70.0,60.0,False,False,True
sample_151,column,46,70.0,60.0,False,False,True
sample_151,column,47,70.0,60.0,False,False,True
sample_151,column,48,70.0,60.0,False,False,True
sample_151,column,49,70.0,60.0,False,False,True
sample_151,column,50,70.0,60.0,False,False,True
sample_151,column,51,70.0,60.0,False,False,True
sample_151,column,52,70.0,60.0,False,False,True
sample_151,column,53,70.0,60.0,False,False,True
sample_151,column,54,70.0,60.0,False,False,True
sample_151,column,55,70.0,60.0,False,False,True
sample_151,column,56,70.0,60.0,False,False,True
sample_151,column,57,45.0,45.0,True,False,False
sample_151,column,58,60.0,40.0,False,False,True
sample_142,beam,0,40.0,30.0,False,False,True
sample_142,beam,1,40.0,30.0,False,False,True
sample_142,beam,2,40.0,30.0,False,False,True
sample_142,beam,3,40.0,30.0,False,False,True
sample_142,beam,4,40.0,30.0,False,False,True
sample_142,beam,5,40.0,30.0,False,False,True
sample_142,beam,6,40.0,30.0,False,False,True
sample_142,beam,7,40.0,30.0,False,False,True
sample_142,beam,8,40.0,30.0,False,False,True
sample_142,beam,9,40.0,30.0,False,False,True
sample_142,beam,10,40.0,30.0,False,False,True
sample_142,beam,11,40.0,30.0,False,False,True
sample_142,beam,12,40.0,30.0,False,False,True
sample_142,beam,13,40.0,30.0,False,False,True
sample_142,beam,14,40.0,30.0,False,False,True
sample_142,beam,15,40.0,30.0,False,False,True
sample_142,beam,16,40.0,30.0,False,False,True
sample_142,beam,17,40.0,30.0,False,False,True
sample_142,beam,18,40.0,30.0,False,False,True
sample_142,beam,19,40.0,30.0,False,False,True
sample_142,beam,20,40.0,30.0,False,False,True
sample_142,beam,21,50.0,50.0,True,False,False
sample_142,beam,22,50.0,50.0,True,False,False
sample_142,beam,23,50.0,50.0,True,False,False
sample_142,beam,24,50.0,50.0,True,False,False
sample_142,beam,25,50.0,50.0,True,False,False
sample_142,beam,26,50.0,30.0,False,False,True
sample_142,beam,27,50.0,50.0,True,False,False
sample_142,beam,28,50.0,30.0,False,False,True
sample_142,beam,29,50.0,50.0,True,False,False
sample_142,beam,30,50.0,50.0,True,False,False
sample_142,beam,31,40.0,30.0,False,False,True
sample_142,beam,32,40.0,30.0,False,False,True
sample_142,beam,33,30.0,30.0,True,False,False
sample_142,beam,34,30.0,30.0,True,False,False
sample_142,beam,35,40.0,30.0,False,False,True
sample_142,beam,36,40.0,30.0,False,False,True
sample_142,column,0,40.0,40.0,True,False,False
sample_142,column,1,40.0,40.0,True,False,False
sample_142,column,2,40.0,40.0,True,False,False
sample_142,column,3,40.0,40.0,True,False,False
sample_142,column,4,40.0,40.0,True,False,False
sample_142,column,5,40.0,40.0,True,False,False
sample_142,column,6,40.0,40.0,True,False,False
sample_142,column,7,40.0,40.0,True,False,False
sample_142,column,8,40.0,40.0,True,False,False
sample_142,column,9,40.0,40.0,True,False,False
sample_142,column,10,40.0,40.0,True,False,False
sample_142,column,11,50.0,50.0,True,False,False
sample_142,column,12,40.0,40.0,True,False,False
sample_142,column,13,50.0,50.0,True,False,False
sample_142,column,14,50.0,50.0,True,False,False
sample_142,column,15,50.0,50.0,True,False,False
sample_142,column,16,50.0,50.0,True,False,False
sample_142,column,17,50.0,50.0,True,False,False
sample_142,column,18,50.0,50.0,True,False,False
sample_142,column,19,40.0,40.0,True,False,False
sample_142,column,20,50.0,50.0,True,False,False
sample_179,beam,0,50.0,50.0,True,False,False
sample_179,beam,1,50.0,50.0,True,False,False
sample_179,beam,2,50.0,50.0,True,False,False
sample_179,beam,3,50.0,50.0,True,False,False
sample_179,beam,4,50.0,50.0,True,False,False
sample_179,beam,5,50.0,50.0,True,False,False
sample_179,beam,6,50.0,50.0,True,False,False
sample_179,beam,7,50.0,50.0,True,False,False
sample_179,beam,8,50.0,50.0,True,False,False
sample_179,beam,9,50.0,50.0,True,False,False
sample_179,beam,10,50.0,50.0,True,False,False
sample_179,beam,11,50.0,50.0,True,False,False
sample_179,beam,12,50.0,50.0,True,False,False
sample_179,beam,13,50.0,50.0,True,False,False
sample_179,beam,14,50.0,50.0,True,False,False
sample_179,beam,15,50.0,50.0,True,False,False
sample_179,beam,16,50.0,50.0,True,False,False
sample_179,beam,17,50.0,50.0,True,False,False
sample_179,beam,18,50.0,50.0,True,False,False
sample_179,beam,19,50.0,50.0,True,False,False
sample_179,beam,20,40.0,40.0,True,False,False
sample_179,beam,21,40.0,30.0,False,False,True
sample_179,beam,22,30.0,30.0,True,False,False
sample_179,beam,23,40.0,30.0,False,False,True
sample_179,beam,24,40.0,30.0,False,False,True
sample_179,beam,25,50.0,50.0,True,False,False
sample_179,beam,26,50.0,50.0,True,False,False
sample_179,beam,27,50.0,50.0,True,False,False
sample_179,beam,28,40.0,30.0,False,False,True
sample_179,beam,29,40.0,30.0,False,False,True
sample_179,beam,30,50.0,50.0,True,False,False
sample_179,beam,31,50.0,50.0,True,False,False
sample_179,beam,32,50.0,50.0,True,False,False
sample_179,beam,33,50.0,50.0,True,False,False
sample_179,beam,34,40.0,40.0,True,False,False
sample_179,beam,35,50.0,50.0,True,False,False
sample_179,beam,36,50.0,50.0,True,False,False
sample_179,beam,37,50.0,50.0,True,False,False
sample_179,beam,38,50.0,50.0,True,False,False
sample_179,beam,39,50.0,50.0,True,False,False
sample_179,beam,40,50.0,50.0,True,False,False
sample_179,beam,41,50.0,50.0,True,False,False
sample_179,beam,42,50.0,50.0,True,False,False
sample_179,beam,43,50.0,50.0,True,False,False
sample_179,beam,44,50.0,50.0,True,False,False
sample_179,beam,45,50.0,50.0,True,False,False
sample_179,beam,46,50.0,50.0,True,False,False
sample_179,beam,47,50.0,50.0,True,False,False
sample_179,beam,48,50.0,50.0,True,False,False
sample_179,beam,49,50.0,50.0,True,False,False
sample_179,beam,50,50.0,50.0,True,False,False
sample_179,beam,51,50.0,50.0,True,False,False
sample_179,beam,52,50.0,50.0,True,False,False
sample_179,beam,53,50.0,50.0,True,False,False
sample_179,beam,54,50.0,50.0,True,False,False
sample_179,beam,55,40.0,40.0,True,False,False
sample_179,beam,56,40.0,30.0,False,False,True
sample_179,beam,57,30.0,30.0,True,False,False
sample_179,beam,58,40.0,30.0,False,False,True
sample_179,beam,59,40.0,30.0,False,False,True
sample_179,beam,60,50.0,50.0,True,False,False
sample_179,beam,61,50.0,50.0,True,False,False
sample_179,beam,62,50.0,50.0,True,False,False
sample_179,beam,63,40.0,30.0,False,False,True
sample_179,beam,64,40.0,30.0,False,False,True
sample_179,beam,65,50.0,50.0,True,False,False
sample_179,beam,66,50.0,50.0,True,False,False
sample_179,beam,67,50.0,50.0,True,False,False
sample_179,beam,68,50.0,50.0,True,False,False
sample_179,beam,69,60.0,50.0,False,False,True
sample_179,beam,70,60.0,50.0,False,False,True
sample_179,beam,71,50.0,50.0,True,False,False
sample_179,beam,72,50.0,50.0,True,False,False
sample_179,beam,73,50.0,50.0,True,False,False
sample_179,beam,74,60.0,50.0,False,False,True
sample_179,beam,75,60.0,50.0,False,False,True
sample_179,beam,76,60.0,50.0,False,False,True
sample_179,beam,77,60.0,50.0,False,False,True
sample_179,beam,78,60.0,50.0,False,False,True
sample_179,beam,79,60.0,50.0,False,False,True
sample_179,beam,80,60.0,50.0,False,False,True
sample_179,beam,81,60.0,50.0,False,False,True
sample_179,beam,82,60.0,50.0,False,False,True
sample_179,beam,83,60.0,50.0,False,False,True
sample_179,beam,84,60.0,50.0,False,False,True
sample_179,beam,85,60.0,50.0,False,False,True
sample_179,beam,86,60.0,50.0,False,False,True
sample_179,beam,87,60.0,50.0,False,False,True
sample_179,beam,88,60.0,50.0,False,False,True
sample_179,beam,89,40.0,40.0,True,False,False
sample_179,beam,90,40.0,30.0,False,False,True
sample_179,beam,91,60.0,50.0,False,False,True
sample_179,beam,92,60.0,50.0,False,False,True
sample_179,beam,93,50.0,25.0,False,False,True
sample_179,beam,94,50.0,25.0,False,False,True
sample_179,beam,95,40.0,40.0,True,False,False
sample_179,beam,96,50.0,50.0,True,False,False
sample_179,beam,97,50.0,50.0,True,False,False
sample_179,beam,98,50.0,50.0,True,False,False
sample_179,beam,99,50.0,50.0,True,False,False
sample_179,beam,100,50.0,50.0,True,False,False
sample_179,beam,101,50.0,50.0,True,False,False
sample_179,beam,102,50.0,50.0,True,False,False
sample_179,beam,103,50.0,50.0,True,False,False
sample_179,beam,104,50.0,50.0,True,False,False
sample_179,beam,105,50.0,50.0,True,False,False
sample_179,beam,106,50.0,50.0,True,False,False
sample_179,beam,107,50.0,50.0,True,False,False
sample_179,beam,108,50.0,50.0,True,False,False
sample_179,beam,109,50.0,50.0,True,False,False
sample_179,beam,110,50.0,50.0,True,False,False
sample_179,beam,111,50.0,50.0,True,False,False
sample_179,beam,112,50.0,50.0,True,False,False
sample_179,beam,113,50.0,50.0,True,False,False
sample_179,beam,114,50.0,50.0,True,False,False
sample_179,beam,115,50.0,50.0,True,False,False
sample_179,beam,116,40.0,40.0,True,False,False
sample_179,beam,117,40.0,30.0,False,False,True
sample_179,beam,118,30.0,30.0,True,False,False
sample_179,beam,119,40.0,30.0,False,False,True
sample_179,beam,120,40.0,30.0,False,False,True
sample_179,beam,121,50.0,50.0,True,False,False
sample_179,beam,122,50.0,50.0,True,False,False
sample_179,beam,123,50.0,50.0,True,False,False
sample_179,beam,124,40.0,30.0,False,False,True
sample_179,beam,125,40.0,30.0,False,False,True
sample_179,beam,126,50.0,50.0,True,False,False
sample_179,beam,127,50.0,50.0,True,False,False
sample_179,beam,128,50.0,50.0,True,False,False
sample_179,beam,129,50.0,50.0,True,False,False
sample_179,beam,130,40.0,40.0,True,False,False
sample_179,beam,131,50.0,25.0,False,False,True
sample_179,beam,132,60.0,50.0,False,False,True
sample_179,beam,133,60.0,50.0,False,False,True
sample_179,beam,134,50.0,50.0,True,False,False
sample_179,beam,135,50.0,50.0,True,False,False
sample_179,beam,136,50.0,50.0,True,False,False
sample_179,beam,137,50.0,50.0,True,False,False
sample_179,beam,138,50.0,50.0,True,False,False
sample_179,beam,139,50.0,50.0,True,False,False
sample_179,beam,140,50.0,50.0,True,False,False
sample_179,beam,141,50.0,50.0,True,False,False
sample_179,beam,142,50.0,50.0,True,False,False
sample_179,beam,143,50.0,50.0,True,False,False
sample_179,beam,144,50.0,50.0,True,False,False
sample_179,beam,145,60.0,50.0,False,False,True
sample_179,beam,146,60.0,50.0,False,False,True
sample_179,beam,147,50.0,50.0,True,False,False
sample_179,beam,148,60.0,50.0,False,False,True
sample_179,beam,149,60.0,50.0,False,False,True
sample_179,beam,150,60.0,50.0,False,False,True
sample_179,beam,151,60.0,50.0,False,False,True
sample_179,beam,152,40.0,40.0,True,False,False
sample_179,beam,153,40.0,30.0,False,False,True
sample_179,beam,154,30.0,30.0,True,False,False
sample_179,beam,155,40.0,30.0,False,False,True
sample_179,beam,156,40.0,30.0,False,False,True
sample_179,beam,157,60.0,50.0,False,False,True
sample_179,beam,158,60.0,50.0,False,False,True
sample_179,beam,159,60.0,50.0,False,False,True
sample_179,beam,160,40.0,30.0,False,False,True
sample_179,beam,161,40.0,30.0,False,False,True
sample_179,beam,162,60.0,50.0,False,False,True
sample_179,beam,163,60.0,50.0,False,False,True
sample_179,beam,164,50.0,50.0,True,False,False
sample_179,beam,165,60.0,50.0,False,False,True
sample_179,beam,166,50.0,25.0,False,False,True
sample_179,beam,167,60.0,50.0,False,False,True
sample_179,beam,168,60.0,50.0,False,False,True
sample_179,beam,169,50.0,50.0,True,False,False
sample_179,beam,170,50.0,50.0,True,False,False
sample_179,beam,171,50.0,50.0,True,False,False
sample_179,beam,172,60.0,50.0,False,False,True
sample_179,beam,173,60.0,50.0,False,False,True
sample_179,beam,174,60.0,50.0,False,False,True
sample_179,beam,175,60.0,50.0,False,False,True
sample_179,beam,176,60.0,50.0,False,False,True
sample_179,beam,177,60.0,50.0,False,False,True
sample_179,beam,178,60.0,50.0,False,False,True
sample_179,beam,179,60.0,50.0,False,False,True
sample_179,beam,180,60.0,50.0,False,False,True
sample_179,beam,181,60.0,50.0,False,False,True
sample_179,beam,182,60.0,50.0,False,False,True
sample_179,beam,183,60.0,50.0,False,False,True
sample_179,beam,184,60.0,50.0,False,False,True
sample_179,beam,185,60.0,50.0,False,False,True
sample_179,beam,186,60.0,50.0,False,False,True
sample_179,beam,187,40.0,40.0,True,False,False
sample_179,beam,188,40.0,30.0,False,False,True
sample_179,beam,189,30.0,30.0,True,False,False
sample_179,beam,190,40.0,30.0,False,False,True
sample_179,beam,191,40.0,30.0,False,False,True
sample_179,beam,192,60.0,50.0,False,False,True
sample_179,beam,193,60.0,50.0,False,False,True
sample_179,beam,194,60.0,50.0,False,False,True
sample_179,beam,195,40.0,30.0,False,False,True
sample_179,beam,196,40.0,30.0,False,False,True
sample_179,beam,197,60.0,50.0,False,False,True
sample_179,beam,198,60.0,50.0,False,False,True
sample_179,beam,199,60.0,50.0,False,False,True
sample_179,beam,200,60.0,50.0,False,False,True
sample_179,beam,201,60.0,25.0,False,False,True
sample_179,beam,202,40.0,30.0,False,False,True
sample_179,beam,203,60.0,25.0,False,False,True
sample_179,beam,204,50.0,40.0,False,False,True
sample_179,beam,205,50.0,40.0,False,False,True
sample_179,beam,206,50.0,40.0,False,False,True
sample_179,beam,207,50.0,40.0,False,False,True
sample_179,beam,208,50.0,40.0,False,False,True
sample_179,beam,209,50.0,40.0,False,False,True
sample_179,beam,210,50.0,40.0,False,False,True
sample_179,beam,211,50.0,40.0,False,False,True
sample_179,beam,212,50.0,40.0,False,False,True
sample_179,beam,213,60.0,40.0,False,False,True
sample_179,beam,214,60.0,40.0,False,False,True
sample_179,beam,215,60.0,50.0,False,False,True
sample_179,beam,216,60.0,50.0,False,False,True
sample_179,beam,217,50.0,40.0,False,False,True
sample_179,column,0,60.0,50.0,False,False,True
sample_179,column,1,60.0,50.0,False,False,True
sample_179,column,2,60.0,50.0,False,False,True
sample_179,column,3,60.0,50.0,False,False,True
sample_179,column,4,60.0,50.0,False,False,True
sample_179,column,5,60.0,50.0,False,False,True
sample_179,column,6,60.0,50.0,False,False,True
sample_179,column,7,60.0,50.0,False,False,True
sample_179,column,8,60.0,50.0,False,False,True
sample_179,column,9,60.0,50.0,False,False,True
sample_179,column,10,60.0,50.0,False,False,True
sample_179,column,11,60.0,50.0,False,False,True
sample_179,column,12,60.0,50.0,False,False,True
sample_179,column,13,60.0,50.0,False,False,True
sample_179,column,14,60.0,50.0,False,False,True
sample_179,column,15,60.0,50.0,False,False,True
sample_179,column,16,60.0,50.0,False,False,True
sample_179,column,17,50.0,50.0,True,False,False
sample_179,column,18,50.0,50.0,True,False,False
sample_179,column,19,50.0,50.0,True,False,False
sample_179,column,20,50.0,50.0,True,False,False
sample_179,column,21,50.0,50.0,True,False,False
sample_179,column,22,50.0,50.0,True,False,False
sample_179,column,23,60.0,50.0,False,False,True
sample_179,column,24,50.0,50.0,True,False,False
sample_179,column,25,50.0,50.0,True,False,False
sample_179,column,26,50.0,50.0,True,False,False
sample_179,column,27,50.0,50.0,True,False,False
sample_179,column,28,50.0,50.0,True,False,False
sample_179,column,29,50.0,50.0,True,False,False
sample_179,column,30,50.0,50.0,True,False,False
sample_179,column,31,50.0,50.0,True,False,False
sample_179,column,32,50.0,50.0,True,False,False
sample_179,column,33,50.0,50.0,True,False,False
sample_179,column,34,50.0,50.0,True,False,False
sample_179,column,35,50.0,50.0,True,False,False
sample_179,column,36,50.0,50.0,True,False,False
sample_179,column,37,50.0,50.0,True,False,False
sample_179,column,38,50.0,50.0,True,False,False
sample_179,column,39,50.0,50.0,True,False,False
sample_179,column,40,50.0,50.0,True,False,False
sample_179,column,41,50.0,50.0,True,False,False
sample_179,column,42,50.0,50.0,True,False,False
sample_179,column,43,60.0,50.0,False,False,True
sample_179,column,44,50.0,50.0,True,False,False
sample_179,column,45,50.0,50.0,True,False,False
sample_179,column,46,50.0,50.0,True,False,False
sample_179,column,47,50.0,50.0,True,False,False
sample_179,column,48,50.0,50.0,True,False,False
sample_179,column,49,50.0,50.0,True,False,False
sample_179,column,50,50.0,50.0,True,False,False
sample_179,column,51,50.0,50.0,True,False,False
sample_179,column,52,50.0,50.0,True,False,False
sample_179,column,53,50.0,50.0,True,False,False
sample_179,column,54,60.0,50.0,False,False,True
sample_179,column,55,60.0,50.0,False,False,True
sample_179,column,56,60.0,50.0,False,False,True
sample_179,column,57,60.0,50.0,False,False,True
sample_179,column,58,60.0,50.0,False,False,True
sample_179,column,59,60.0,50.0,False,False,True
sample_179,column,60,60.0,50.0,False,False,True
sample_179,column,61,60.0,50.0,False,False,True
sample_179,column,62,60.0,50.0,False,False,True
sample_179,column,63,60.0,50.0,False,False,True
sample_179,column,64,60.0,50.0,False,False,True
sample_179,column,65,60.0,50.0,False,False,True
sample_179,column,66,60.0,50.0,False,False,True
sample_179,column,67,60.0,50.0,False,False,True
sample_179,column,68,60.0,50.0,False,False,True
sample_179,column,69,60.0,50.0,False,False,True
sample_179,column,70,60.0,50.0,False,False,True
sample_179,column,71,60.0,50.0,False,False,True
sample_179,column,72,60.0,50.0,False,False,True
sample_179,column,73,60.0,50.0,False,False,True
sample_179,column,74,60.0,50.0,False,False,True
sample_179,column,75,60.0,50.0,False,False,True
sample_179,column,76,60.0,50.0,False,False,True
sample_179,column,77,60.0,50.0,False,False,True
sample_179,column,78,60.0,50.0,False,False,True
sample_179,column,79,60.0,50.0,False,False,True
sample_179,column,80,60.0,50.0,False,False,True
sample_179,column,81,60.0,50.0,False,False,True
sample_179,column,82,60.0,50.0,False,False,True
sample_179,column,83,60.0,50.0,False,False,True
sample_179,column,84,60.0,50.0,False,False,True
sample_179,column,85,60.0,50.0,False,False,True
sample_179,column,86,60.0,50.0,False,False,True
sample_179,column,87,60.0,50.0,False,False,True
sample_179,column,88,60.0,50.0,False,False,True
sample_179,column,89,60.0,50.0,False,False,True
sample_179,column,90,60.0,50.0,False,False,True
sample_179,column,91,60.0,50.0,False,False,True
sample_179,column,92,60.0,50.0,False,False,True
sample_179,column,93,60.0,50.0,False,False,True
sample_179,column,94,60.0,50.0,False,False,True
sample_179,column,95,60.0,50.0,False,False,True
sample_179,column,96,60.0,50.0,False,False,True
sample_179,column,97,60.0,50.0,False,False,True
sample_179,column,98,60.0,50.0,False,False,True
sample_179,column,99,60.0,50.0,False,False,True
sample_179,column,100,60.0,50.0,False,False,True
sample_179,column,101,60.0,50.0,False,False,True
sample_179,column,102,60.0,50.0,False,False,True
sample_179,column,103,60.0,50.0,False,False,True
sample_179,column,104,60.0,50.0,False,False,True
sample_179,column,105,70.0,50.0,False,False,True
sample_179,column,106,60.0,40.0,False,False,True
sample_179,column,107,50.0,40.0,False,False,True
sample_179,column,108,60.0,40.0,False,False,True
sample_179,column,109,70.0,40.0,False,False,True
sample_179,column,110,70.0,40.0,False,False,True
sample_179,column,111,70.0,40.0,False,False,True
sample_118,beam,0,60.0,50.0,False,False,True
sample_118,beam,1,60.0,50.0,False,False,True
sample_118,beam,2,50.0,50.0,True,False,False
sample_118,beam,3,50.0,50.0,True,False,False
sample_118,beam,4,50.0,50.0,True,False,False
sample_118,beam,5,50.0,50.0,True,False,False
sample_118,beam,6,50.0,50.0,True,False,False
sample_118,beam,7,50.0,50.0,True,False,False
sample_118,beam,8,50.0,50.0,True,False,False
sample_118,beam,9,50.0,50.0,True,False,False
sample_118,beam,10,50.0,50.0,True,False,False
sample_118,beam,11,50.0,50.0,True,False,False
sample_118,beam,12,50.0,50.0,True,False,False
sample_118,beam,13,50.0,50.0,True,False,False
sample_118,beam,14,50.0,50.0,True,False,False
sample_118,beam,15,50.0,50.0,True,False,False
sample_118,beam,16,50.0,50.0,True,False,False
sample_118,beam,17,50.0,50.0,True,False,False
sample_118,beam,18,50.0,50.0,True,False,False
sample_118,beam,19,50.0,50.0,True,False,False
sample_118,beam,20,50.0,50.0,True,False,False
sample_118,beam,21,50.0,50.0,True,False,False
sample_118,beam,22,50.0,50.0,True,False,False
sample_118,beam,23,50.0,50.0,True,False,False
sample_118,beam,24,50.0,50.0,True,False,False
sample_118,beam,25,50.0,50.0,True,False,False
sample_118,beam,26,50.0,50.0,True,False,False
sample_118,beam,27,50.0,50.0,True,False,False
sample_118,beam,28,50.0,50.0,True,False,False
sample_118,beam,29,50.0,50.0,True,False,False
sample_118,beam,30,50.0,50.0,True,False,False
sample_118,beam,31,50.0,50.0,True,False,False
sample_118,beam,32,50.0,50.0,True,False,False
sample_118,beam,33,50.0,50.0,True,False,False
sample_118,beam,34,50.0,50.0,True,False,False
sample_118,beam,35,50.0,50.0,True,False,False
sample_118,beam,36,50.0,50.0,True,False,False
sample_118,beam,37,50.0,50.0,True,False,False
sample_118,beam,38,50.0,50.0,True,False,False
sample_118,beam,39,50.0,50.0,True,False,False
sample_118,beam,40,50.0,50.0,True,False,False
sample_118,beam,41,50.0,50.0,True,False,False
sample_118,beam,42,50.0,50.0,True,False,False
sample_118,beam,43,40.0,30.0,False,False,True
sample_118,beam,44,40.0,30.0,False,False,True
sample_118,beam,45,40.0,30.0,False,False,True
sample_118,beam,46,40.0,30.0,False,False,True
sample_118,beam,47,50.0,50.0,True,False,False
sample_118,beam,48,50.0,50.0,True,False,False
sample_118,beam,49,50.0,50.0,True,False,False
sample_118,beam,50,40.0,30.0,False,False,True
sample_118,beam,51,50.0,50.0,True,False,False
sample_118,beam,52,50.0,50.0,True,False,False
sample_118,beam,53,45.0,30.0,False,False,True
sample_118,beam,54,70.0,50.0,False,False,True
sample_118,beam,55,50.0,40.0,False,False,True
sample_118,beam,56,50.0,40.0,False,False,True
sample_118,beam,57,50.0,40.0,False,False,True
sample_118,beam,58,50.0,40.0,False,False,True
sample_118,beam,59,50.0,40.0,False,False,True
sample_118,beam,60,60.0,50.0,False,False,True
sample_118,beam,61,60.0,50.0,False,False,True
sample_118,beam,62,50.0,50.0,True,False,False
sample_118,beam,63,50.0,50.0,True,False,False
sample_118,beam,64,50.0,50.0,True,False,False
sample_118,beam,65,50.0,50.0,True,False,False
sample_118,beam,66,50.0,50.0,True,False,False
sample_118,beam,67,50.0,50.0,True,False,False
sample_118,beam,68,50.0,50.0,True,False,False
sample_118,beam,69,50.0,50.0,True,False,False
sample_118,beam,70,50.0,50.0,True,False,False
sample_118,beam,71,50.0,50.0,True,False,False
sample_118,beam,72,50.0,50.0,True,False,False
sample_118,beam,73,50.0,50.0,True,False,False
sample_118,beam,74,50.0,50.0,True,False,False
sample_118,beam,75,50.0,50.0,True,False,False
sample_118,beam,76,50.0,50.0,True,False,False
sample_118,beam,77,50.0,50.0,True,False,False
sample_118,beam,78,50.0,50.0,True,False,False
sample_118,beam,79,50.0,50.0,True,False,False
sample_118,beam,80,50.0,50.0,True,False,False
sample_118,beam,81,50.0,50.0,True,False,False
sample_118,beam,82,50.0,50.0,True,False,False
sample_118,beam,83,50.0,50.0,True,False,False
sample_118,beam,84,50.0,50.0,True,False,False
sample_118,beam,85,50.0,50.0,True,False,False
sample_118,beam,86,50.0,50.0,True,False,False
sample_118,beam,87,50.0,50.0,True,False,False
sample_118,beam,88,50.0,50.0,True,False,False
sample_118,beam,89,50.0,50.0,True,False,False
sample_118,beam,90,50.0,50.0,True,False,False
sample_118,beam,91,50.0,50.0,True,False,False
sample_118,beam,92,50.0,50.0,True,False,False
sample_118,beam,93,50.0,50.0,True,False,False
sample_118,beam,94,50.0,50.0,True,False,False
sample_118,beam,95,50.0,50.0,True,False,False
sample_118,beam,96,50.0,50.0,True,False,False
sample_118,beam,97,50.0,50.0,True,False,False
sample_118,beam,98,50.0,50.0,True,False,False
sample_118,beam,99,50.0,50.0,True,False,False
sample_118,beam,100,50.0,50.0,True,False,False
sample_118,beam,101,50.0,50.0,True,False,False
sample_118,beam,102,50.0,50.0,True,False,False
sample_118,beam,103,40.0,30.0,False,False,True
sample_118,beam,104,40.0,30.0,False,False,True
sample_118,beam,105,40.0,30.0,False,False,True
sample_118,beam,106,40.0,30.0,False,False,True
sample_118,beam,107,50.0,50.0,True,False,False
sample_118,beam,108,50.0,50.0,True,False,False
sample_118,beam,109,50.0,50.0,True,False,False
sample_118,beam,110,40.0,30.0,False,False,True
sample_118,beam,111,50.0,50.0,True,False,False
sample_118,beam,112,50.0,50.0,True,False,False
sample_118,beam,113,45.0,30.0,False,False,True
sample_118,beam,114,70.0,50.0,False,False,True
sample_118,beam,115,60.0,50.0,False,False,True
sample_118,beam,116,60.0,50.0,False,False,True
sample_118,beam,117,50.0,50.0,True,False,False
sample_118,beam,118,50.0,50.0,True,False,False
sample_118,beam,119,50.0,50.0,True,False,False
sample_118,beam,120,50.0,50.0,True,False,False
sample_118,beam,121,50.0,50.0,True,False,False
sample_118,beam,122,50.0,50.0,True,False,False
sample_118,beam,123,50.0,50.0,True,False,False
sample_118,beam,124,50.0,50.0,True,False,False
sample_118,beam,125,50.0,50.0,True,False,False
sample_118,beam,126,50.0,50.0,True,False,False
sample_118,beam,127,50.0,50.0,True,False,False
sample_118,beam,128,50.0,50.0,True,False,False
sample_118,beam,129,50.0,50.0,True,False,False
sample_118,beam,130,50.0,50.0,True,False,False
sample_118,beam,131,50.0,50.0,True,False,False
sample_118,beam,132,50.0,50.0,True,False,False
sample_118,beam,133,50.0,50.0,True,False,False
sample_118,beam,134,50.0,50.0,True,False,False
sample_118,beam,135,50.0,50.0,True,False,False
sample_118,beam,136,50.0,50.0,True,False,False
sample_118,beam,137,50.0,50.0,True,False,False
sample_118,beam,138,50.0,50.0,True,False,False
sample_118,beam,139,50.0,50.0,True,False,False
sample_118,beam,140,50.0,50.0,True,False,False
sample_118,beam,141,50.0,50.0,True,False,False
sample_118,beam,142,50.0,50.0,True,False,False
sample_118,beam,143,50.0,50.0,True,False,False
sample_118,beam,144,50.0,50.0,True,False,False
sample_118,beam,145,50.0,50.0,True,False,False
sample_118,beam,146,50.0,50.0,True,False,False
sample_118,beam,147,50.0,50.0,True,False,False
sample_118,beam,148,50.0,50.0,True,False,False
sample_118,beam,149,50.0,50.0,True,False,False
sample_118,beam,150,50.0,50.0,True,False,False
sample_118,beam,151,50.0,50.0,True,False,False
sample_118,beam,152,50.0,50.0,True,False,False
sample_118,beam,153,50.0,50.0,True,False,False
sample_118,beam,154,50.0,50.0,True,False,False
sample_118,beam,155,50.0,50.0,True,False,False
sample_118,beam,156,50.0,50.0,True,False,False
sample_118,beam,157,50.0,50.0,True,False,False
sample_118,beam,158,40.0,30.0,False,False,True
sample_118,beam,159,40.0,30.0,False,False,True
sample_118,beam,160,40.0,30.0,False,False,True
sample_118,beam,161,40.0,30.0,False,False,True
sample_118,beam,162,50.0,50.0,True,False,False
sample_118,beam,163,50.0,50.0,True,False,False
sample_118,beam,164,50.0,50.0,True,False,False
sample_118,beam,165,40.0,30.0,False,False,True
sample_118,beam,166,50.0,50.0,True,False,False
sample_118,beam,167,50.0,50.0,True,False,False
sample_118,beam,168,45.0,30.0,False,False,True
sample_118,beam,169,70.0,50.0,False,False,True
sample_118,beam,170,60.0,50.0,False,False,True
sample_118,beam,171,60.0,50.0,False,False,True
sample_118,beam,172,50.0,50.0,True,False,False
sample_118,beam,173,50.0,50.0,True,False,False
sample_118,beam,174,50.0,50.0,True,False,False
sample_118,beam,175,50.0,50.0,True,False,False
sample_118,beam,176,50.0,50.0,True,False,False
sample_118,beam,177,50.0,50.0,True,False,False
sample_118,beam,178,50.0,50.0,True,False,False
sample_118,beam,179,50.0,50.0,True,False,False
sample_118,beam,180,50.0,50.0,True,False,False
sample_118,beam,181,50.0,50.0,True,False,False
sample_118,beam,182,50.0,50.0,True,False,False
sample_118,beam,183,50.0,50.0,True,False,False
sample_118,beam,184,50.0,50.0,True,False,False
sample_118,beam,185,50.0,50.0,True,False,False
sample_118,beam,186,50.0,50.0,True,False,False
sample_118,beam,187,50.0,50.0,True,False,False
sample_118,beam,188,50.0,50.0,True,False,False
sample_118,beam,189,50.0,50.0,True,False,False
sample_118,beam,190,50.0,50.0,True,False,False
sample_118,beam,191,50.0,50.0,True,False,False
sample_118,beam,192,50.0,50.0,True,False,False
sample_118,beam,193,50.0,50.0,True,False,False
sample_118,beam,194,50.0,50.0,True,False,False
sample_118,beam,195,50.0,50.0,True,False,False
sample_118,beam,196,50.0,50.0,True,False,False
sample_118,beam,197,50.0,50.0,True,False,False
sample_118,beam,198,50.0,50.0,True,False,False
sample_118,beam,199,50.0,50.0,True,False,False
sample_118,beam,200,50.0,50.0,True,False,False
sample_118,beam,201,50.0,50.0,True,False,False
sample_118,beam,202,50.0,50.0,True,False,False
sample_118,beam,203,50.0,50.0,True,False,False
sample_118,beam,204,50.0,50.0,True,False,False
sample_118,beam,205,50.0,50.0,True,False,False
sample_118,beam,206,50.0,50.0,True,False,False
sample_118,beam,207,50.0,50.0,True,False,False
sample_118,beam,208,50.0,50.0,True,False,False
sample_118,beam,209,50.0,50.0,True,False,False
sample_118,beam,210,50.0,50.0,True,False,False
sample_118,beam,211,50.0,50.0,True,False,False
sample_118,beam,212,50.0,50.0,True,False,False
sample_118,beam,213,40.0,30.0,False,False,True
sample_118,beam,214,40.0,30.0,False,False,True
sample_118,beam,215,40.0,30.0,False,False,True
sample_118,beam,216,40.0,30.0,False,False,True
sample_118,beam,217,50.0,50.0,True,False,False
sample_118,beam,218,50.0,50.0,True,False,False
sample_118,beam,219,50.0,50.0,True,False,False
sample_118,beam,220,40.0,30.0,False,False,True
sample_118,beam,221,50.0,50.0,True,False,False
sample_118,beam,222,50.0,50.0,True,False,False
sample_118,beam,223,45.0,30.0,False,False,True
sample_118,beam,224,70.0,50.0,False,False,True
sample_118,beam,225,60.0,50.0,False,False,True
sample_118,beam,226,60.0,50.0,False,False,True
sample_118,beam,227,50.0,50.0,True,False,False
sample_118,beam,228,50.0,50.0,True,False,False
sample_118,beam,229,50.0,50.0,True,False,False
sample_118,beam,230,50.0,50.0,True,False,False
sample_118,beam,231,50.0,50.0,True,False,False
sample_118,beam,232,50.0,50.0,True,False,False
sample_118,beam,233,50.0,50.0,True,False,False
sample_118,beam,234,50.0,50.0,True,False,False
sample_118,beam,235,50.0,50.0,True,False,False
sample_118,beam,236,50.0,50.0,True,False,False
sample_118,beam,237,50.0,50.0,True,False,False
sample_118,beam,238,50.0,50.0,True,False,False
sample_118,beam,239,50.0,50.0,True,False,False
sample_118,beam,240,50.0,50.0,True,False,False
sample_118,beam,241,50.0,50.0,True,False,False
sample_118,beam,242,50.0,50.0,True,False,False
sample_118,beam,243,50.0,50.0,True,False,False
sample_118,beam,244,50.0,50.0,True,False,False
sample_118,beam,245,50.0,50.0,True,False,False
sample_118,beam,246,50.0,50.0,True,False,False
sample_118,beam,247,50.0,50.0,True,False,False
sample_118,beam,248,50.0,50.0,True,False,False
sample_118,beam,249,50.0,50.0,True,False,False
sample_118,beam,250,50.0,50.0,True,False,False
sample_118,beam,251,50.0,50.0,True,False,False
sample_118,beam,252,50.0,50.0,True,False,False
sample_118,beam,253,50.0,50.0,True,False,False
sample_118,beam,254,50.0,50.0,True,False,False
sample_118,beam,255,50.0,50.0,True,False,False
sample_118,beam,256,50.0,50.0,True,False,False
sample_118,beam,257,50.0,50.0,True,False,False
sample_118,beam,258,50.0,50.0,True,False,False
sample_118,beam,259,50.0,50.0,True,False,False
sample_118,beam,260,50.0,50.0,True,False,False
sample_118,beam,261,50.0,50.0,True,False,False
sample_118,beam,262,50.0,50.0,True,False,False
sample_118,beam,263,50.0,50.0,True,False,False
sample_118,beam,264,50.0,50.0,True,False,False
sample_118,beam,265,50.0,50.0,True,False,False
sample_118,beam,266,50.0,50.0,True,False,False
sample_118,beam,267,50.0,50.0,True,False,False
sample_118,beam,268,40.0,30.0,False,False,True
sample_118,beam,269,40.0,30.0,False,False,True
sample_118,beam,270,40.0,30.0,False,False,True
sample_118,beam,271,40.0,30.0,False,False,True
sample_118,beam,272,50.0,50.0,True,False,False
sample_118,beam,273,50.0,50.0,True,False,False
sample_118,beam,274,50.0,50.0,True,False,False
sample_118,beam,275,40.0,30.0,False,False,True
sample_118,beam,276,50.0,50.0,True,False,False
sample_118,beam,277,50.0,50.0,True,False,False
sample_118,beam,278,45.0,30.0,False,False,True
sample_118,beam,279,70.0,50.0,False,False,True
sample_118,beam,280,60.0,50.0,False,False,True
sample_118,beam,281,60.0,50.0,False,False,True
sample_118,beam,282,50.0,50.0,True,False,False
sample_118,beam,283,50.0,50.0,True,False,False
sample_118,beam,284,50.0,50.0,True,False,False
sample_118,beam,285,50.0,50.0,True,False,False
sample_118,beam,286,50.0,50.0,True,False,False
sample_118,beam,287,50.0,50.0,True,False,False
sample_118,beam,288,50.0,50.0,True,False,False
sample_118,beam,289,50.0,50.0,True,False,False
sample_118,beam,290,50.0,50.0,True,False,False
sample_118,beam,291,50.0,50.0,True,False,False
sample_118,beam,292,50.0,50.0,True,False,False
sample_118,beam,293,50.0,50.0,True,False,False
sample_118,beam,294,50.0,50.0,True,False,False
sample_118,beam,295,50.0,50.0,True,False,False
sample_118,beam,296,50.0,50.0,True,False,False
sample_118,beam,297,50.0,50.0,True,False,False
sample_118,beam,298,50.0,50.0,True,False,False
sample_118,beam,299,50.0,50.0,True,False,False
sample_118,beam,300,50.0,50.0,True,False,False
sample_118,beam,301,50.0,50.0,True,False,False
sample_118,beam,302,50.0,50.0,True,False,False
sample_118,beam,303,50.0,50.0,True,False,False
sample_118,beam,304,50.0,50.0,True,False,False
sample_118,beam,305,50.0,50.0,True,False,False
sample_118,beam,306,50.0,50.0,True,False,False
sample_118,beam,307,50.0,50.0,True,False,False
sample_118,beam,308,50.0,50.0,True,False,False
sample_118,beam,309,50.0,50.0,True,False,False
sample_118,beam,310,50.0,50.0,True,False,False
sample_118,beam,311,50.0,50.0,True,False,False
sample_118,beam,312,50.0,50.0,True,False,False
sample_118,beam,313,50.0,50.0,True,False,False
sample_118,beam,314,50.0,50.0,True,False,False
sample_118,beam,315,50.0,50.0,True,False,False
sample_118,beam,316,50.0,50.0,True,False,False
sample_118,beam,317,50.0,50.0,True,False,False
sample_118,beam,318,50.0,50.0,True,False,False
sample_118,beam,319,50.0,50.0,True,False,False
sample_118,beam,320,50.0,50.0,True,False,False
sample_118,beam,321,50.0,50.0,True,False,False
sample_118,beam,322,50.0,50.0,True,False,False
sample_118,beam,323,40.0,30.0,False,False,True
sample_118,beam,324,40.0,30.0,False,False,True
sample_118,beam,325,40.0,30.0,False,False,True
sample_118,beam,326,40.0,30.0,False,False,True
sample_118,beam,327,50.0,50.0,True,False,False
sample_118,beam,328,50.0,50.0,True,False,False
sample_118,beam,329,50.0,50.0,True,False,False
sample_118,beam,330,40.0,30.0,False,False,True
sample_118,beam,331,50.0,50.0,True,False,False
sample_118,beam,332,50.0,50.0,True,False,False
sample_118,beam,333,45.0,30.0,False,False,True
sample_118,beam,334,70.0,50.0,False,False,True
sample_118,beam,335,60.0,50.0,False,False,True
sample_118,beam,336,60.0,50.0,False,False,True
sample_118,beam,337,50.0,50.0,True,False,False
sample_118,beam,338,50.0,50.0,True,False,False
sample_118,beam,339,50.0,50.0,True,False,False
sample_118,beam,340,50.0,50.0,True,False,False
sample_118,beam,341,50.0,50.0,True,False,False
sample_118,beam,342,50.0,50.0,True,False,False
sample_118,beam,343,50.0,50.0,True,False,False
sample_118,beam,344,50.0,50.0,True,False,False
sample_118,beam,345,50.0,50.0,True,False,False
sample_118,beam,346,50.0,50.0,True,False,False
sample_118,beam,347,50.0,50.0,True,False,False
sample_118,beam,348,50.0,50.0,True,False,False
sample_118,beam,349,50.0,50.0,True,False,False
sample_118,beam,350,50.0,50.0,True,False,False
sample_118,beam,351,50.0,50.0,True,False,False
sample_118,beam,352,50.0,50.0,True,False,False
sample_118,beam,353,50.0,50.0,True,False,False
sample_118,beam,354,50.0,50.0,True,False,False
sample_118,beam,355,50.0,50.0,True,False,False
sample_118,beam,356,50.0,50.0,True,False,False
sample_118,beam,357,50.0,50.0,True,False,False
sample_118,beam,358,50.0,50.0,True,False,False
sample_118,beam,359,50.0,50.0,True,False,False
sample_118,beam,360,50.0,50.0,True,False,False
sample_118,beam,361,50.0,50.0,True,False,False
sample_118,beam,362,50.0,50.0,True,False,False
sample_118,beam,363,50.0,50.0,True,False,False
sample_118,beam,364,50.0,50.0,True,False,False
sample_118,beam,365,50.0,50.0,True,False,False
sample_118,beam,366,50.0,50.0,True,False,False
sample_118,beam,367,50.0,50.0,True,False,False
sample_118,beam,368,50.0,50.0,True,False,False
sample_118,beam,369,50.0,50.0,True,False,False
sample_118,beam,370,50.0,50.0,True,False,False
sample_118,beam,371,50.0,50.0,True,False,False
sample_118,beam,372,50.0,50.0,True,False,False
sample_118,beam,373,50.0,50.0,True,False,False
sample_118,beam,374,40.0,30.0,False,False,True
sample_118,beam,375,40.0,30.0,False,False,True
sample_118,beam,376,60.0,50.0,False,False,True
sample_118,beam,377,50.0,50.0,True,False,False
sample_118,beam,378,50.0,50.0,True,False,False
sample_118,beam,379,50.0,40.0,False,False,True
sample_118,beam,380,50.0,50.0,True,False,False
sample_118,beam,381,50.0,50.0,True,False,False
sample_118,beam,382,50.0,50.0,True,False,False
sample_118,beam,383,50.0,50.0,True,False,False
sample_118,beam,384,50.0,50.0,True,False,False
sample_118,beam,385,50.0,50.0,True,False,False
sample_118,beam,386,50.0,50.0,True,False,False
sample_118,beam,387,50.0,50.0,True,False,False
sample_118,beam,388,50.0,50.0,True,False,False
sample_118,beam,389,50.0,50.0,True,False,False
sample_118,beam,390,50.0,50.0,True,False,False
sample_118,beam,391,50.0,50.0,True,False,False
sample_118,beam,392,50.0,50.0,True,False,False
sample_118,beam,393,50.0,50.0,True,False,False
sample_118,beam,394,45.0,30.0,False,False,True
sample_118,beam,395,45.0,30.0,False,False,True
sample_118,beam,396,45.0,30.0,False,False,True
sample_118,beam,397,45.0,30.0,False,False,True
sample_118,beam,398,45.0,30.0,False,False,True
sample_118,beam,399,45.0,30.0,False,False,True
sample_118,beam,400,40.0,30.0,False,False,True
sample_118,beam,401,50.0,50.0,True,False,False
sample_118,beam,402,50.0,50.0,True,False,False
sample_118,column,0,50.0,50.0,True,False,False
sample_118,column,1,50.0,50.0,True,False,False
sample_118,column,2,50.0,50.0,True,False,False
sample_118,column,3,50.0,50.0,True,False,False
sample_118,column,4,50.0,50.0,True,False,False
sample_118,column,5,50.0,50.0,True,False,False
sample_118,column,6,50.0,50.0,True,False,False
sample_118,column,7,50.0,50.0,True,False,False
sample_118,column,8,50.0,50.0,True,False,False
sample_118,column,9,50.0,50.0,True,False,False
sample_118,column,10,50.0,50.0,True,False,False
sample_118,column,11,50.0,50.0,True,False,False
sample_118,column,12,50.0,50.0,True,False,False
sample_118,column,13,50.0,50.0,True,False,False
sample_118,column,14,50.0,50.0,True,False,False
sample_118,column,15,50.0,50.0,True,False,False
sample_118,column,16,50.0,50.0,True,False,False
sample_118,column,17,50.0,50.0,True,False,False
sample_118,column,18,50.0,50.0,True,False,False
sample_118,column,19,50.0,50.0,True,False,False
sample_118,column,20,50.0,50.0,True,False,False
sample_118,column,21,50.0,50.0,True,False,False
sample_118,column,22,50.0,50.0,True,False,False
sample_118,column,23,50.0,50.0,True,False,False
sample_118,column,24,50.0,50.0,True,False,False
sample_118,column,25,50.0,50.0,True,False,False
sample_118,column,26,50.0,50.0,True,False,False
sample_118,column,27,50.0,50.0,True,False,False
sample_118,column,28,50.0,50.0,True,False,False
sample_118,column,29,50.0,50.0,True,False,False
sample_118,column,30,50.0,50.0,True,False,False
sample_118,column,31,50.0,50.0,True,False,False
sample_118,column,32,50.0,50.0,True,False,False
sample_118,column,33,50.0,50.0,True,False,False
sample_118,column,34,50.0,50.0,True,False,False
sample_118,column,35,50.0,50.0,True,False,False
sample_118,column,36,50.0,50.0,True,False,False
sample_118,column,37,50.0,50.0,True,False,False
sample_118,column,38,50.0,50.0,True,False,False
sample_118,column,39,50.0,50.0,True,False,False
sample_118,column,40,50.0,50.0,True,False,False
sample_118,column,41,50.0,50.0,True,False,False
sample_118,column,42,50.0,50.0,True,False,False
sample_118,column,43,50.0,50.0,True,False,False
sample_118,column,44,50.0,50.0,True,False,False
sample_118,column,45,50.0,50.0,True,False,False
sample_118,column,46,50.0,50.0,True,False,False
sample_118,column,47,50.0,50.0,True,False,False
sample_118,column,48,50.0,50.0,True,False,False
sample_118,column,49,50.0,50.0,True,False,False
sample_118,column,50,50.0,50.0,True,False,False
sample_118,column,51,50.0,50.0,True,False,False
sample_118,column,52,50.0,50.0,True,False,False
sample_118,column,53,50.0,50.0,True,False,False
sample_118,column,54,50.0,50.0,True,False,False
sample_118,column,55,50.0,50.0,True,False,False
sample_118,column,56,50.0,50.0,True,False,False
sample_118,column,57,50.0,50.0,True,False,False
sample_118,column,58,50.0,50.0,True,False,False
sample_118,column,59,50.0,50.0,True,False,False
sample_118,column,60,50.0,50.0,True,False,False
sample_118,column,61,50.0,50.0,True,False,False
sample_118,column,62,50.0,50.0,True,False,False
sample_118,column,63,50.0,50.0,True,False,False
sample_118,column,64,50.0,50.0,True,False,False
sample_118,column,65,50.0,50.0,True,False,False
sample_118,column,66,50.0,50.0,True,False,False
sample_118,column,67,50.0,50.0,True,False,False
sample_118,column,68,50.0,50.0,True,False,False
sample_118,column,69,50.0,50.0,True,False,False
sample_118,column,70,60.0,50.0,False,False,True
sample_118,column,71,60.0,50.0,False,False,True
sample_118,column,72,60.0,50.0,False,False,True
sample_118,column,73,60.0,50.0,False,False,True
sample_118,column,74,60.0,50.0,False,False,True
sample_118,column,75,60.0,50.0,False,False,True
sample_118,column,76,60.0,50.0,False,False,True
sample_118,column,77,50.0,50.0,True,False,False
sample_118,column,78,50.0,50.0,True,False,False
sample_118,column,79,50.0,50.0,True,False,False
sample_118,column,80,50.0,50.0,True,False,False
sample_118,column,81,50.0,50.0,True,False,False
sample_118,column,82,50.0,50.0,True,False,False
sample_118,column,83,50.0,50.0,True,False,False
sample_118,column,84,50.0,50.0,True,False,False
sample_118,column,85,50.0,50.0,True,False,False
sample_118,column,86,50.0,50.0,True,False,False
sample_118,column,87,50.0,50.0,True,False,False
sample_118,column,88,50.0,50.0,True,False,False
sample_118,column,89,50.0,50.0,True,False,False
sample_118,column,90,50.0,50.0,True,False,False
sample_118,column,91,50.0,50.0,True,False,False
sample_118,column,92,50.0,50.0,True,False,False
sample_118,column,93,50.0,50.0,True,False,False
sample_118,column,94,50.0,50.0,True,False,False
sample_118,column,95,50.0,50.0,True,False,False
sample_118,column,96,50.0,50.0,True,False,False
sample_118,column,97,50.0,50.0,True,False,False
sample_118,column,98,50.0,50.0,True,False,False
sample_118,column,99,50.0,50.0,True,False,False
sample_118,column,100,50.0,50.0,True,False,False
sample_118,column,101,50.0,50.0,True,False,False
sample_118,column,102,50.0,50.0,True,False,False
sample_118,column,103,50.0,50.0,True,False,False
sample_118,column,104,50.0,50.0,True,False,False
sample_118,column,105,50.0,50.0,True,False,False
sample_118,column,106,50.0,50.0,True,False,False
sample_118,column,107,50.0,50.0,True,False,False
sample_118,column,108,50.0,50.0,True,False,False
sample_118,column,109,50.0,50.0,True,False,False
sample_118,column,110,50.0,50.0,True,False,False
sample_118,column,111,50.0,50.0,True,False,False
sample_118,column,112,50.0,50.0,True,False,False
sample_118,column,113,50.0,50.0,True,False,False
sample_118,column,114,50.0,50.0,True,False,False
sample_118,column,115,50.0,50.0,True,False,False
sample_118,column,116,50.0,50.0,True,False,False
sample_118,column,117,50.0,50.0,True,False,False
sample_118,column,118,50.0,50.0,True,False,False
sample_118,column,119,50.0,50.0,True,False,False
sample_118,column,120,50.0,50.0,True,False,False
sample_118,column,121,50.0,50.0,True,False,False
sample_118,column,122,50.0,50.0,True,False,False
sample_118,column,123,50.0,50.0,True,False,False
sample_118,column,124,50.0,50.0,True,False,False
sample_118,column,125,50.0,50.0,True,False,False
sample_118,column,126,50.0,50.0,True,False,False
sample_118,column,127,50.0,50.0,True,False,False
sample_118,column,128,50.0,50.0,True,False,False
sample_118,column,129,50.0,50.0,True,False,False
sample_118,column,130,50.0,50.0,True,False,False
sample_118,column,131,50.0,50.0,True,False,False
sample_118,column,132,50.0,50.0,True,False,False
sample_118,column,133,50.0,50.0,True,False,False
sample_118,column,134,50.0,50.0,True,False,False
sample_118,column,135,50.0,50.0,True,False,False
sample_118,column,136,50.0,50.0,True,False,False
sample_118,column,137,50.0,50.0,True,False,False
sample_118,column,138,50.0,50.0,True,False,False
sample_118,column,139,50.0,50.0,True,False,False
sample_118,column,140,50.0,50.0,True,False,False
sample_118,column,141,50.0,50.0,True,False,False
sample_118,column,142,50.0,50.0,True,False,False
sample_118,column,143,50.0,50.0,True,False,False
sample_118,column,144,50.0,50.0,True,False,False
sample_118,column,145,50.0,50.0,True,False,False
sample_118,column,146,50.0,50.0,True,False,False
sample_118,column,147,50.0,50.0,True,False,False
sample_118,column,148,50.0,50.0,True,False,False
sample_118,column,149,50.0,50.0,True,False,False
sample_118,column,150,50.0,50.0,True,False,False
sample_118,column,151,50.0,50.0,True,False,False
sample_118,column,152,50.0,50.0,True,False,False
sample_118,column,153,50.0,50.0,True,False,False
sample_118,column,154,50.0,50.0,True,False,False
sample_118,column,155,50.0,50.0,True,False,False
sample_118,column,156,50.0,50.0,True,False,False
sample_118,column,157,50.0,50.0,True,False,False
sample_118,column,158,50.0,50.0,True,False,False
sample_118,column,159,50.0,50.0,True,False,False
sample_118,column,160,50.0,50.0,True,False,False
sample_118,column,161,50.0,50.0,True,False,False
sample_118,column,162,50.0,50.0,True,False,False
sample_118,column,163,50.0,50.0,True,False,False
sample_118,column,164,50.0,50.0,True,False,False
sample_118,column,165,50.0,50.0,True,False,False
sample_118,column,166,50.0,50.0,True,False,False
sample_118,column,167,50.0,50.0,True,False,False
sample_118,column,168,50.0,50.0,True,False,False
sample_118,column,169,50.0,50.0,True,False,False
sample_118,column,170,50.0,50.0,True,False,False
sample_118,column,171,50.0,50.0,True,False,False
sample_118,column,172,50.0,50.0,True,False,False
sample_118,column,173,50.0,50.0,True,False,False
sample_118,column,174,50.0,50.0,True,False,False
sample_118,column,175,50.0,50.0,True,False,False
sample_118,column,176,50.0,50.0,True,False,False
sample_118,column,177,50.0,50.0,True,False,False
sample_118,column,178,50.0,50.0,True,False,False
sample_118,column,179,50.0,50.0,True,False,False
sample_118,column,180,50.0,50.0,True,False,False
sample_118,column,181,50.0,50.0,True,False,False
sample_118,column,182,50.0,50.0,True,False,False
sample_118,column,183,50.0,50.0,True,False,False
sample_118,column,184,50.0,50.0,True,False,False
sample_118,column,185,50.0,50.0,True,False,False
sample_118,column,186,50.0,50.0,True,False,False
sample_118,column,187,50.0,50.0,True,False,False
sample_118,column,188,50.0,50.0,True,False,False
sample_118,column,189,50.0,50.0,True,False,False
sample_118,column,190,50.0,50.0,True,False,False
sample_118,column,191,50.0,50.0,True,False,False
sample_118,column,192,50.0,50.0,True,False,False
sample_118,column,193,50.0,50.0,True,False,False
sample_118,column,194,50.0,50.0,True,False,False
sample_118,column,195,50.0,50.0,True,False,False
sample_118,column,196,50.0,50.0,True,False,False
sample_118,column,197,50.0,50.0,True,False,False
sample_118,column,198,50.0,50.0,True,False,False
sample_118,column,199,50.0,50.0,True,False,False
sample_118,column,200,50.0,50.0,True,False,False
sample_150,beam,0,50.0,45.0,False,False,True
sample_150,beam,1,50.0,40.0,False,False,True
sample_150,beam,2,50.0,40.0,False,False,True
sample_150,beam,3,50.0,40.0,False,False,True
sample_150,beam,4,50.0,40.0,False,False,True
sample_150,beam,5,50.0,40.0,False,False,True
sample_150,beam,6,50.0,40.0,False,False,True
sample_150,beam,7,50.0,40.0,False,False,True
sample_150,beam,8,50.0,40.0,False,False,True
sample_150,beam,9,50.0,40.0,False,False,True
sample_150,beam,10,50.0,40.0,False,False,True
sample_150,beam,11,50.0,40.0,False,False,True
sample_150,beam,12,50.0,40.0,False,False,True
sample_150,beam,13,50.0,40.0,False,False,True
sample_150,beam,14,50.0,40.0,False,False,True
sample_150,beam,15,50.0,40.0,False,False,True
sample_150,beam,16,50.0,40.0,False,False,True
sample_150,beam,17,50.0,40.0,False,False,True
sample_150,beam,18,50.0,40.0,False,False,True
sample_150,beam,19,50.0,40.0,False,False,True
sample_150,beam,20,50.0,40.0,False,False,True
sample_150,beam,21,50.0,40.0,False,False,True
sample_150,beam,22,50.0,40.0,False,False,True
sample_150,beam,23,50.0,40.0,False,False,True
sample_150,beam,24,50.0,40.0,False,False,True
sample_150,beam,25,50.0,40.0,False,False,True
sample_150,beam,26,50.0,40.0,False,False,True
sample_150,beam,27,50.0,40.0,False,False,True
sample_150,beam,28,50.0,40.0,False,False,True
sample_150,beam,29,45.0,30.0,False,False,True
sample_150,beam,30,50.0,40.0,False,False,True
sample_150,beam,31,50.0,40.0,False,False,True
sample_150,beam,32,50.0,40.0,False,False,True
sample_150,beam,33,50.0,40.0,False,False,True
sample_150,beam,34,50.0,40.0,False,False,True
sample_150,beam,35,45.0,30.0,False,False,True
sample_150,beam,36,50.0,40.0,False,False,True
sample_150,beam,37,50.0,40.0,False,False,True
sample_150,beam,38,50.0,40.0,False,False,True
sample_150,beam,39,50.0,40.0,False,False,True
sample_150,beam,40,50.0,40.0,False,False,True
sample_150,beam,41,50.0,30.0,False,False,True
sample_150,beam,42,50.0,30.0,False,False,True
sample_150,column,0,50.0,50.0,True,False,False
sample_150,column,1,50.0,50.0,True,False,False
sample_150,column,2,50.0,50.0,True,False,False
sample_150,column,3,50.0,50.0,True,False,False
sample_150,column,4,50.0,50.0,True,False,False
sample_150,column,5,50.0,50.0,True,False,False
sample_150,column,6,50.0,50.0,True,False,False
sample_150,column,7,50.0,50.0,True,False,False
sample_150,column,8,50.0,50.0,True,False,False
sample_150,column,9,50.0,50.0,True,False,False
sample_150,column,10,50.0,50.0,True,False,False
sample_150,column,11,50.0,50.0,True,False,False
sample_150,column,12,50.0,50.0,True,False,False
sample_150,column,13,50.0,50.0,True,False,False
sample_150,column,14,50.0,50.0,True,False,False
sample_150,column,15,50.0,50.0,True,False,False
sample_150,column,16,50.0,50.0,True,False,False
sample_150,column,17,50.0,50.0,True,False,False
sample_150,column,18,50.0,50.0,True,False,False
sample_150,column,19,50.0,50.0,True,False,False
sample_53,beam,0,40.0,40.0,True,False,False
sample_53,beam,1,40.0,40.0,True,False,False
sample_53,beam,2,45.0,40.0,False,False,True
sample_53,beam,3,40.0,30.0,False,False,True
sample_53,beam,4,40.0,40.0,True,False,False
sample_53,beam,5,45.0,40.0,False,False,True
sample_53,beam,6,45.0,40.0,False,False,True
sample_53,beam,7,40.0,40.0,True,False,False
sample_53,beam,8,45.0,40.0,False,False,True
sample_53,beam,9,45.0,40.0,False,False,True
sample_53,beam,10,45.0,40.0,False,False,True
sample_53,beam,11,40.0,40.0,True,False,False
sample_53,beam,12,45.0,40.0,False,False,True
sample_53,beam,13,45.0,40.0,False,False,True
sample_53,beam,14,40.0,40.0,True,False,False
sample_53,beam,15,45.0,40.0,False,False,True
sample_53,beam,16,45.0,40.0,False,False,True
sample_53,beam,17,40.0,40.0,True,False,False
sample_53,beam,18,45.0,40.0,False,False,True
sample_53,beam,19,45.0,40.0,False,False,True
sample_53,beam,20,45.0,40.0,False,False,True
sample_53,beam,21,40.0,40.0,True,False,False
sample_53,beam,22,45.0,40.0,False,False,True
sample_53,beam,23,45.0,40.0,False,False,True
sample_53,beam,24,40.0,40.0,True,False,False
sample_53,beam,25,45.0,40.0,False,False,True
sample_53,beam,26,45.0,40.0,False,False,True
sample_53,beam,27,45.0,40.0,False,False,True
sample_53,beam,28,40.0,40.0,True,False,False
sample_53,beam,29,45.0,40.0,False,False,True
sample_53,beam,30,45.0,40.0,False,False,True
sample_53,beam,31,40.0,30.0,False,False,True
sample_53,beam,32,40.0,40.0,True,False,False
sample_53,beam,33,45.0,40.0,False,False,True
sample_53,beam,34,45.0,40.0,False,False,True
sample_53,beam,35,30.0,30.0,True,False,False
sample_53,beam,36,30.0,30.0,True,False,False
sample_53,beam,37,30.0,30.0,True,False,False
sample_53,beam,38,30.0,30.0,True,False,False
sample_53,beam,39,30.0,30.0,True,False,False
sample_53,beam,40,30.0,30.0,True,False,False
sample_53,beam,41,40.0,30.0,False,False,True
sample_53,beam,42,40.0,30.0,False,False,True
sample_53,column,0,40.0,40.0,True,False,False
sample_53,column,1,45.0,45.0,True,False,False
sample_53,column,2,45.0,45.0,True,False,False
sample_53,column,3,40.0,40.0,True,False,False
sample_53,column,4,40.0,40.0,True,False,False
sample_53,column,5,45.0,45.0,True,False,False
sample_53,column,6,45.0,45.0,True,False,False
sample_53,column,7,40.0,40.0,True,False,False
sample_53,column,8,45.0,45.0,True,False,False
sample_53,column,9,45.0,45.0,True,False,False
sample_53,column,10,40.0,40.0,True,False,False
sample_53,column,11,40.0,40.0,True,False,False
sample_53,column,12,45.0,45.0,True,False,False
sample_53,column,13,45.0,45.0,True,False,False
sample_53,column,14,40.0,40.0,True,False,False
sample_53,column,15,45.0,45.0,True,False,False
sample_53,column,16,45.0,45.0,True,False,False
sample_53,column,17,40.0,40.0,True,False,False
sample_53,column,18,45.0,45.0,True,False,False
sample_53,column,19,45.0,45.0,True,False,False
sample_53,column,20,40.0,40.0,True,False,False
sample_53,column,21,45.0,45.0,True,False,False
sample_53,column,22,45.0,45.0,True,False,False
sample_53,column,23,40.0,40.0,True,False,False
sample_53,column,24,45.0,45.0,True,False,False
sample_53,column,25,45.0,45.0,True,False,False
sample_53,column,26,40.0,40.0,True,False,False
sample_53,column,27,40.0,40.0,True,False,False
sample_243,beam,0,50.0,50.0,True,False,False
sample_243,beam,1,50.0,50.0,True,False,False
sample_243,beam,2,50.0,50.0,True,False,False
sample_243,beam,3,50.0,50.0,True,False,False
sample_243,beam,4,50.0,50.0,True,False,False
sample_243,beam,5,50.0,50.0,True,False,False
sample_243,beam,6,50.0,50.0,True,False,False
sample_243,beam,7,50.0,50.0,True,False,False
sample_243,beam,8,50.0,50.0,True,False,False
sample_243,beam,9,50.0,50.0,True,False,False
sample_243,beam,10,50.0,50.0,True,False,False
sample_243,beam,11,50.0,50.0,True,False,False
sample_243,beam,12,50.0,50.0,True,False,False
sample_243,beam,13,50.0,50.0,True,False,False
sample_243,beam,14,50.0,50.0,True,False,False
sample_243,beam,15,50.0,50.0,True,False,False
sample_243,beam,16,50.0,50.0,True,False,False
sample_243,beam,17,50.0,50.0,True,False,False
sample_243,beam,18,50.0,50.0,True,False,False
sample_243,beam,19,50.0,50.0,True,False,False
sample_243,beam,20,50.0,50.0,True,False,False
sample_243,beam,21,50.0,50.0,True,False,False
sample_243,beam,22,50.0,50.0,True,False,False
sample_243,beam,23,50.0,50.0,True,False,False
sample_243,beam,24,50.0,50.0,True,False,False
sample_243,beam,25,50.0,50.0,True,False,False
sample_243,beam,26,50.0,50.0,True,False,False
sample_243,beam,27,50.0,50.0,True,False,False
sample_243,beam,28,50.0,50.0,True,False,False
sample_243,beam,29,50.0,50.0,True,False,False
sample_243,beam,30,50.0,50.0,True,False,False
sample_243,beam,31,50.0,50.0,True,False,False
sample_243,beam,32,50.0,50.0,True,False,False
sample_243,beam,33,50.0,50.0,True,False,False
sample_243,beam,34,50.0,50.0,True,False,False
sample_243,beam,35,50.0,50.0,True,False,False
sample_243,beam,36,50.0,50.0,True,False,False
sample_243,beam,37,45.0,40.0,False,False,True
sample_243,beam,38,50.0,50.0,True,False,False
sample_243,beam,39,50.0,50.0,True,False,False
sample_243,beam,40,50.0,50.0,True,False,False
sample_243,beam,41,50.0,50.0,True,False,False
sample_243,beam,42,50.0,50.0,True,False,False
sample_243,beam,43,50.0,50.0,True,False,False
sample_243,beam,44,50.0,50.0,True,False,False
sample_243,beam,45,50.0,50.0,True,False,False
sample_243,beam,46,50.0,50.0,True,False,False
sample_243,beam,47,50.0,50.0,True,False,False
sample_243,beam,48,50.0,50.0,True,False,False
sample_243,beam,49,50.0,50.0,True,False,False
sample_243,beam,50,50.0,50.0,True,False,False
sample_243,beam,51,50.0,50.0,True,False,False
sample_243,beam,52,50.0,50.0,True,False,False
sample_243,beam,53,50.0,50.0,True,False,False
sample_243,beam,54,50.0,50.0,True,False,False
sample_243,beam,55,45.0,40.0,False,False,True
sample_243,beam,56,50.0,50.0,True,False,False
sample_243,beam,57,50.0,50.0,True,False,False
sample_243,beam,58,50.0,50.0,True,False,False
sample_243,beam,59,50.0,50.0,True,False,False
sample_243,beam,60,50.0,50.0,True,False,False
sample_243,beam,61,50.0,50.0,True,False,False
sample_243,beam,62,50.0,50.0,True,False,False
sample_243,beam,63,55.0,55.0,True,False,False
sample_243,beam,64,55.0,55.0,True,False,False
sample_243,beam,65,55.0,55.0,True,False,False
sample_243,beam,66,55.0,55.0,True,False,False
sample_243,beam,67,50.0,50.0,True,False,False
sample_243,beam,68,50.0,50.0,True,False,False
sample_243,beam,69,55.0,55.0,True,False,False
sample_243,beam,70,55.0,55.0,True,False,False
sample_243,beam,71,55.0,55.0,True,False,False
sample_243,beam,72,55.0,55.0,True,False,False
sample_243,beam,73,50.0,50.0,True,False,False
sample_243,beam,74,50.0,50.0,True,False,False
sample_243,beam,75,50.0,50.0,True,False,False
sample_243,beam,76,50.0,50.0,True,False,False
sample_243,beam,77,50.0,50.0,True,False,False
sample_243,beam,78,50.0,50.0,True,False,False
sample_243,beam,79,45.0,40.0,False,False,True
sample_243,beam,80,50.0,50.0,True,False,False
sample_243,beam,81,50.0,50.0,True,False,False
sample_243,beam,82,50.0,50.0,True,False,False
sample_243,beam,83,50.0,50.0,True,False,False
sample_243,beam,84,50.0,50.0,True,False,False
sample_243,beam,85,50.0,50.0,True,False,False
sample_243,beam,86,45.0,40.0,False,False,True
sample_243,beam,87,50.0,50.0,True,False,False
sample_243,beam,88,50.0,50.0,True,False,False
sample_243,beam,89,55.0,55.0,True,False,False
sample_243,beam,90,55.0,55.0,True,False,False
sample_243,beam,91,55.0,55.0,True,False,False
sample_243,beam,92,55.0,55.0,True,False,False
sample_243,beam,93,50.0,50.0,True,False,False
sample_243,beam,94,50.0,50.0,True,False,False
sample_243,beam,95,55.0,55.0,True,False,False
sample_243,beam,96,55.0,55.0,True,False,False
sample_243,beam,97,55.0,55.0,True,False,False
sample_243,beam,98,55.0,55.0,True,False,False
sample_243,beam,99,30.0,30.0,True,False,False
sample_243,beam,100,30.0,30.0,True,False,False
sample_243,beam,101,30.0,30.0,True,False,False
sample_243,beam,102,30.0,30.0,True,False,False
sample_243,beam,103,30.0,30.0,True,False,False
sample_243,beam,104,30.0,30.0,True,False,False
sample_243,beam,105,30.0,25.0,False,False,True
sample_243,beam,106,30.0,25.0,False,False,True
sample_243,beam,107,30.0,25.0,False,False,True
sample_243,beam,108,30.0,25.0,False,False,True
sample_243,beam,109,30.0,25.0,False,False,True
sample_243,beam,110,30.0,25.0,False,False,True
sample_243,beam,111,30.0,25.0,False,False,True
sample_243,beam,112,30.0,25.0,False,False,True
sample_243,beam,113,30.0,25.0,False,False,True
sample_243,beam,114,30.0,25.0,False,False,True
sample_243,beam,115,30.0,25.0,False,False,True
sample_243,beam,116,30.0,25.0,False,False,True
sample_243,beam,117,50.0,50.0,True,False,False
sample_243,beam,118,50.0,50.0,True,False,False
sample_243,beam,119,55.0,55.0,True,False,False
sample_243,beam,120,55.0,55.0,True,False,False
sample_243,beam,121,55.0,55.0,True,False,False
sample_243,beam,122,55.0,55.0,True,False,False
sample_243,beam,123,50.0,50.0,True,False,False
sample_243,beam,124,50.0,50.0,True,False,False
sample_243,beam,125,50.0,50.0,True,False,False
sample_243,beam,126,50.0,50.0,True,False,False
sample_243,beam,127,50.0,50.0,True,False,False
sample_243,beam,128,50.0,50.0,True,False,False
sample_243,beam,129,50.0,50.0,True,False,False
sample_243,beam,130,50.0,50.0,True,False,False
sample_243,beam,131,50.0,50.0,True,False,False
sample_243,beam,132,50.0,50.0,True,False,False
sample_243,beam,133,50.0,50.0,True,False,False
sample_243,beam,134,50.0,50.0,True,False,False
sample_243,beam,135,50.0,50.0,True,False,False
sample_243,beam,136,50.0,50.0,True,False,False
sample_243,beam,137,55.0,55.0,True,False,False
sample_243,beam,138,55.0,55.0,True,False,False
sample_243,beam,139,55.0,55.0,True,False,False
sample_243,beam,140,55.0,55.0,True,False,False
sample_243,beam,141,50.0,50.0,True,False,False
sample_243,beam,142,50.0,50.0,True,False,False
sample_243,beam,143,50.0,50.0,True,False,False
sample_243,beam,144,50.0,50.0,True,False,False
sample_243,beam,145,50.0,50.0,True,False,False
sample_243,beam,146,50.0,50.0,True,False,False
sample_243,beam,147,50.0,50.0,True,False,False
sample_243,beam,148,50.0,50.0,True,False,False
sample_243,beam,149,50.0,50.0,True,False,False
sample_243,beam,150,50.0,50.0,True,False,False
sample_243,beam,151,50.0,50.0,True,False,False
sample_243,beam,152,50.0,50.0,True,False,False
sample_243,beam,153,50.0,50.0,True,False,False
sample_243,beam,154,50.0,50.0,True,False,False
sample_243,beam,155,50.0,50.0,True,False,False
sample_243,beam,156,50.0,50.0,True,False,False
sample_243,beam,157,50.0,50.0,True,False,False
sample_243,beam,158,50.0,50.0,True,False,False
sample_243,beam,159,50.0,50.0,True,False,False
sample_243,beam,160,50.0,50.0,True,False,False
sample_243,beam,161,50.0,50.0,True,False,False
sample_243,beam,162,50.0,50.0,True,False,False
sample_243,beam,163,50.0,50.0,True,False,False
sample_243,beam,164,50.0,50.0,True,False,False
sample_243,beam,165,50.0,50.0,True,False,False
sample_243,beam,166,50.0,50.0,True,False,False
sample_243,beam,167,50.0,50.0,True,False,False
sample_243,beam,168,50.0,50.0,True,False,False
sample_243,beam,169,50.0,50.0,True,False,False
sample_243,beam,170,50.0,50.0,True,False,False
sample_243,beam,171,50.0,50.0,True,False,False
sample_243,beam,172,50.0,50.0,True,False,False
sample_243,beam,173,50.0,50.0,True,False,False
sample_243,beam,174,50.0,50.0,True,False,False
sample_243,beam,175,50.0,50.0,True,False,False
sample_243,beam,176,50.0,50.0,True,False,False
sample_243,beam,177,50.0,50.0,True,False,False
sample_243,beam,178,50.0,50.0,True,False,False
sample_243,beam,179,50.0,50.0,True,False,False
sample_243,beam,180,50.0,50.0,True,False,False
sample_243,beam,181,50.0,50.0,True,False,False
sample_243,beam,182,50.0,50.0,True,False,False
sample_243,beam,183,50.0,50.0,True,False,False
sample_243,beam,184,30.0,25.0,False,False,True
sample_243,beam,185,45.0,40.0,False,False,True
sample_243,beam,186,45.0,40.0,False,False,True
sample_243,beam,187,20.0,20.0,True,False,False
sample_243,beam,188,20.0,20.0,True,False,False
sample_243,beam,189,20.0,20.0,True,False,False
sample_243,beam,190,20.0,20.0,True,False,False
sample_243,beam,191,20.0,20.0,True,False,False
sample_243,beam,192,20.0,20.0,True,False,False
sample_243,beam,193,20.0,20.0,True,False,False
sample_243,beam,194,20.0,20.0,True,False,False
sample_243,beam,195,20.0,20.0,True,False,False
sample_243,beam,196,20.0,20.0,True,False,False
sample_243,beam,197,20.0,20.0,True,False,False
sample_243,beam,198,20.0,20.0,True,False,False
sample_243,beam,199,20.0,20.0,True,False,False
sample_243,beam,200,20.0,20.0,True,False,False
sample_243,beam,201,20.0,20.0,True,False,False
sample_243,beam,202,20.0,20.0,True,False,False
sample_243,beam,203,20.0,20.0,True,False,False
sample_243,beam,204,20.0,20.0,True,False,False
sample_243,beam,205,20.0,20.0,True,False,False
sample_243,beam,206,20.0,20.0,True,False,False
sample_243,beam,207,20.0,20.0,True,False,False
sample_243,beam,208,20.0,20.0,True,False,False
sample_243,beam,209,20.0,20.0,True,False,False
sample_243,beam,210,20.0,20.0,True,False,False
sample_243,beam,211,20.0,20.0,True,False,False
sample_243,beam,212,20.0,20.0,True,False,False
sample_243,beam,213,20.0,20.0,True,False,False
sample_243,beam,214,20.0,20.0,True,False,False
sample_243,beam,215,20.0,20.0,True,False,False
sample_243,beam,216,20.0,20.0,True,False,False
sample_243,beam,217,50.0,50.0,True,False,False
sample_243,beam,218,50.0,50.0,True,False,False
sample_243,beam,219,50.0,50.0,True,False,False
sample_243,beam,220,50.0,50.0,True,False,False
sample_243,beam,221,50.0,50.0,True,False,False
sample_243,beam,222,50.0,50.0,True,False,False
sample_243,beam,223,50.0,50.0,True,False,False
sample_243,beam,224,50.0,50.0,True,False,False
sample_243,beam,225,50.0,50.0,True,False,False
sample_243,beam,226,50.0,50.0,True,False,False
sample_243,beam,227,50.0,50.0,True,False,False
sample_243,beam,228,50.0,50.0,True,False,False
sample_243,beam,229,20.0,20.0,True,False,False
sample_243,beam,230,20.0,20.0,True,False,False
sample_243,beam,231,20.0,20.0,True,False,False
sample_243,beam,232,20.0,20.0,True,False,False
sample_243,beam,233,20.0,20.0,True,False,False
sample_243,beam,234,20.0,20.0,True,False,False
sample_243,beam,235,20.0,20.0,True,False,False
sample_243,beam,236,20.0,20.0,True,False,False
sample_243,beam,237,20.0,20.0,True,False,False
sample_243,beam,238,20.0,20.0,True,False,False
sample_243,beam,239,20.0,20.0,True,False,False
sample_243,beam,240,20.0,20.0,True,False,False
sample_243,beam,241,20.0,20.0,True,False,False
sample_243,beam,242,20.0,20.0,True,False,False
sample_243,beam,243,20.0,20.0,True,False,False
sample_243,beam,244,20.0,20.0,True,False,False
sample_243,beam,245,20.0,20.0,True,False,False
sample_243,beam,246,20.0,20.0,True,False,False
sample_243,beam,247,20.0,20.0,True,False,False
sample_243,beam,248,20.0,20.0,True,False,False
sample_243,beam,249,20.0,20.0,True,False,False
sample_243,beam,250,20.0,20.0,True,False,False
sample_243,beam,251,20.0,20.0,True,False,False
sample_243,beam,252,20.0,20.0,True,False,False
sample_243,beam,253,20.0,20.0,True,False,False
sample_243,beam,254,20.0,20.0,True,False,False
sample_243,beam,255,20.0,20.0,True,False,False
sample_243,beam,256,20.0,20.0,True,False,False
sample_243,beam,257,20.0,20.0,True,False,False
sample_243,beam,258,20.0,20.0,True,False,False
sample_243,beam,259,20.0,20.0,True,False,False
sample_243,beam,260,20.0,20.0,True,False,False
sample_243,beam,261,20.0,20.0,True,False,False
sample_243,beam,262,20.0,20.0,True,False,False
sample_243,beam,263,20.0,20.0,True,False,False
sample_243,beam,264,20.0,20.0,True,False,False
sample_243,beam,265,20.0,20.0,True,False,False
sample_243,beam,266,20.0,20.0,True,False,False
sample_243,beam,267,20.0,20.0,True,False,False
sample_243,beam,268,20.0,20.0,True,False,False
sample_243,beam,269,20.0,20.0,True,False,False
sample_243,beam,270,20.0,20.0,True,False,False
sample_243,beam,271,20.0,20.0,True,False,False
sample_243,beam,272,20.0,20.0,True,False,False
sample_243,beam,273,20.0,20.0,True,False,False
sample_243,beam,274,20.0,20.0,True,False,False
sample_243,beam,275,20.0,20.0,True,False,False
sample_243,beam,276,20.0,20.0,True,False,False
sample_243,beam,277,20.0,20.0,True,False,False
sample_243,beam,278,20.0,20.0,True,False,False
sample_243,beam,279,20.0,20.0,True,False,False
sample_243,beam,280,20.0,20.0,True,False,False
sample_243,beam,281,20.0,20.0,True,False,False
sample_243,beam,282,20.0,20.0,True,False,False
sample_243,beam,283,30.0,30.0,True,False,False
sample_243,beam,284,30.0,30.0,True,False,False
sample_243,beam,285,30.0,30.0,True,False,False
sample_243,beam,286,30.0,30.0,True,False,False
sample_243,beam,287,30.0,30.0,True,False,False
sample_243,beam,288,30.0,30.0,True,False,False
sample_243,column,0,50.0,50.0,True,False,False
sample_243,column,1,50.0,50.0,True,False,False
sample_243,column,2,50.0,50.0,True,False,False
sample_243,column,3,55.0,55.0,True,False,False
sample_243,column,4,55.0,55.0,True,False,False
sample_243,column,5,60.0,60.0,True,False,False
sample_243,column,6,50.0,50.0,True,False,False
sample_243,column,7,50.0,50.0,True,False,False
sample_243,column,8,50.0,50.0,True,False,False
sample_243,column,9,55.0,55.0,True,False,False
sample_243,column,10,55.0,55.0,True,False,False
sample_243,column,11,60.0,60.0,True,False,False
sample_243,column,12,50.0,50.0,True,False,False
sample_243,column,13,50.0,50.0,True,False,False
sample_243,column,14,50.0,50.0,True,False,False
sample_243,column,15,55.0,55.0,True,False,False
sample_243,column,16,55.0,55.0,True,False,False
sample_243,column,17,60.0,60.0,True,False,False
sample_243,column,18,50.0,50.0,True,False,False
sample_243,column,19,50.0,50.0,True,False,False
sample_243,column,20,50.0,50.0,True,False,False
sample_243,column,21,55.0,55.0,True,False,False
sample_243,column,22,55.0,55.0,True,False,False
sample_243,column,23,60.0,60.0,True,False,False
sample_243,column,24,50.0,50.0,True,False,False
sample_243,column,25,55.0,55.0,True,False,False
sample_243,column,26,60.0,60.0,True,False,False
sample_243,column,27,60.0,60.0,True,False,False
sample_243,column,28,60.0,60.0,True,False,False
sample_243,column,29,60.0,60.0,True,False,False
sample_243,column,30,50.0,50.0,True,False,False
sample_243,column,31,40.0,40.0,True,False,False
sample_243,column,32,50.0,50.0,True,False,False
sample_243,column,33,55.0,55.0,True,False,False
sample_243,column,34,55.0,55.0,True,False,False
sample_243,column,35,55.0,55.0,True,False,False
sample_243,column,36,60.0,60.0,True,False,False
sample_243,column,37,50.0,50.0,True,False,False
sample_243,column,38,40.0,40.0,True,False,False
sample_243,column,39,50.0,50.0,True,False,False
sample_243,column,40,55.0,55.0,True,False,False
sample_243,column,41,55.0,55.0,True,False,False
sample_243,column,42,55.0,55.0,True,False,False
sample_243,column,43,60.0,60.0,True,False,False
sample_243,column,44,50.0,50.0,True,False,False
sample_243,column,45,55.0,55.0,True,False,False
sample_243,column,46,60.0,60.0,True,False,False
sample_243,column,47,60.0,60.0,True,False,False
sample_243,column,48,60.0,60.0,True,False,False
sample_243,column,49,60.0,60.0,True,False,False
sample_243,column,50,50.0,50.0,True,False,False
sample_243,column,51,50.0,50.0,True,False,False
sample_243,column,52,55.0,55.0,True,False,False
sample_243,column,53,55.0,55.0,True,False,False
sample_243,column,54,60.0,60.0,True,False,False
sample_243,column,55,60.0,60.0,True,False,False
sample_243,column,56,50.0,50.0,True,False,False
sample_243,column,57,40.0,40.0,True,False,False
sample_243,column,58,50.0,50.0,True,False,False
sample_243,column,59,55.0,55.0,True,False,False
sample_243,column,60,55.0,55.0,True,False,False
sample_243,column,61,55.0,55.0,True,False,False
sample_243,column,62,60.0,60.0,True,False,False
sample_243,column,63,50.0,50.0,True,False,False
sample_243,column,64,40.0,40.0,True,False,False
sample_243,column,65,50.0,50.0,True,False,False
sample_243,column,66,55.0,55.0,True,False,False
sample_243,column,67,55.0,55.0,True,False,False
sample_243,column,68,55.0,55.0,True,False,False
sample_243,column,69,60.0,60.0,True,False,False
sample_243,column,70,50.0,50.0,True,False,False
sample_243,column,71,50.0,50.0,True,False,False
sample_243,column,72,55.0,55.0,True,False,False
sample_243,column,73,55.0,55.0,True,False,False
sample_243,column,74,60.0,60.0,True,False,False
sample_243,column,75,60.0,60.0,True,False,False
sample_92,beam,0,50.0,50.0,True,False,False
sample_92,beam,1,40.0,40.0,True,False,False
sample_92,beam,2,40.0,30.0,False,False,True
sample_92,beam,3,50.0,50.0,True,False,False
sample_92,beam,4,50.0,50.0,True,False,False
sample_92,beam,5,40.0,30.0,False,False,True
sample_92,beam,6,50.0,50.0,True,False,False
sample_92,beam,7,40.0,30.0,False,False,True
sample_92,beam,8,30.0,25.0,False,False,True
sample_92,beam,9,30.0,25.0,False,False,True
sample_92,beam,10,30.0,25.0,False,False,True
sample_92,beam,11,30.0,25.0,False,False,True
sample_92,beam,12,35.0,30.0,False,False,True
sample_92,beam,13,50.0,50.0,True,False,False
sample_92,beam,14,50.0,50.0,True,False,False
sample_92,beam,15,50.0,50.0,True,False,False
sample_92,beam,16,50.0,50.0,True,False,False
sample_92,beam,17,50.0,50.0,True,False,False
sample_92,beam,18,50.0,50.0,True,False,False
sample_92,beam,19,50.0,50.0,True,False,False
sample_92,beam,20,50.0,50.0,True,False,False
sample_92,beam,21,50.0,50.0,True,False,False
sample_92,beam,22,50.0,50.0,True,False,False
sample_92,beam,23,50.0,50.0,True,False,False
sample_92,beam,24,50.0,50.0,True,False,False
sample_92,beam,25,50.0,50.0,True,False,False
sample_92,beam,26,50.0,50.0,True,False,False
sample_92,beam,27,50.0,50.0,True,False,False
sample_92,beam,28,50.0,50.0,True,False,False
sample_92,beam,29,40.0,30.0,False,False,True
sample_92,beam,30,40.0,30.0,False,False,True
sample_92,beam,31,40.0,30.0,False,False,True
sample_92,beam,32,50.0,50.0,True,False,False
sample_92,beam,33,50.0,50.0,True,False,False
sample_92,beam,34,50.0,50.0,True,False,False
sample_92,beam,35,50.0,50.0,True,False,False
sample_92,beam,36,50.0,50.0,True,False,False
sample_92,beam,37,50.0,50.0,True,False,False
sample_92,beam,38,50.0,50.0,True,False,False
sample_92,beam,39,50.0,50.0,True,False,False
sample_92,beam,40,50.0,50.0,True,False,False
sample_92,beam,41,50.0,50.0,True,False,False
sample_92,beam,42,50.0,50.0,True,False,False
sample_92,beam,43,50.0,50.0,True,False,False
sample_92,beam,44,50.0,50.0,True,False,False
sample_92,beam,45,50.0,50.0,True,False,False
sample_92,beam,46,40.0,40.0,True,False,False
sample_92,beam,47,50.0,50.0,True,False,False
sample_92,beam,48,50.0,50.0,True,False,False
sample_92,beam,49,50.0,50.0,True,False,False
sample_92,beam,50,50.0,50.0,True,False,False
sample_92,beam,51,40.0,40.0,True,False,False
sample_92,beam,52,50.0,50.0,True,False,False
sample_92,beam,53,50.0,50.0,True,False,False
sample_92,beam,54,50.0,50.0,True,False,False
sample_92,beam,55,50.0,50.0,True,False,False
sample_92,beam,56,35.0,30.0,False,False,True
sample_92,beam,57,35.0,30.0,False,False,True
sample_92,beam,58,30.0,50.0,True,False,False
sample_92,beam,59,30.0,50.0,True,False,False
sample_92,beam,60,30.0,50.0,True,False,False
sample_92,beam,61,30.0,50.0,True,False,False
sample_92,beam,62,35.0,30.0,False,False,True
sample_92,beam,63,40.0,30.0,False,False,True
sample_92,beam,64,40.0,30.0,False,False,True
sample_92,beam,65,40.0,30.0,False,False,True
sample_92,beam,66,40.0,30.0,False,False,True
sample_92,beam,67,40.0,40.0,True,False,False
sample_92,beam,68,50.0,50.0,True,False,False
sample_92,beam,69,50.0,50.0,True,False,False
sample_92,beam,70,50.0,50.0,True,False,False
sample_92,beam,71,50.0,50.0,True,False,False
sample_92,beam,72,35.0,30.0,False,False,True
sample_92,beam,73,30.0,25.0,False,False,True
sample_92,beam,74,35.0,30.0,False,False,True
sample_92,beam,75,35.0,30.0,False,False,True
sample_92,beam,76,35.0,30.0,False,False,True
sample_92,beam,77,35.0,30.0,False,False,True
sample_92,beam,78,30.0,25.0,False,False,True
sample_92,beam,79,40.0,30.0,False,False,True
sample_92,beam,80,40.0,30.0,False,False,True
sample_92,beam,81,50.0,50.0,True,False,False
sample_92,beam,82,50.0,50.0,True,False,False
sample_92,beam,83,50.0,50.0,True,False,False
sample_92,beam,84,50.0,50.0,True,False,False
sample_92,beam,85,50.0,50.0,True,False,False
sample_92,beam,86,50.0,50.0,True,False,False
sample_92,beam,87,50.0,50.0,True,False,False
sample_92,beam,88,50.0,50.0,True,False,False
sample_92,beam,89,50.0,50.0,True,False,False
sample_92,beam,90,40.0,30.0,False,False,True
sample_92,beam,91,40.0,30.0,False,False,True
sample_92,beam,92,40.0,30.0,False,False,True
sample_92,beam,93,50.0,50.0,True,False,False
sample_92,beam,94,40.0,30.0,False,False,True
sample_92,beam,95,50.0,50.0,True,False,False
sample_92,beam,96,50.0,50.0,True,False,False
sample_92,beam,97,50.0,50.0,True,False,False
sample_92,beam,98,50.0,50.0,True,False,False
sample_92,beam,99,40.0,30.0,False,False,True
sample_92,beam,100,50.0,50.0,True,False,False
sample_92,beam,101,40.0,30.0,False,False,True
sample_92,beam,102,40.0,30.0,False,False,True
sample_92,beam,103,50.0,50.0,True,False,False
sample_92,beam,104,50.0,50.0,True,False,False
sample_92,beam,105,50.0,50.0,True,False,False
sample_92,beam,106,50.0,50.0,True,False,False
sample_92,beam,107,30.0,50.0,True,False,False
sample_92,beam,108,30.0,50.0,True,False,False
sample_92,beam,109,30.0,50.0,True,False,False
sample_92,beam,110,30.0,50.0,True,False,False
sample_92,column,0,50.0,50.0,True,False,False
sample_92,column,1,50.0,50.0,True,False,False
sample_92,column,2,50.0,50.0,True,False,False
sample_92,column,3,60.0,60.0,True,False,False
sample_92,column,4,60.0,60.0,True,False,False
sample_92,column,5,60.0,60.0,True,False,False
sample_92,column,6,60.0,60.0,True,False,False
sample_92,column,7,60.0,60.0,True,False,False
sample_92,column,8,60.0,60.0,True,False,False
sample_92,column,9,60.0,60.0,True,False,False
sample_92,column,10,60.0,60.0,True,False,False
sample_92,column,11,60.0,60.0,True,False,False
sample_92,column,12,60.0,60.0,True,False,False
sample_92,column,13,60.0,60.0,True,False,False
sample_92,column,14,60.0,60.0,True,False,False
sample_92,column,15,60.0,60.0,True,False,False
sample_92,column,16,60.0,60.0,True,False,False
sample_92,column,17,60.0,60.0,True,False,False
sample_92,column,18,60.0,60.0,True,False,False
sample_92,column,19,60.0,60.0,True,False,False
sample_92,column,20,50.0,50.0,True,False,False
sample_92,column,21,50.0,50.0,True,False,False
sample_92,column,22,50.0,50.0,True,False,False
sample_92,column,23,60.0,60.0,True,False,False
sample_92,column,24,50.0,50.0,True,False,False
sample_92,column,25,50.0,50.0,True,False,False
sample_92,column,26,50.0,50.0,True,False,False
sample_92,column,27,60.0,60.0,True,False,False
sample_92,column,28,40.0,40.0,True,False,False
sample_92,column,29,50.0,50.0,True,False,False
sample_92,column,30,60.0,60.0,True,False,False
sample_92,column,31,60.0,60.0,True,False,False
sample_92,column,32,60.0,60.0,True,False,False
sample_92,column,33,60.0,60.0,True,False,False
sample_92,column,34,50.0,50.0,True,False,False
sample_92,column,35,60.0,60.0,True,False,False
sample_92,column,36,60.0,60.0,True,False,False
sample_92,column,37,60.0,60.0,True,False,False
sample_92,column,38,60.0,60.0,True,False,False
sample_92,column,39,50.0,50.0,True,False,False
sample_92,column,40,50.0,50.0,True,False,False
sample_92,column,41,50.0,50.0,True,False,False
sample_92,column,42,50.0,50.0,True,False,False
sample_92,column,43,60.0,60.0,True,False,False
sample_92,column,44,40.0,40.0,True,False,False
sample_92,column,45,50.0,50.0,True,False,False
sample_92,column,46,50.0,50.0,True,False,False
sample_92,column,47,50.0,50.0,True,False,False
sample_92,column,48,50.0,50.0,True,False,False
sample_92,column,49,60.0,60.0,True,False,False
sample_92,column,50,40.0,40.0,True,False,False
sample_92,column,51,40.0,40.0,True,False,False
sample_92,column,52,50.0,50.0,True,False,False
sample_39,beam,0,10.0,10.0,True,True,False
sample_39,beam,1,10.0,10.0,True,True,False
sample_39,beam,2,10.0,10.0,True,True,False
sample_39,beam,3,10.0,10.0,True,True,False
sample_39,beam,4,30.0,25.0,False,False,True
sample_39,beam,5,30.0,25.0,False,False,True
sample_39,beam,6,10.0,10.0,True,True,False
sample_39,beam,7,10.0,10.0,True,True,False
sample_39,beam,8,40.0,40.0,True,False,False
sample_39,beam,9,40.0,40.0,True,False,False
sample_39,beam,10,40.0,40.0,True,False,False
sample_39,beam,11,10.0,10.0,True,True,False
sample_39,beam,12,30.0,25.0,False,False,True
sample_39,beam,13,30.0,25.0,False,False,True
sample_39,beam,14,45.0,40.0,False,False,True
sample_39,beam,15,45.0,40.0,False,False,True
sample_39,beam,16,50.0,40.0,False,False,True
sample_39,beam,17,50.0,40.0,False,False,True
sample_39,beam,18,55.0,40.0,False,False,True
sample_39,beam,19,50.0,40.0,False,False,True
sample_39,beam,20,45.0,40.0,False,False,True
sample_39,beam,21,45.0,40.0,False,False,True
sample_39,beam,22,50.0,40.0,False,False,True
sample_39,beam,23,50.0,40.0,False,False,True
sample_39,beam,24,55.0,40.0,False,False,True
sample_39,beam,25,50.0,40.0,False,False,True
sample_39,beam,26,45.0,40.0,False,False,True
sample_39,beam,27,45.0,40.0,False,False,True
sample_39,beam,28,50.0,40.0,False,False,True
sample_39,beam,29,50.0,40.0,False,False,True
sample_39,beam,30,55.0,40.0,False,False,True
sample_39,beam,31,50.0,40.0,False,False,True
sample_39,beam,32,45.0,40.0,False,False,True
sample_39,beam,33,45.0,40.0,False,False,True
sample_39,beam,34,50.0,40.0,False,False,True
sample_39,beam,35,50.0,40.0,False,False,True
sample_39,beam,36,55.0,40.0,False,False,True
sample_39,beam,37,50.0,40.0,False,False,True
sample_39,beam,38,45.0,50.0,True,False,False
sample_39,beam,39,45.0,50.0,True,False,False
sample_39,beam,40,50.0,50.0,True,False,False
sample_39,beam,41,50.0,50.0,True,False,False
sample_39,beam,42,55.0,50.0,False,False,True
sample_39,beam,43,50.0,50.0,True,False,False
sample_39,beam,44,45.0,50.0,True,False,False
sample_39,beam,45,45.0,50.0,True,False,False
sample_39,beam,46,50.0,50.0,True,False,False
sample_39,beam,47,50.0,50.0,True,False,False
sample_39,beam,48,55.0,50.0,False,False,True
sample_39,beam,49,50.0,50.0,True,False,False
sample_39,beam,50,45.0,50.0,True,False,False
sample_39,beam,51,45.0,50.0,True,False,False
sample_39,beam,52,50.0,50.0,True,False,False
sample_39,beam,53,50.0,50.0,True,False,False
sample_39,beam,54,55.0,50.0,False,False,True
sample_39,beam,55,50.0,50.0,True,False,False
sample_39,beam,56,45.0,50.0,True,False,False
sample_39,beam,57,45.0,50.0,True,False,False
sample_39,beam,58,50.0,50.0,True,False,False
sample_39,beam,59,50.0,50.0,True,False,False
sample_39,beam,60,55.0,50.0,False,False,True
sample_39,beam,61,50.0,50.0,True,False,False
sample_39,beam,62,45.0,50.0,True,False,False
sample_39,beam,63,45.0,50.0,True,False,False
sample_39,beam,64,50.0,50.0,True,False,False
sample_39,beam,65,50.0,50.0,True,False,False
sample_39,beam,66,55.0,50.0,False,False,True
sample_39,beam,67,50.0,50.0,True,False,False
sample_39,beam,68,45.0,50.0,True,False,False
sample_39,beam,69,45.0,50.0,True,False,False
sample_39,beam,70,50.0,50.0,True,False,False
sample_39,beam,71,50.0,50.0,True,False,False
sample_39,beam,72,55.0,50.0,False,False,True
sample_39,beam,73,50.0,50.0,True,False,False
sample_39,beam,74,45.0,50.0,True,False,False
sample_39,beam,75,45.0,50.0,True,False,False
sample_39,beam,76,50.0,50.0,True,False,False
sample_39,beam,77,50.0,50.0,True,False,False
sample_39,beam,78,55.0,50.0,False,False,True
sample_39,beam,79,50.0,50.0,True,False,False
sample_39,beam,80,45.0,50.0,True,False,False
sample_39,beam,81,45.0,50.0,True,False,False
sample_39,beam,82,50.0,50.0,True,False,False
sample_39,beam,83,50.0,50.0,True,False,False
sample_39,beam,84,55.0,50.0,False,False,True
sample_39,beam,85,50.0,50.0,True,False,False
sample_39,beam,86,45.0,50.0,True,False,False
sample_39,beam,87,45.0,50.0,True,False,False
sample_39,beam,88,50.0,50.0,True,False,False
sample_39,beam,89,50.0,50.0,True,False,False
sample_39,beam,90,55.0,50.0,False,False,True
sample_39,beam,91,50.0,50.0,True,False,False
sample_39,beam,92,45.0,50.0,True,False,False
sample_39,beam,93,45.0,50.0,True,False,False
sample_39,beam,94,50.0,50.0,True,False,False
sample_39,beam,95,50.0,50.0,True,False,False
sample_39,beam,96,55.0,50.0,False,False,True
sample_39,beam,97,50.0,50.0,True,False,False
sample_39,beam,98,45.0,50.0,True,False,False
sample_39,beam,99,45.0,50.0,True,False,False
sample_39,beam,100,50.0,50.0,True,False,False
sample_39,beam,101,50.0,50.0,True,False,False
sample_39,beam,102,55.0,50.0,False,False,True
sample_39,beam,103,50.0,50.0,True,False,False
sample_39,beam,104,45.0,50.0,True,False,False
sample_39,beam,105,45.0,50.0,True,False,False
sample_39,beam,106,50.0,50.0,True,False,False
sample_39,beam,107,50.0,50.0,True,False,False
sample_39,beam,108,55.0,50.0,False,False,True
sample_39,beam,109,50.0,50.0,True,False,False
sample_39,beam,110,45.0,50.0,True,False,False
sample_39,beam,111,45.0,50.0,True,False,False
sample_39,beam,112,50.0,50.0,True,False,False
sample_39,beam,113,50.0,50.0,True,False,False
sample_39,beam,114,55.0,50.0,False,False,True
sample_39,beam,115,50.0,50.0,True,False,False
sample_39,beam,116,45.0,50.0,True,False,False
sample_39,beam,117,45.0,50.0,True,False,False
sample_39,beam,118,50.0,50.0,True,False,False
sample_39,beam,119,50.0,50.0,True,False,False
sample_39,beam,120,55.0,50.0,False,False,True
sample_39,beam,121,50.0,50.0,True,False,False
sample_39,beam,122,40.0,40.0,True,False,False
sample_39,beam,123,45.0,40.0,False,False,True
sample_39,beam,124,45.0,40.0,False,False,True
sample_39,beam,125,50.0,40.0,False,False,True
sample_39,beam,126,50.0,40.0,False,False,True
sample_39,beam,127,55.0,40.0,False,False,True
sample_39,beam,128,50.0,40.0,False,False,True
sample_39,beam,129,45.0,50.0,True,False,False
sample_39,beam,130,45.0,50.0,True,False,False
sample_39,beam,131,50.0,50.0,True,False,False
sample_39,beam,132,50.0,50.0,True,False,False
sample_39,beam,133,55.0,50.0,False,False,True
sample_39,beam,134,50.0,50.0,True,False,False
sample_39,beam,135,45.0,50.0,True,False,False
sample_39,beam,136,45.0,50.0,True,False,False
sample_39,beam,137,50.0,50.0,True,False,False
sample_39,beam,138,50.0,50.0,True,False,False
sample_39,beam,139,55.0,50.0,False,False,True
sample_39,beam,140,50.0,50.0,True,False,False
sample_39,beam,141,40.0,40.0,True,False,False
sample_39,beam,142,30.0,30.0,True,False,False
sample_39,beam,143,30.0,30.0,True,False,False
sample_39,beam,144,30.0,30.0,True,False,False
sample_39,beam,145,30.0,30.0,True,False,False
sample_39,beam,146,30.0,30.0,True,False,False
sample_39,beam,147,45.0,50.0,True,False,False
sample_39,beam,148,45.0,50.0,True,False,False
sample_39,beam,149,50.0,50.0,True,False,False
sample_39,beam,150,50.0,50.0,True,False,False
sample_39,beam,151,55.0,50.0,False,False,True
sample_39,beam,152,45.0,50.0,True,False,False
sample_39,beam,153,45.0,50.0,True,False,False
sample_39,beam,154,50.0,50.0,True,False,False
sample_39,beam,155,50.0,50.0,True,False,False
sample_39,beam,156,55.0,50.0,False,False,True
sample_39,beam,157,45.0,50.0,True,False,False
sample_39,beam,158,45.0,50.0,True,False,False
sample_39,beam,159,50.0,50.0,True,False,False
sample_39,beam,160,50.0,50.0,True,False,False
sample_39,beam,161,55.0,50.0,False,False,True
sample_39,beam,162,45.0,50.0,True,False,False
sample_39,beam,163,45.0,50.0,True,False,False
sample_39,beam,164,50.0,50.0,True,False,False
sample_39,beam,165,50.0,50.0,True,False,False
sample_39,beam,166,55.0,50.0,False,False,True
sample_39,beam,167,45.0,50.0,True,False,False
sample_39,beam,168,45.0,50.0,True,False,False
sample_39,beam,169,50.0,50.0,True,False,False
sample_39,beam,170,50.0,50.0,True,False,False
sample_39,beam,171,55.0,50.0,False,False,True
sample_39,beam,172,30.0,25.0,False,False,True
sample_39,beam,173,30.0,25.0,False,False,True
sample_39,beam,174,30.0,25.0,False,False,True
sample_39,beam,175,30.0,25.0,False,False,True
sample_39,beam,176,30.0,25.0,False,False,True
sample_39,beam,177,30.0,25.0,False,False,True
sample_39,beam,178,30.0,25.0,False,False,True
sample_39,beam,179,30.0,25.0,False,False,True
sample_39,beam,180,30.0,25.0,False,False,True
sample_39,beam,181,30.0,25.0,False,False,True
sample_39,beam,182,30.0,25.0,False,False,True
sample_39,beam,183,30.0,25.0,False,False,True
sample_39,beam,184,30.0,25.0,False,False,True
sample_39,beam,185,30.0,25.0,False,False,True
sample_39,beam,186,30.0,25.0,False,False,True
sample_39,beam,187,30.0,25.0,False,False,True
sample_39,beam,188,30.0,25.0,False,False,True
sample_39,beam,189,30.0,25.0,False,False,True
sample_39,beam,190,30.0,25.0,False,False,True
sample_39,beam,191,30.0,25.0,False,False,True
sample_39,beam,192,45.0,50.0,True,False,False
sample_39,beam,193,45.0,50.0,True,False,False
sample_39,beam,194,50.0,50.0,True,False,False
sample_39,beam,195,50.0,50.0,True,False,False
sample_39,beam,196,55.0,50.0,False,False,True
sample_39,beam,197,50.0,50.0,True,False,False
sample_39,column,0,50.0,50.0,True,False,False
sample_39,column,1,50.0,50.0,True,False,False
sample_39,column,2,50.0,50.0,True,False,False
sample_39,column,3,55.0,50.0,False,False,True
sample_39,column,4,60.0,50.0,False,False,True
sample_39,column,5,60.0,50.0,False,False,True
sample_39,column,6,50.0,50.0,True,False,False
sample_39,column,7,50.0,50.0,True,False,False
sample_39,column,8,50.0,50.0,True,False,False
sample_39,column,9,55.0,50.0,False,False,True
sample_39,column,10,60.0,50.0,False,False,True
sample_39,column,11,60.0,50.0,False,False,True
sample_39,column,12,40.0,40.0,True,False,False
sample_39,column,13,40.0,40.0,True,False,False
sample_39,column,14,50.0,50.0,True,False,False
sample_39,column,15,50.0,50.0,True,False,False
sample_39,column,16,50.0,50.0,True,False,False
sample_39,column,17,55.0,50.0,False,False,True
sample_39,column,18,60.0,50.0,False,False,True
sample_39,column,19,60.0,50.0,False,False,True
sample_39,column,20,50.0,50.0,True,False,False
sample_39,column,21,50.0,50.0,True,False,False
sample_39,column,22,50.0,50.0,True,False,False
sample_39,column,23,55.0,50.0,False,False,True
sample_39,column,24,60.0,50.0,False,False,True
sample_39,column,25,60.0,50.0,False,False,True
sample_39,column,26,50.0,50.0,True,False,False
sample_39,column,27,50.0,50.0,True,False,False
sample_39,column,28,50.0,50.0,True,False,False
sample_39,column,29,55.0,50.0,False,False,True
sample_39,column,30,60.0,50.0,False,False,True
sample_39,column,31,60.0,50.0,False,False,True
sample_39,column,32,50.0,50.0,True,False,False
sample_39,column,33,50.0,50.0,True,False,False
sample_39,column,34,50.0,50.0,True,False,False
sample_39,column,35,55.0,50.0,False,False,True
sample_39,column,36,60.0,50.0,False,False,True
sample_39,column,37,60.0,50.0,False,False,True
sample_39,column,38,50.0,50.0,True,False,False
sample_39,column,39,50.0,50.0,True,False,False
sample_39,column,40,50.0,50.0,True,False,False
sample_39,column,41,55.0,50.0,False,False,True
sample_39,column,42,60.0,50.0,False,False,True
sample_39,column,43,60.0,50.0,False,False,True
sample_39,column,44,50.0,50.0,True,False,False
sample_39,column,45,50.0,50.0,True,False,False
sample_39,column,46,50.0,50.0,True,False,False
sample_39,column,47,55.0,50.0,False,False,True
sample_39,column,48,60.0,50.0,False,False,True
sample_39,column,49,60.0,50.0,False,False,True
sample_39,column,50,50.0,50.0,True,False,False
sample_39,column,51,50.0,50.0,True,False,False
sample_39,column,52,50.0,50.0,True,False,False
sample_39,column,53,50.0,50.0,True,False,False
sample_39,column,54,55.0,50.0,False,False,True
sample_39,column,55,60.0,50.0,False,False,True
sample_39,column,56,60.0,50.0,False,False,True
sample_39,column,57,50.0,50.0,True,False,False
sample_39,column,58,50.0,50.0,True,False,False
sample_39,column,59,50.0,50.0,True,False,False
sample_39,column,60,55.0,50.0,False,False,True
sample_39,column,61,60.0,50.0,False,False,True
sample_39,column,62,60.0,50.0,False,False,True
sample_39,column,63,50.0,50.0,True,False,False
sample_39,column,64,50.0,50.0,True,False,False
sample_39,column,65,50.0,50.0,True,False,False
sample_39,column,66,55.0,50.0,False,False,True
sample_39,column,67,60.0,50.0,False,False,True
sample_39,column,68,60.0,50.0,False,False,True
sample_39,column,69,50.0,50.0,True,False,False
sample_39,column,70,50.0,50.0,True,False,False
sample_39,column,71,50.0,50.0,True,False,False
sample_39,column,72,55.0,50.0,False,False,True
sample_39,column,73,60.0,50.0,False,False,True
sample_39,column,74,60.0,50.0,False,False,True
sample_39,column,75,50.0,50.0,True,False,False
sample_39,column,76,50.0,50.0,True,False,False
sample_39,column,77,50.0,50.0,True,False,False
sample_39,column,78,55.0,50.0,False,False,True
sample_39,column,79,60.0,50.0,False,False,True
sample_39,column,80,60.0,50.0,False,False,True
sample_39,column,81,50.0,50.0,True,False,False
sample_39,column,82,50.0,50.0,True,False,False
sample_39,column,83,50.0,50.0,True,False,False
sample_39,column,84,55.0,50.0,False,False,True
sample_39,column,85,60.0,50.0,False,False,True
sample_39,column,86,60.0,50.0,False,False,True
sample_39,column,87,50.0,50.0,True,False,False
sample_39,column,88,50.0,50.0,True,False,False
sample_39,column,89,50.0,50.0,True,False,False
sample_39,column,90,50.0,50.0,True,False,False
sample_39,column,91,55.0,50.0,False,False,True
sample_39,column,92,60.0,50.0,False,False,True
sample_39,column,93,60.0,50.0,False,False,True
sample_42,beam,0,50.0,50.0,True,False,False
sample_42,beam,1,50.0,50.0,True,False,False
sample_42,beam,2,50.0,50.0,True,False,False
sample_42,beam,3,50.0,50.0,True,False,False
sample_42,beam,4,50.0,50.0,True,False,False
sample_42,beam,5,60.0,50.0,False,False,True
sample_42,beam,6,50.0,50.0,True,False,False
sample_42,beam,7,50.0,50.0,True,False,False
sample_42,beam,8,50.0,50.0,True,False,False
sample_42,beam,9,50.0,50.0,True,False,False
sample_42,beam,10,50.0,50.0,True,False,False
sample_42,beam,11,50.0,50.0,True,False,False
sample_42,beam,12,60.0,50.0,False,False,True
sample_42,beam,13,50.0,50.0,True,False,False
sample_42,beam,14,50.0,50.0,True,False,False
sample_42,beam,15,50.0,50.0,True,False,False
sample_42,beam,16,50.0,50.0,True,False,False
sample_42,beam,17,50.0,50.0,True,False,False
sample_42,beam,18,50.0,50.0,True,False,False
sample_42,beam,19,60.0,50.0,False,False,True
sample_42,beam,20,50.0,50.0,True,False,False
sample_42,beam,21,50.0,50.0,True,False,False
sample_42,beam,22,50.0,50.0,True,False,False
sample_42,beam,23,50.0,50.0,True,False,False
sample_42,beam,24,50.0,50.0,True,False,False
sample_42,beam,25,50.0,50.0,True,False,False
sample_42,beam,26,60.0,50.0,False,False,True
sample_42,beam,27,50.0,50.0,True,False,False
sample_42,beam,28,50.0,50.0,True,False,False
sample_42,beam,29,50.0,50.0,True,False,False
sample_42,beam,30,50.0,50.0,True,False,False
sample_42,beam,31,50.0,50.0,True,False,False
sample_42,beam,32,50.0,50.0,True,False,False
sample_42,beam,33,60.0,50.0,False,False,True
sample_42,beam,34,50.0,50.0,True,False,False
sample_42,beam,35,50.0,50.0,True,False,False
sample_42,beam,36,50.0,50.0,True,False,False
sample_42,beam,37,50.0,50.0,True,False,False
sample_42,beam,38,50.0,50.0,True,False,False
sample_42,beam,39,50.0,50.0,True,False,False
sample_42,beam,40,60.0,50.0,False,False,True
sample_42,beam,41,50.0,50.0,True,False,False
sample_42,beam,42,60.0,50.0,False,False,True
sample_42,beam,43,60.0,50.0,False,False,True
sample_42,beam,44,60.0,50.0,False,False,True
sample_42,beam,45,60.0,50.0,False,False,True
sample_42,beam,46,60.0,50.0,False,False,True
sample_42,beam,47,60.0,50.0,False,False,True
sample_42,beam,48,60.0,50.0,False,False,True
sample_42,beam,49,60.0,50.0,False,False,True
sample_42,beam,50,60.0,50.0,False,False,True
sample_42,beam,51,45.0,30.0,False,False,True
sample_42,beam,52,45.0,30.0,False,False,True
sample_42,beam,53,60.0,50.0,False,False,True
sample_42,beam,54,60.0,50.0,False,False,True
sample_42,beam,55,60.0,50.0,False,False,True
sample_42,beam,56,60.0,50.0,False,False,True
sample_42,beam,57,60.0,50.0,False,False,True
sample_42,beam,58,60.0,50.0,False,False,True
sample_42,beam,59,60.0,50.0,False,False,True
sample_42,beam,60,60.0,50.0,False,False,True
sample_42,beam,61,60.0,50.0,False,False,True
sample_42,beam,62,60.0,50.0,False,False,True
sample_42,beam,63,60.0,50.0,False,False,True
sample_42,beam,64,60.0,50.0,False,False,True
sample_42,beam,65,60.0,50.0,False,False,True
sample_42,beam,66,60.0,50.0,False,False,True
sample_42,beam,67,60.0,50.0,False,False,True
sample_42,beam,68,60.0,50.0,False,False,True
sample_42,beam,69,60.0,50.0,False,False,True
sample_42,beam,70,60.0,50.0,False,False,True
sample_42,beam,71,50.0,50.0,True,False,False
sample_42,beam,72,60.0,50.0,False,False,True
sample_42,beam,73,60.0,50.0,False,False,True
sample_42,beam,74,60.0,50.0,False,False,True
sample_42,beam,75,60.0,50.0,False,False,True
sample_42,beam,76,60.0,50.0,False,False,True
sample_42,beam,77,60.0,50.0,False,False,True
sample_42,beam,78,50.0,50.0,True,False,False
sample_42,beam,79,50.0,50.0,True,False,False
sample_42,beam,80,50.0,50.0,True,False,False
sample_42,beam,81,50.0,50.0,True,False,False
sample_42,beam,82,50.0,50.0,True,False,False
sample_42,beam,83,60.0,50.0,False,False,True
sample_42,beam,84,50.0,50.0,True,False,False
sample_42,beam,85,50.0,50.0,True,False,False
sample_42,beam,86,50.0,50.0,True,False,False
sample_42,beam,87,50.0,50.0,True,False,False
sample_42,beam,88,50.0,50.0,True,False,False
sample_42,beam,89,50.0,50.0,True,False,False
sample_42,beam,90,60.0,50.0,False,False,True
sample_42,beam,91,50.0,50.0,True,False,False
sample_42,beam,92,50.0,50.0,True,False,False
sample_42,beam,93,50.0,50.0,True,False,False
sample_42,beam,94,50.0,50.0,True,False,False
sample_42,beam,95,50.0,50.0,True,False,False
sample_42,beam,96,50.0,50.0,True,False,False
sample_42,beam,97,60.0,50.0,False,False,True
sample_42,beam,98,50.0,50.0,True,False,False
sample_42,beam,99,50.0,50.0,True,False,False
sample_42,beam,100,50.0,50.0,True,False,False
sample_42,beam,101,50.0,50.0,True,False,False
sample_42,beam,102,50.0,50.0,True,False,False
sample_42,beam,103,50.0,50.0,True,False,False
sample_42,beam,104,60.0,50.0,False,False,True
sample_42,beam,105,50.0,50.0,True,False,False
sample_42,beam,106,50.0,50.0,True,False,False
sample_42,beam,107,50.0,50.0,True,False,False
sample_42,beam,108,50.0,50.0,True,False,False
sample_42,beam,109,50.0,50.0,True,False,False
sample_42,beam,110,50.0,50.0,True,False,False
sample_42,beam,111,60.0,50.0,False,False,True
sample_42,beam,112,50.0,50.0,True,False,False
sample_42,beam,113,45.0,30.0,False,False,True
sample_42,beam,114,45.0,30.0,False,False,True
sample_42,beam,115,45.0,30.0,False,False,True
sample_42,beam,116,45.0,30.0,False,False,True
sample_42,beam,117,45.0,30.0,False,False,True
sample_42,beam,118,45.0,30.0,False,False,True
sample_42,beam,119,45.0,30.0,False,False,True
sample_42,beam,120,45.0,30.0,False,False,True
sample_42,beam,121,45.0,30.0,False,False,True
sample_42,beam,122,45.0,30.0,False,False,True
sample_42,beam,123,45.0,30.0,False,False,True
sample_42,beam,124,60.0,50.0,False,False,True
sample_42,beam,125,50.0,50.0,True,False,False
sample_42,beam,126,50.0,50.0,True,False,False
sample_42,beam,127,50.0,50.0,True,False,False
sample_42,beam,128,50.0,50.0,True,False,False
sample_42,beam,129,50.0,50.0,True,False,False
sample_42,beam,130,60.0,50.0,False,False,True
sample_42,beam,131,50.0,50.0,True,False,False
sample_42,beam,132,50.0,50.0,True,False,False
sample_42,beam,133,50.0,50.0,True,False,False
sample_42,beam,134,50.0,50.0,True,False,False
sample_42,beam,135,50.0,50.0,True,False,False
sample_42,beam,136,60.0,50.0,False,False,True
sample_42,beam,137,60.0,50.0,False,False,True
sample_42,beam,138,50.0,50.0,True,False,False
sample_42,beam,139,50.0,50.0,True,False,False
sample_42,beam,140,50.0,50.0,True,False,False
sample_42,beam,141,50.0,50.0,True,False,False
sample_42,beam,142,50.0,50.0,True,False,False
sample_42,beam,143,60.0,50.0,False,False,True
sample_42,beam,144,60.0,50.0,False,False,True
sample_42,beam,145,40.0,30.0,False,False,True
sample_42,beam,146,40.0,30.0,False,False,True
sample_42,beam,147,40.0,30.0,False,False,True
sample_42,beam,148,40.0,30.0,False,False,True
sample_42,beam,149,40.0,30.0,False,False,True
sample_42,beam,150,40.0,30.0,False,False,True
sample_42,beam,151,40.0,30.0,False,False,True
sample_42,beam,152,40.0,30.0,False,False,True
sample_42,beam,153,40.0,30.0,False,False,True
sample_42,beam,154,40.0,30.0,False,False,True
sample_42,beam,155,40.0,30.0,False,False,True
sample_42,beam,156,40.0,30.0,False,False,True
sample_42,beam,157,60.0,50.0,False,False,True
sample_42,beam,158,45.0,30.0,False,False,True
sample_42,beam,159,50.0,40.0,False,False,True
sample_42,beam,160,40.0,30.0,False,False,True
sample_42,beam,161,50.0,50.0,True,False,False
sample_42,beam,162,50.0,50.0,True,False,False
sample_42,beam,163,60.0,50.0,False,False,True
sample_42,beam,164,50.0,50.0,True,False,False
sample_42,beam,165,50.0,50.0,True,False,False
sample_42,beam,166,50.0,50.0,True,False,False
sample_42,beam,167,50.0,50.0,True,False,False
sample_42,beam,168,50.0,50.0,True,False,False
sample_42,beam,169,60.0,50.0,False,False,True
sample_42,beam,170,50.0,30.0,False,False,True
sample_42,beam,171,50.0,30.0,False,False,True
sample_42,beam,172,50.0,30.0,False,False,True
sample_42,beam,173,50.0,30.0,False,False,True
sample_42,beam,174,50.0,30.0,False,False,True
sample_42,beam,175,50.0,30.0,False,False,True
sample_42,beam,176,60.0,50.0,False,False,True
sample_42,beam,177,50.0,40.0,False,False,True
sample_42,beam,178,50.0,40.0,False,False,True
sample_42,beam,179,60.0,50.0,False,False,True
sample_42,beam,180,40.0,30.0,False,False,True
sample_42,beam,181,60.0,50.0,False,False,True
sample_42,beam,182,60.0,50.0,False,False,True
sample_42,beam,183,50.0,50.0,True,False,False
sample_42,beam,184,50.0,40.0,False,False,True
sample_42,column,0,50.0,50.0,True,False,False
sample_42,column,1,50.0,50.0,True,False,False
sample_42,column,2,50.0,50.0,True,False,False
sample_42,column,3,50.0,50.0,True,False,False
sample_42,column,4,50.0,50.0,True,False,False
sample_42,column,5,50.0,50.0,True,False,False
sample_42,column,6,50.0,50.0,True,False,False
sample_42,column,7,50.0,50.0,True,False,False
sample_42,column,8,50.0,50.0,True,False,False
sample_42,column,9,50.0,50.0,True,False,False
sample_42,column,10,50.0,50.0,True,False,False
sample_42,column,11,50.0,50.0,True,False,False
sample_42,column,12,50.0,50.0,True,False,False
sample_42,column,13,50.0,50.0,True,False,False
sample_42,column,14,50.0,50.0,True,False,False
sample_42,column,15,50.0,50.0,True,False,False
sample_42,column,16,50.0,50.0,True,False,False
sample_42,column,17,50.0,50.0,True,False,False
sample_42,column,18,50.0,50.0,True,False,False
sample_42,column,19,50.0,50.0,True,False,False
sample_42,column,20,50.0,50.0,True,False,False
sample_42,column,21,60.0,50.0,False,False,True
sample_42,column,22,60.0,50.0,False,False,True
sample_42,column,23,60.0,50.0,False,False,True
sample_42,column,24,60.0,50.0,False,False,True
sample_42,column,25,60.0,50.0,False,False,True
sample_42,column,26,60.0,50.0,False,False,True
sample_42,column,27,60.0,50.0,False,False,True
sample_42,column,28,60.0,50.0,False,False,True
sample_42,column,29,60.0,50.0,False,False,True
sample_42,column,30,60.0,50.0,False,False,True
sample_42,column,31,60.0,50.0,False,False,True
sample_42,column,32,60.0,50.0,False,False,True
sample_42,column,33,65.0,50.0,False,False,True
sample_42,column,34,65.0,50.0,False,False,True
sample_42,column,35,60.0,50.0,False,False,True
sample_42,column,36,60.0,50.0,False,False,True
sample_42,column,37,60.0,50.0,False,False,True
sample_42,column,38,60.0,50.0,False,False,True
sample_42,column,39,60.0,50.0,False,False,True
sample_42,column,40,60.0,50.0,False,False,True
sample_42,column,41,60.0,50.0,False,False,True
sample_42,column,42,60.0,50.0,False,False,True
sample_42,column,43,60.0,50.0,False,False,True
sample_42,column,44,60.0,50.0,False,False,True
sample_42,column,45,60.0,50.0,False,False,True
sample_42,column,46,60.0,50.0,False,False,True
sample_42,column,47,60.0,50.0,False,False,True
sample_42,column,48,60.0,50.0,False,False,True
sample_42,column,49,60.0,50.0,False,False,True
sample_42,column,50,60.0,50.0,False,False,True
sample_42,column,51,60.0,50.0,False,False,True
sample_42,column,52,60.0,50.0,False,False,True
sample_42,column,53,60.0,50.0,False,False,True
sample_42,column,54,65.0,50.0,False,False,True
sample_42,column,55,65.0,50.0,False,False,True
sample_42,column,56,60.0,50.0,False,False,True
sample_42,column,57,60.0,50.0,False,False,True
sample_42,column,58,60.0,50.0,False,False,True
sample_42,column,59,60.0,50.0,False,False,True
sample_42,column,60,60.0,50.0,False,False,True
sample_42,column,61,60.0,50.0,False,False,True
sample_42,column,62,60.0,50.0,False,False,True
sample_42,column,63,50.0,50.0,True,False,False
sample_42,column,64,50.0,50.0,True,False,False
sample_42,column,65,50.0,50.0,True,False,False
sample_42,column,66,50.0,50.0,True,False,False
sample_42,column,67,50.0,50.0,True,False,False
sample_42,column,68,50.0,50.0,True,False,False
sample_42,column,69,50.0,50.0,True,False,False
sample_42,column,70,50.0,50.0,True,False,False
sample_42,column,71,50.0,50.0,True,False,False
sample_42,column,72,50.0,50.0,True,False,False
sample_42,column,73,50.0,50.0,True,False,False
sample_42,column,74,50.0,50.0,True,False,False
sample_42,column,75,50.0,50.0,True,False,False
sample_42,column,76,50.0,50.0,True,False,False
sample_42,column,77,50.0,50.0,True,False,False
sample_42,column,78,50.0,50.0,True,False,False
sample_42,column,79,50.0,50.0,True,False,False
sample_42,column,80,50.0,50.0,True,False,False
sample_42,column,81,50.0,50.0,True,False,False
sample_42,column,82,50.0,50.0,True,False,False
sample_42,column,83,50.0,50.0,True,False,False
sample_42,column,84,50.0,50.0,True,False,False
sample_42,column,85,50.0,50.0,True,False,False
sample_42,column,86,50.0,50.0,True,False,False
sample_42,column,87,50.0,50.0,True,False,False
sample_42,column,88,50.0,50.0,True,False,False
sample_42,column,89,50.0,50.0,True,False,False
sample_42,column,90,50.0,50.0,True,False,False
sample_42,column,91,50.0,50.0,True,False,False
sample_42,column,92,50.0,50.0,True,False,False
sample_42,column,93,50.0,50.0,True,False,False
sample_42,column,94,50.0,50.0,True,False,False
sample_42,column,95,50.0,50.0,True,False,False
sample_42,column,96,50.0,50.0,True,False,False
sample_215,beam,0,40.0,30.0,False,False,True
sample_215,beam,1,45.0,40.0,False,False,True
sample_215,beam,2,45.0,40.0,False,False,True
sample_215,beam,3,45.0,40.0,False,False,True
sample_215,beam,4,40.0,30.0,False,False,True
sample_215,beam,5,40.0,30.0,False,False,True
sample_215,beam,6,45.0,40.0,False,False,True
sample_215,beam,7,45.0,40.0,False,False,True
sample_215,beam,8,45.0,40.0,False,False,True
sample_215,beam,9,45.0,40.0,False,False,True
sample_215,beam,10,50.0,40.0,False,False,True
sample_215,beam,11,50.0,40.0,False,False,True
sample_215,beam,12,50.0,40.0,False,False,True
sample_215,beam,13,45.0,40.0,False,False,True
sample_215,beam,14,45.0,40.0,False,False,True
sample_215,beam,15,45.0,40.0,False,False,True
sample_215,beam,16,45.0,40.0,False,False,True
sample_215,beam,17,45.0,40.0,False,False,True
sample_215,beam,18,50.0,40.0,False,False,True
sample_215,beam,19,50.0,40.0,False,False,True
sample_215,beam,20,50.0,40.0,False,False,True
sample_215,beam,21,45.0,40.0,False,False,True
sample_215,beam,22,45.0,40.0,False,False,True
sample_215,beam,23,45.0,40.0,False,False,True
sample_215,beam,24,40.0,30.0,False,False,True
sample_215,beam,25,45.0,40.0,False,False,True
sample_215,beam,26,45.0,40.0,False,False,True
sample_215,beam,27,45.0,40.0,False,False,True
sample_215,beam,28,30.0,30.0,True,False,False
sample_215,beam,29,30.0,30.0,True,False,False
sample_215,beam,30,30.0,30.0,True,False,False
sample_215,column,0,40.0,40.0,True,False,False
sample_215,column,1,45.0,45.0,True,False,False
sample_215,column,2,45.0,45.0,True,False,False
sample_215,column,3,45.0,45.0,True,False,False
sample_215,column,4,45.0,45.0,True,False,False
sample_215,column,5,45.0,45.0,True,False,False
sample_215,column,6,45.0,45.0,True,False,False
sample_215,column,7,45.0,45.0,True,False,False
sample_215,column,8,45.0,45.0,True,False,False
sample_215,column,9,45.0,45.0,True,False,False
sample_215,column,10,40.0,40.0,True,False,False
sample_215,column,11,45.0,45.0,True,False,False
sample_215,column,12,45.0,45.0,True,False,False
sample_215,column,13,45.0,45.0,True,False,False
sample_215,column,14,45.0,45.0,True,False,False
sample_215,column,15,45.0,45.0,True,False,False
sample_215,column,16,45.0,45.0,True,False,False
sample_215,column,17,45.0,45.0,True,False,False
sample_215,column,18,45.0,45.0,True,False,False
sample_215,column,19,45.0,45.0,True,False,False
sample_215,column,20,40.0,40.0,True,False,False
sample_215,column,21,40.0,40.0,True,False,False
sample_132,beam,0,50.0,45.0,False,False,True
sample_132,beam,1,50.0,45.0,False,False,True
sample_132,beam,2,50.0,45.0,False,False,True
sample_132,beam,3,50.0,45.0,False,False,True
sample_132,beam,4,50.0,45.0,False,False,True
sample_132,beam,5,45.0,45.0,True,False,False
sample_132,beam,6,50.0,45.0,False,False,True
sample_132,beam,7,45.0,45.0,True,False,False
sample_132,beam,8,50.0,45.0,False,False,True
sample_132,beam,9,45.0,45.0,True,False,False
sample_132,beam,10,50.0,45.0,False,False,True
sample_132,beam,11,45.0,45.0,True,False,False
sample_132,beam,12,45.0,45.0,True,False,False
sample_132,beam,13,45.0,45.0,True,False,False
sample_132,beam,14,45.0,45.0,True,False,False
sample_132,beam,15,45.0,45.0,True,False,False
sample_132,beam,16,45.0,45.0,True,False,False
sample_132,beam,17,45.0,45.0,True,False,False
sample_132,beam,18,45.0,45.0,True,False,False
sample_132,beam,19,45.0,45.0,True,False,False
sample_132,beam,20,45.0,35.0,False,False,True
sample_132,beam,21,45.0,35.0,False,False,True
sample_132,beam,22,45.0,35.0,False,False,True
sample_132,beam,23,45.0,35.0,False,False,True
sample_132,beam,24,45.0,45.0,True,False,False
sample_132,beam,25,45.0,45.0,True,False,False
sample_132,beam,26,45.0,45.0,True,False,False
sample_132,beam,27,45.0,45.0,True,False,False
sample_132,beam,28,45.0,45.0,True,False,False
sample_132,beam,29,45.0,45.0,True,False,False
sample_132,beam,30,45.0,45.0,True,False,False
sample_132,beam,31,45.0,45.0,True,False,False
sample_132,beam,32,45.0,45.0,True,False,False
sample_132,beam,33,45.0,45.0,True,False,False
sample_132,beam,34,45.0,45.0,True,False,False
sample_132,beam,35,45.0,45.0,True,False,False
sample_132,beam,36,45.0,45.0,True,False,False
sample_132,beam,37,45.0,45.0,True,False,False
sample_132,beam,38,45.0,45.0,True,False,False
sample_132,beam,39,45.0,45.0,True,False,False
sample_132,beam,40,45.0,45.0,True,False,False
sample_132,beam,41,45.0,45.0,True,False,False
sample_132,beam,42,45.0,45.0,True,False,False
sample_132,beam,43,45.0,45.0,True,False,False
sample_132,beam,44,45.0,45.0,True,False,False
sample_132,beam,45,45.0,45.0,True,False,False
sample_132,beam,46,45.0,45.0,True,False,False
sample_132,beam,47,45.0,45.0,True,False,False
sample_132,beam,48,45.0,45.0,True,False,False
sample_132,beam,49,45.0,45.0,True,False,False
sample_132,beam,50,45.0,45.0,True,False,False
sample_132,beam,51,45.0,45.0,True,False,False
sample_132,beam,52,45.0,45.0,True,False,False
sample_132,beam,53,45.0,45.0,True,False,False
sample_132,beam,54,45.0,45.0,True,False,False
sample_132,beam,55,45.0,45.0,True,False,False
sample_132,beam,56,45.0,45.0,True,False,False
sample_132,beam,57,45.0,45.0,True,False,False
sample_132,beam,58,45.0,45.0,True,False,False
sample_132,beam,59,45.0,45.0,True,False,False
sample_132,beam,60,45.0,30.0,False,False,True
sample_132,beam,61,45.0,30.0,False,False,True
sample_132,beam,62,45.0,30.0,False,False,True
sample_132,beam,63,45.0,30.0,False,False,True
sample_132,beam,64,35.0,30.0,False,False,True
sample_132,beam,65,35.0,30.0,False,False,True
sample_132,beam,66,35.0,30.0,False,False,True
sample_132,beam,67,35.0,30.0,False,False,True
sample_132,beam,68,35.0,30.0,False,False,True
sample_132,beam,69,35.0,30.0,False,False,True
sample_132,beam,70,35.0,30.0,False,False,True
sample_132,beam,71,35.0,30.0,False,False,True
sample_132,beam,72,40.0,30.0,False,False,True
sample_132,beam,73,40.0,30.0,False,False,True
sample_132,beam,74,40.0,30.0,False,False,True
sample_132,beam,75,40.0,30.0,False,False,True
sample_132,beam,76,45.0,45.0,True,False,False
sample_132,beam,77,45.0,45.0,True,False,False
sample_132,beam,78,45.0,45.0,True,False,False
sample_132,beam,79,45.0,45.0,True,False,False
sample_132,beam,80,45.0,45.0,True,False,False
sample_132,beam,81,45.0,45.0,True,False,False
sample_132,beam,82,45.0,45.0,True,False,False
sample_132,beam,83,45.0,45.0,True,False,False
sample_132,beam,84,35.0,35.0,True,False,False
sample_132,beam,85,35.0,35.0,True,False,False
sample_132,beam,86,35.0,35.0,True,False,False
sample_132,beam,87,35.0,35.0,True,False,False
sample_132,beam,88,35.0,35.0,True,False,False
sample_132,column,0,50.0,50.0,True,False,False
sample_132,column,1,50.0,50.0,True,False,False
sample_132,column,2,50.0,50.0,True,False,False
sample_132,column,3,50.0,50.0,True,False,False
sample_132,column,4,50.0,50.0,True,False,False
sample_132,column,5,50.0,50.0,True,False,False
sample_132,column,6,50.0,50.0,True,False,False
sample_132,column,7,50.0,50.0,True,False,False
sample_132,column,8,50.0,50.0,True,False,False
sample_132,column,9,50.0,50.0,True,False,False
sample_132,column,10,50.0,50.0,True,False,False
sample_132,column,11,50.0,50.0,True,False,False
sample_132,column,12,50.0,50.0,True,False,False
sample_132,column,13,50.0,50.0,True,False,False
sample_132,column,14,50.0,50.0,True,False,False
sample_132,column,15,50.0,50.0,True,False,False
sample_132,column,16,50.0,50.0,True,False,False
sample_132,column,17,50.0,50.0,True,False,False
sample_132,column,18,50.0,50.0,True,False,False
sample_132,column,19,50.0,50.0,True,False,False
sample_132,column,20,50.0,50.0,True,False,False
sample_132,column,21,50.0,50.0,True,False,False
sample_132,column,22,50.0,50.0,True,False,False
sample_132,column,23,50.0,50.0,True,False,False
sample_132,column,24,50.0,50.0,True,False,False
sample_132,column,25,50.0,50.0,True,False,False
sample_132,column,26,50.0,50.0,True,False,False
sample_132,column,27,50.0,50.0,True,False,False
sample_132,column,28,50.0,50.0,True,False,False
sample_132,column,29,50.0,50.0,True,False,False
sample_132,column,30,50.0,50.0,True,False,False
sample_132,column,31,50.0,50.0,True,False,False
sample_132,column,32,50.0,50.0,True,False,False
sample_132,column,33,50.0,50.0,True,False,False
sample_132,column,34,50.0,50.0,True,False,False
sample_132,column,35,50.0,50.0,True,False,False
sample_132,column,36,50.0,50.0,True,False,False
sample_132,column,37,50.0,50.0,True,False,False
sample_132,column,38,50.0,50.0,True,False,False
sample_132,column,39,50.0,50.0,True,False,False
sample_132,column,40,40.0,40.0,True,False,False
sample_132,column,41,40.0,40.0,True,False,False
sample_132,column,42,40.0,40.0,True,False,False
sample_132,column,43,40.0,40.0,True,False,False
sample_240,beam,0,80.0,50.0,False,False,True
sample_240,beam,1,80.0,50.0,False,False,True
sample_240,beam,2,80.0,50.0,False,False,True
sample_240,beam,3,80.0,50.0,False,False,True
sample_240,beam,4,80.0,50.0,False,False,True
sample_240,beam,5,80.0,50.0,False,False,True
sample_240,beam,6,80.0,50.0,False,False,True
sample_240,beam,7,80.0,50.0,False,False,True
sample_240,beam,8,80.0,50.0,False,False,True
sample_240,beam,9,80.0,50.0,False,False,True
sample_240,beam,10,80.0,50.0,False,False,True
sample_240,beam,11,80.0,50.0,False,False,True
sample_240,beam,12,80.0,50.0,False,False,True
sample_240,beam,13,80.0,50.0,False,False,True
sample_240,beam,14,80.0,50.0,False,False,True
sample_240,beam,15,80.0,50.0,False,False,True
sample_240,beam,16,80.0,50.0,False,False,True
sample_240,beam,17,80.0,50.0,False,False,True
sample_240,beam,18,80.0,50.0,False,False,True
sample_240,beam,19,80.0,50.0,False,False,True
sample_240,beam,20,80.0,50.0,False,False,True
sample_240,beam,21,80.0,50.0,False,False,True
sample_240,beam,22,80.0,50.0,False,False,True
sample_240,beam,23,80.0,50.0,False,False,True
sample_240,beam,24,80.0,50.0,False,False,True
sample_240,beam,25,80.0,50.0,False,False,True
sample_240,beam,26,80.0,50.0,False,False,True
sample_240,beam,27,80.0,50.0,False,False,True
sample_240,beam,28,80.0,50.0,False,False,True
sample_240,beam,29,80.0,50.0,False,False,True
sample_240,beam,30,80.0,50.0,False,False,True
sample_240,beam,31,80.0,50.0,False,False,True
sample_240,beam,32,80.0,50.0,False,False,True
sample_240,beam,33,80.0,50.0,False,False,True
sample_240,beam,34,80.0,50.0,False,False,True
sample_240,beam,35,60.0,50.0,False,False,True
sample_240,beam,36,60.0,50.0,False,False,True
sample_240,beam,37,60.0,50.0,False,False,True
sample_240,beam,38,60.0,50.0,False,False,True
sample_240,beam,39,60.0,50.0,False,False,True
sample_240,beam,40,60.0,50.0,False,False,True
sample_240,beam,41,60.0,50.0,False,False,True
sample_240,beam,42,60.0,50.0,False,False,True
sample_240,beam,43,60.0,50.0,False,False,True
sample_240,beam,44,60.0,50.0,False,False,True
sample_240,beam,45,60.0,50.0,False,False,True
sample_240,beam,46,60.0,50.0,False,False,True
sample_240,beam,47,60.0,50.0,False,False,True
sample_240,beam,48,60.0,50.0,False,False,True
sample_240,beam,49,60.0,50.0,False,False,True
sample_240,beam,50,60.0,50.0,False,False,True
sample_240,beam,51,60.0,50.0,False,False,True
sample_240,beam,52,60.0,50.0,False,False,True
sample_240,beam,53,60.0,50.0,False,False,True
sample_240,beam,54,60.0,50.0,False,False,True
sample_240,beam,55,60.0,50.0,False,False,True
sample_240,beam,56,60.0,50.0,False,False,True
sample_240,beam,57,60.0,50.0,False,False,True
sample_240,beam,58,60.0,50.0,False,False,True
sample_240,beam,59,60.0,50.0,False,False,True
sample_240,beam,60,60.0,50.0,False,False,True
sample_240,beam,61,60.0,50.0,False,False,True
sample_240,beam,62,60.0,50.0,False,False,True
sample_240,beam,63,60.0,50.0,False,False,True
sample_240,beam,64,60.0,50.0,False,False,True
sample_240,beam,65,60.0,50.0,False,False,True
sample_240,beam,66,60.0,50.0,False,False,True
sample_240,beam,67,60.0,50.0,False,False,True
sample_240,beam,68,60.0,50.0,False,False,True
sample_240,beam,69,60.0,50.0,False,False,True
sample_240,beam,70,60.0,50.0,False,False,True
sample_240,beam,71,60.0,50.0,False,False,True
sample_240,beam,72,60.0,50.0,False,False,True
sample_240,beam,73,60.0,50.0,False,False,True
sample_240,beam,74,60.0,50.0,False,False,True
sample_240,beam,75,60.0,50.0,False,False,True
sample_240,beam,76,60.0,50.0,False,False,True
sample_240,beam,77,60.0,50.0,False,False,True
sample_240,beam,78,60.0,50.0,False,False,True
sample_240,beam,79,60.0,50.0,False,False,True
sample_240,beam,80,60.0,50.0,False,False,True
sample_240,beam,81,60.0,50.0,False,False,True
sample_240,beam,82,60.0,50.0,False,False,True
sample_240,beam,83,60.0,50.0,False,False,True
sample_240,beam,84,60.0,50.0,False,False,True
sample_240,beam,85,60.0,50.0,False,False,True
sample_240,beam,86,60.0,50.0,False,False,True
sample_240,beam,87,60.0,50.0,False,False,True
sample_240,beam,88,60.0,50.0,False,False,True
sample_240,beam,89,60.0,50.0,False,False,True
sample_240,beam,90,60.0,50.0,False,False,True
sample_240,beam,91,60.0,50.0,False,False,True
sample_240,beam,92,60.0,50.0,False,False,True
sample_240,beam,93,60.0,50.0,False,False,True
sample_240,beam,94,60.0,50.0,False,False,True
sample_240,beam,95,60.0,50.0,False,False,True
sample_240,beam,96,60.0,50.0,False,False,True
sample_240,beam,97,60.0,50.0,False,False,True
sample_240,beam,98,60.0,50.0,False,False,True
sample_240,beam,99,60.0,50.0,False,False,True
sample_240,beam,100,60.0,50.0,False,False,True
sample_240,beam,101,60.0,50.0,False,False,True
sample_240,beam,102,60.0,50.0,False,False,True
sample_240,beam,103,60.0,50.0,False,False,True
sample_240,beam,104,60.0,50.0,False,False,True
sample_240,beam,105,60.0,50.0,False,False,True
sample_240,beam,106,60.0,50.0,False,False,True
sample_240,beam,107,60.0,50.0,False,False,True
sample_240,beam,108,60.0,50.0,False,False,True
sample_240,beam,109,60.0,50.0,False,False,True
sample_240,beam,110,60.0,50.0,False,False,True
sample_240,beam,111,60.0,50.0,False,False,True
sample_240,beam,112,60.0,50.0,False,False,True
sample_240,beam,113,60.0,50.0,False,False,True
sample_240,beam,114,60.0,50.0,False,False,True
sample_240,beam,115,60.0,50.0,False,False,True
sample_240,beam,116,60.0,50.0,False,False,True
sample_240,beam,117,60.0,50.0,False,False,True
sample_240,beam,118,60.0,50.0,False,False,True
sample_240,beam,119,60.0,50.0,False,False,True
sample_240,beam,120,60.0,50.0,False,False,True
sample_240,beam,121,60.0,50.0,False,False,True
sample_240,beam,122,60.0,50.0,False,False,True
sample_240,beam,123,60.0,50.0,False,False,True
sample_240,beam,124,60.0,50.0,False,False,True
sample_240,beam,125,60.0,50.0,False,False,True
sample_240,beam,126,60.0,50.0,False,False,True
sample_240,beam,127,60.0,50.0,False,False,True
sample_240,beam,128,60.0,50.0,False,False,True
sample_240,beam,129,60.0,50.0,False,False,True
sample_240,beam,130,60.0,50.0,False,False,True
sample_240,beam,131,60.0,50.0,False,False,True
sample_240,beam,132,60.0,50.0,False,False,True
sample_240,beam,133,60.0,50.0,False,False,True
sample_240,beam,134,60.0,50.0,False,False,True
sample_240,beam,135,60.0,50.0,False,False,True
sample_240,beam,136,60.0,50.0,False,False,True
sample_240,beam,137,60.0,50.0,False,False,True
sample_240,beam,138,60.0,50.0,False,False,True
sample_240,beam,139,60.0,50.0,False,False,True
sample_240,beam,140,60.0,50.0,False,False,True
sample_240,beam,141,60.0,50.0,False,False,True
sample_240,beam,142,60.0,50.0,False,False,True
sample_240,beam,143,60.0,50.0,False,False,True
sample_240,beam,144,60.0,50.0,False,False,True
sample_240,beam,145,60.0,50.0,False,False,True
sample_240,beam,146,60.0,50.0,False,False,True
sample_240,beam,147,60.0,50.0,False,False,True
sample_240,beam,148,60.0,50.0,False,False,True
sample_240,beam,149,60.0,50.0,False,False,True
sample_240,beam,150,60.0,50.0,False,False,True
sample_240,beam,151,60.0,50.0,False,False,True
sample_240,beam,152,60.0,50.0,False,False,True
sample_240,beam,153,60.0,50.0,False,False,True
sample_240,beam,154,60.0,50.0,False,False,True
sample_240,beam,155,60.0,50.0,False,False,True
sample_240,beam,156,70.0,70.0,True,False,False
sample_240,beam,157,70.0,70.0,True,False,False
sample_240,beam,158,70.0,70.0,True,False,False
sample_240,beam,159,70.0,70.0,True,False,False
sample_240,beam,160,70.0,70.0,True,False,False
sample_240,beam,161,70.0,70.0,True,False,False
sample_240,beam,162,70.0,70.0,True,False,False
sample_240,beam,163,70.0,70.0,True,False,False
sample_240,beam,164,70.0,70.0,True,False,False
sample_240,beam,165,70.0,70.0,True,False,False
sample_240,beam,166,70.0,70.0,True,False,False
sample_240,beam,167,70.0,70.0,True,False,False
sample_240,beam,168,70.0,70.0,True,False,False
sample_240,beam,169,70.0,70.0,True,False,False
sample_240,beam,170,70.0,70.0,True,False,False
sample_240,beam,171,70.0,70.0,True,False,False
sample_240,beam,172,70.0,70.0,True,False,False
sample_240,beam,173,70.0,70.0,True,False,False
sample_240,beam,174,70.0,70.0,True,False,False
sample_240,beam,175,70.0,70.0,True,False,False
sample_240,beam,176,70.0,70.0,True,False,False
sample_240,beam,177,70.0,70.0,True,False,False
sample_240,beam,178,70.0,70.0,True,False,False
sample_240,beam,179,70.0,70.0,True,False,False
sample_240,beam,180,70.0,70.0,True,False,False
sample_240,beam,181,70.0,70.0,True,False,False
sample_240,beam,182,70.0,70.0,True,False,False
sample_240,beam,183,70.0,70.0,True,False,False
sample_240,beam,184,70.0,70.0,True,False,False
sample_240,beam,185,70.0,70.0,True,False,False
sample_240,beam,186,70.0,70.0,True,False,False
sample_240,beam,187,70.0,70.0,True,False,False
sample_240,beam,188,70.0,70.0,True,False,False
sample_240,beam,189,70.0,70.0,True,False,False
sample_240,beam,190,70.0,70.0,True,False,False
sample_240,beam,191,70.0,70.0,True,False,False
sample_240,beam,192,70.0,70.0,True,False,False
sample_240,beam,193,70.0,70.0,True,False,False
sample_240,beam,194,70.0,70.0,True,False,False
sample_240,beam,195,70.0,70.0,True,False,False
sample_240,beam,196,70.0,70.0,True,False,False
sample_240,beam,197,70.0,70.0,True,False,False
sample_240,beam,198,70.0,70.0,True,False,False
sample_240,beam,199,70.0,70.0,True,False,False
sample_240,beam,200,70.0,70.0,True,False,False
sample_240,beam,201,70.0,70.0,True,False,False
sample_240,beam,202,70.0,70.0,True,False,False
sample_240,beam,203,70.0,70.0,True,False,False
sample_240,beam,204,70.0,70.0,True,False,False
sample_240,beam,205,70.0,70.0,True,False,False
sample_240,beam,206,70.0,70.0,True,False,False
sample_240,beam,207,70.0,70.0,True,False,False
sample_240,beam,208,70.0,70.0,True,False,False
sample_240,beam,209,70.0,70.0,True,False,False
sample_240,beam,210,70.0,70.0,True,False,False
sample_240,beam,211,70.0,70.0,True,False,False
sample_240,beam,212,60.0,50.0,False,False,True
sample_240,beam,213,60.0,50.0,False,False,True
sample_240,beam,214,60.0,50.0,False,False,True
sample_240,beam,215,60.0,50.0,False,False,True
sample_240,beam,216,60.0,50.0,False,False,True
sample_240,beam,217,60.0,50.0,False,False,True
sample_240,beam,218,60.0,50.0,False,False,True
sample_240,beam,219,60.0,50.0,False,False,True
sample_240,beam,220,70.0,70.0,True,False,False
sample_240,beam,221,70.0,70.0,True,False,False
sample_240,beam,222,70.0,70.0,True,False,False
sample_240,beam,223,70.0,70.0,True,False,False
sample_240,beam,224,70.0,70.0,True,False,False
sample_240,beam,225,70.0,70.0,True,False,False
sample_240,beam,226,70.0,70.0,True,False,False
sample_240,beam,227,80.0,50.0,False,False,True
sample_240,beam,228,80.0,50.0,False,False,True
sample_240,beam,229,80.0,50.0,False,False,True
sample_240,beam,230,80.0,50.0,False,False,True
sample_240,beam,231,80.0,50.0,False,False,True
sample_240,beam,232,80.0,50.0,False,False,True
sample_240,beam,233,80.0,50.0,False,False,True
sample_240,beam,234,80.0,50.0,False,False,True
sample_240,beam,235,80.0,50.0,False,False,True
sample_240,beam,236,80.0,50.0,False,False,True
sample_240,beam,237,80.0,50.0,False,False,True
sample_240,beam,238,80.0,50.0,False,False,True
sample_240,beam,239,80.0,50.0,False,False,True
sample_240,beam,240,80.0,50.0,False,False,True
sample_240,beam,241,80.0,50.0,False,False,True
sample_240,beam,242,80.0,50.0,False,False,True
sample_240,beam,243,80.0,50.0,False,False,True
sample_240,beam,244,80.0,50.0,False,False,True
sample_240,beam,245,80.0,50.0,False,False,True
sample_240,beam,246,80.0,50.0,False,False,True
sample_240,beam,247,80.0,50.0,False,False,True
sample_240,beam,248,80.0,50.0,False,False,True
sample_240,beam,249,80.0,50.0,False,False,True
sample_240,beam,250,80.0,50.0,False,False,True
sample_240,beam,251,80.0,50.0,False,False,True
sample_240,beam,252,80.0,50.0,False,False,True
sample_240,beam,253,80.0,50.0,False,False,True
sample_240,beam,254,80.0,50.0,False,False,True
sample_240,beam,255,70.0,70.0,True,False,False
sample_240,beam,256,70.0,70.0,True,False,False
sample_240,beam,257,70.0,70.0,True,False,False
sample_240,beam,258,70.0,70.0,True,False,False
sample_240,beam,259,70.0,70.0,True,False,False
sample_240,beam,260,70.0,70.0,True,False,False
sample_240,beam,261,70.0,70.0,True,False,False
sample_240,beam,262,70.0,70.0,True,False,False
sample_240,beam,263,70.0,70.0,True,False,False
sample_240,beam,264,70.0,70.0,True,False,False
sample_240,beam,265,70.0,70.0,True,False,False
sample_240,beam,266,70.0,70.0,True,False,False
sample_240,beam,267,70.0,70.0,True,False,False
sample_240,beam,268,70.0,70.0,True,False,False
sample_240,beam,269,70.0,70.0,True,False,False
sample_240,beam,270,70.0,70.0,True,False,False
sample_240,beam,271,70.0,70.0,True,False,False
sample_240,beam,272,70.0,70.0,True,False,False
sample_240,beam,273,70.0,70.0,True,False,False
sample_240,beam,274,70.0,70.0,True,False,False
sample_240,beam,275,70.0,70.0,True,False,False
sample_240,beam,276,70.0,70.0,True,False,False
sample_240,beam,277,70.0,70.0,True,False,False
sample_240,beam,278,70.0,70.0,True,False,False
sample_240,beam,279,70.0,70.0,True,False,False
sample_240,beam,280,70.0,70.0,True,False,False
sample_240,beam,281,70.0,70.0,True,False,False
sample_240,beam,282,70.0,70.0,True,False,False
sample_240,beam,283,70.0,70.0,True,False,False
sample_240,beam,284,70.0,70.0,True,False,False
sample_240,beam,285,70.0,70.0,True,False,False
sample_240,beam,286,70.0,70.0,True,False,False
sample_240,beam,287,70.0,70.0,True,False,False
sample_240,beam,288,70.0,70.0,True,False,False
sample_240,beam,289,70.0,70.0,True,False,False
sample_240,beam,290,60.0,50.0,False,False,True
sample_240,beam,291,60.0,50.0,False,False,True
sample_240,beam,292,60.0,50.0,False,False,True
sample_240,beam,293,60.0,50.0,False,False,True
sample_240,beam,294,60.0,50.0,False,False,True
sample_240,beam,295,60.0,50.0,False,False,True
sample_240,beam,296,60.0,50.0,False,False,True
sample_240,beam,297,60.0,50.0,False,False,True
sample_240,beam,298,70.0,70.0,True,False,False
sample_240,beam,299,70.0,70.0,True,False,False
sample_240,beam,300,70.0,70.0,True,False,False
sample_240,beam,301,70.0,70.0,True,False,False
sample_240,beam,302,70.0,70.0,True,False,False
sample_240,beam,303,70.0,70.0,True,False,False
sample_240,beam,304,70.0,70.0,True,False,False
sample_240,beam,305,70.0,70.0,True,False,False
sample_240,beam,306,70.0,70.0,True,False,False
sample_240,beam,307,70.0,70.0,True,False,False
sample_240,beam,308,70.0,70.0,True,False,False
sample_240,beam,309,70.0,70.0,True,False,False
sample_240,beam,310,70.0,70.0,True,False,False
sample_240,beam,311,70.0,70.0,True,False,False
sample_240,beam,312,70.0,70.0,True,False,False
sample_240,beam,313,70.0,70.0,True,False,False
sample_240,beam,314,70.0,70.0,True,False,False
sample_240,beam,315,70.0,70.0,True,False,False
sample_240,beam,316,70.0,70.0,True,False,False
sample_240,beam,317,70.0,70.0,True,False,False
sample_240,beam,318,70.0,70.0,True,False,False
sample_240,beam,319,70.0,70.0,True,False,False
sample_240,beam,320,70.0,70.0,True,False,False
sample_240,beam,321,70.0,70.0,True,False,False
sample_240,beam,322,70.0,70.0,True,False,False
sample_240,beam,323,70.0,70.0,True,False,False
sample_240,beam,324,70.0,70.0,True,False,False
sample_240,beam,325,70.0,70.0,True,False,False
sample_240,beam,326,70.0,70.0,True,False,False
sample_240,beam,327,70.0,70.0,True,False,False
sample_240,beam,328,70.0,70.0,True,False,False
sample_240,beam,329,70.0,70.0,True,False,False
sample_240,beam,330,70.0,70.0,True,False,False
sample_240,beam,331,70.0,70.0,True,False,False
sample_240,beam,332,70.0,70.0,True,False,False
sample_240,beam,333,70.0,70.0,True,False,False
sample_240,beam,334,70.0,70.0,True,False,False
sample_240,beam,335,70.0,70.0,True,False,False
sample_240,beam,336,70.0,70.0,True,False,False
sample_240,beam,337,70.0,70.0,True,False,False
sample_240,beam,338,70.0,70.0,True,False,False
sample_240,beam,339,70.0,70.0,True,False,False
sample_240,beam,340,70.0,70.0,True,False,False
sample_240,beam,341,70.0,70.0,True,False,False
sample_240,beam,342,60.0,50.0,False,False,True
sample_240,beam,343,60.0,50.0,False,False,True
sample_240,beam,344,60.0,50.0,False,False,True
sample_240,beam,345,60.0,50.0,False,False,True
sample_240,beam,346,60.0,50.0,False,False,True
sample_240,beam,347,60.0,50.0,False,False,True
sample_240,beam,348,60.0,50.0,False,False,True
sample_240,beam,349,60.0,50.0,False,False,True
sample_240,beam,350,60.0,50.0,False,False,True
sample_240,beam,351,60.0,50.0,False,False,True
sample_240,beam,352,60.0,50.0,False,False,True
sample_240,beam,353,60.0,50.0,False,False,True
sample_240,beam,354,60.0,50.0,False,False,True
sample_240,beam,355,60.0,50.0,False,False,True
sample_240,beam,356,60.0,50.0,False,False,True
sample_240,beam,357,60.0,50.0,False,False,True
sample_240,beam,358,60.0,50.0,False,False,True
sample_240,beam,359,60.0,50.0,False,False,True
sample_240,beam,360,60.0,50.0,False,False,True
sample_240,beam,361,60.0,50.0,False,False,True
sample_240,beam,362,60.0,50.0,False,False,True
sample_240,beam,363,60.0,50.0,False,False,True
sample_240,beam,364,60.0,50.0,False,False,True
sample_240,beam,365,60.0,50.0,False,False,True
sample_240,beam,366,60.0,50.0,False,False,True
sample_240,beam,367,60.0,50.0,False,False,True
sample_240,beam,368,60.0,50.0,False,False,True
sample_240,beam,369,60.0,50.0,False,False,True
sample_240,beam,370,60.0,50.0,False,False,True
sample_240,beam,371,60.0,50.0,False,False,True
sample_240,beam,372,60.0,50.0,False,False,True
sample_240,beam,373,60.0,50.0,False,False,True
sample_240,beam,374,60.0,50.0,False,False,True
sample_240,beam,375,60.0,50.0,False,False,True
sample_240,beam,376,60.0,50.0,False,False,True
sample_240,beam,377,60.0,50.0,False,False,True
sample_240,beam,378,60.0,50.0,False,False,True
sample_240,beam,379,60.0,50.0,False,False,True
sample_240,beam,380,60.0,50.0,False,False,True
sample_240,beam,381,60.0,50.0,False,False,True
sample_240,beam,382,60.0,50.0,False,False,True
sample_240,beam,383,60.0,50.0,False,False,True
sample_240,beam,384,60.0,50.0,False,False,True
sample_240,beam,385,60.0,50.0,False,False,True
sample_240,beam,386,70.0,70.0,True,False,False
sample_240,beam,387,70.0,70.0,True,False,False
sample_240,beam,388,70.0,70.0,True,False,False
sample_240,beam,389,70.0,70.0,True,False,False
sample_240,beam,390,70.0,70.0,True,False,False
sample_240,beam,391,70.0,70.0,True,False,False
sample_240,beam,392,70.0,70.0,True,False,False
sample_240,beam,393,70.0,70.0,True,False,False
sample_240,beam,394,70.0,70.0,True,False,False
sample_240,beam,395,70.0,70.0,True,False,False
sample_240,beam,396,70.0,70.0,True,False,False
sample_240,beam,397,70.0,70.0,True,False,False
sample_240,beam,398,70.0,70.0,True,False,False
sample_240,beam,399,70.0,70.0,True,False,False
sample_240,beam,400,70.0,70.0,True,False,False
sample_240,beam,401,70.0,70.0,True,False,False
sample_240,column,0,100.0,60.0,False,False,True
sample_240,column,1,100.0,60.0,False,False,True
sample_240,column,2,100.0,60.0,False,False,True
sample_240,column,3,100.0,60.0,False,False,True
sample_240,column,4,100.0,60.0,False,False,True
sample_240,column,5,100.0,60.0,False,False,True
sample_240,column,6,100.0,60.0,False,False,True
sample_240,column,7,100.0,60.0,False,False,True
sample_240,column,8,100.0,60.0,False,False,True
sample_240,column,9,100.0,60.0,False,False,True
sample_240,column,10,100.0,60.0,False,False,True
sample_240,column,11,100.0,60.0,False,False,True
sample_240,column,12,100.0,60.0,False,False,True
sample_240,column,13,100.0,60.0,False,False,True
sample_240,column,14,100.0,60.0,False,False,True
sample_240,column,15,100.0,60.0,False,False,True
sample_240,column,16,100.0,60.0,False,False,True
sample_240,column,17,100.0,60.0,False,False,True
sample_240,column,18,100.0,60.0,False,False,True
sample_240,column,19,100.0,60.0,False,False,True
sample_240,column,20,100.0,60.0,False,False,True
sample_240,column,21,100.0,60.0,False,False,True
sample_240,column,22,100.0,60.0,False,False,True
sample_240,column,23,100.0,60.0,False,False,True
sample_240,column,24,100.0,60.0,False,False,True
sample_240,column,25,100.0,60.0,False,False,True
sample_240,column,26,100.0,60.0,False,False,True
sample_240,column,27,100.0,60.0,False,False,True
sample_240,column,28,100.0,60.0,False,False,True
sample_240,column,29,100.0,60.0,False,False,True
sample_240,column,30,100.0,60.0,False,False,True
sample_240,column,31,100.0,60.0,False,False,True
sample_240,column,32,100.0,60.0,False,False,True
sample_240,column,33,100.0,60.0,False,False,True
sample_240,column,34,100.0,60.0,False,False,True
sample_240,column,35,100.0,60.0,False,False,True
sample_240,column,36,100.0,60.0,False,False,True
sample_240,column,37,100.0,60.0,False,False,True
sample_240,column,38,100.0,60.0,False,False,True
sample_240,column,39,100.0,60.0,False,False,True
sample_240,column,40,100.0,60.0,False,False,True
sample_240,column,41,100.0,60.0,False,False,True
sample_240,column,42,100.0,60.0,False,False,True
sample_240,column,43,100.0,60.0,False,False,True
sample_240,column,44,100.0,60.0,False,False,True
sample_240,column,45,100.0,60.0,False,False,True
sample_240,column,46,100.0,60.0,False,False,True
sample_240,column,47,100.0,60.0,False,False,True
sample_240,column,48,100.0,60.0,False,False,True
sample_240,column,49,100.0,60.0,False,False,True
sample_240,column,50,100.0,60.0,False,False,True
sample_240,column,51,100.0,60.0,False,False,True
sample_240,column,52,100.0,60.0,False,False,True
sample_240,column,53,100.0,60.0,False,False,True
sample_240,column,54,100.0,60.0,False,False,True
sample_240,column,55,100.0,60.0,False,False,True
sample_240,column,56,100.0,60.0,False,False,True
sample_240,column,57,100.0,60.0,False,False,True
sample_240,column,58,100.0,60.0,False,False,True
sample_240,column,59,100.0,60.0,False,False,True
sample_240,column,60,100.0,60.0,False,False,True
sample_240,column,61,100.0,60.0,False,False,True
sample_240,column,62,100.0,60.0,False,False,True
sample_240,column,63,100.0,60.0,False,False,True
sample_240,column,64,100.0,60.0,False,False,True
sample_240,column,65,100.0,60.0,False,False,True
sample_240,column,66,100.0,60.0,False,False,True
sample_240,column,67,100.0,60.0,False,False,True
sample_240,column,68,100.0,60.0,False,False,True
sample_240,column,69,100.0,60.0,False,False,True
sample_240,column,70,100.0,60.0,False,False,True
sample_240,column,71,100.0,60.0,False,False,True
sample_240,column,72,100.0,60.0,False,False,True
sample_240,column,73,100.0,60.0,False,False,True
sample_240,column,74,100.0,60.0,False,False,True
sample_240,column,75,100.0,60.0,False,False,True
sample_240,column,76,100.0,60.0,False,False,True
sample_240,column,77,100.0,60.0,False,False,True
sample_240,column,78,100.0,60.0,False,False,True
sample_240,column,79,100.0,60.0,False,False,True
sample_240,column,80,100.0,60.0,False,False,True
sample_240,column,81,100.0,60.0,False,False,True
sample_240,column,82,100.0,60.0,False,False,True
sample_240,column,83,100.0,60.0,False,False,True
sample_240,column,84,100.0,60.0,False,False,True
sample_240,column,85,100.0,60.0,False,False,True
sample_240,column,86,100.0,60.0,False,False,True
sample_240,column,87,100.0,60.0,False,False,True
sample_240,column,88,100.0,60.0,False,False,True
sample_240,column,89,100.0,60.0,False,False,True
sample_240,column,90,100.0,60.0,False,False,True
sample_240,column,91,100.0,60.0,False,False,True
sample_240,column,92,100.0,60.0,False,False,True
sample_240,column,93,100.0,60.0,False,False,True
sample_240,column,94,100.0,60.0,False,False,True
sample_240,column,95,100.0,60.0,False,False,True
sample_240,column,96,100.0,60.0,False,False,True
sample_240,column,97,100.0,60.0,False,False,True
sample_240,column,98,100.0,60.0,False,False,True
sample_240,column,99,100.0,60.0,False,False,True
sample_240,column,100,100.0,60.0,False,False,True
sample_240,column,101,100.0,60.0,False,False,True
sample_240,column,102,100.0,60.0,False,False,True
sample_240,column,103,100.0,60.0,False,False,True
sample_240,column,104,100.0,60.0,False,False,True
sample_240,column,105,100.0,60.0,False,False,True
sample_240,column,106,100.0,60.0,False,False,True
sample_240,column,107,100.0,60.0,False,False,True
sample_240,column,108,100.0,60.0,False,False,True
sample_240,column,109,100.0,60.0,False,False,True
sample_240,column,110,100.0,60.0,False,False,True
sample_240,column,111,100.0,60.0,False,False,True
sample_240,column,112,100.0,60.0,False,False,True
sample_240,column,113,100.0,60.0,False,False,True
sample_240,column,114,100.0,60.0,False,False,True
sample_240,column,115,100.0,60.0,False,False,True
sample_240,column,116,100.0,60.0,False,False,True
sample_240,column,117,100.0,60.0,False,False,True
sample_240,column,118,100.0,60.0,False,False,True
sample_240,column,119,100.0,60.0,False,False,True
sample_240,column,120,100.0,60.0,False,False,True
sample_240,column,121,100.0,60.0,False,False,True
sample_240,column,122,100.0,60.0,False,False,True
sample_240,column,123,100.0,60.0,False,False,True
sample_240,column,124,100.0,60.0,False,False,True
sample_240,column,125,100.0,60.0,False,False,True
sample_240,column,126,100.0,60.0,False,False,True
sample_240,column,127,100.0,60.0,False,False,True
sample_240,column,128,100.0,60.0,False,False,True
sample_240,column,129,100.0,60.0,False,False,True
sample_240,column,130,100.0,60.0,False,False,True
sample_240,column,131,100.0,60.0,False,False,True
sample_240,column,132,100.0,60.0,False,False,True
sample_240,column,133,100.0,60.0,False,False,True
sample_240,column,134,100.0,60.0,False,False,True
sample_240,column,135,100.0,60.0,False,False,True
sample_240,column,136,100.0,60.0,False,False,True
sample_240,column,137,100.0,60.0,False,False,True
sample_240,column,138,100.0,60.0,False,False,True
sample_240,column,139,100.0,60.0,False,False,True
sample_240,column,140,100.0,60.0,False,False,True
sample_240,column,141,100.0,60.0,False,False,True
sample_240,column,142,100.0,60.0,False,False,True
sample_240,column,143,100.0,60.0,False,False,True
sample_240,column,144,100.0,60.0,False,False,True
sample_240,column,145,100.0,60.0,False,False,True
sample_240,column,146,100.0,60.0,False,False,True
sample_240,column,147,100.0,60.0,False,False,True
sample_240,column,148,100.0,60.0,False,False,True
sample_240,column,149,100.0,60.0,False,False,True
sample_240,column,150,100.0,60.0,False,False,True
sample_240,column,151,100.0,60.0,False,False,True
sample_240,column,152,100.0,60.0,False,False,True
sample_240,column,153,100.0,60.0,False,False,True
sample_240,column,154,100.0,60.0,False,False,True
sample_240,column,155,100.0,60.0,False,False,True
sample_240,column,156,100.0,60.0,False,False,True
sample_240,column,157,100.0,60.0,False,False,True
sample_240,column,158,100.0,60.0,False,False,True
sample_240,column,159,100.0,60.0,False,False,True
sample_240,column,160,100.0,60.0,False,False,True
sample_240,column,161,100.0,60.0,False,False,True
sample_240,column,162,100.0,60.0,False,False,True
sample_240,column,163,100.0,60.0,False,False,True
sample_240,column,164,100.0,60.0,False,False,True
sample_240,column,165,100.0,60.0,False,False,True
sample_240,column,166,100.0,60.0,False,False,True
sample_240,column,167,100.0,60.0,False,False,True
sample_240,column,168,100.0,60.0,False,False,True
sample_240,column,169,100.0,60.0,False,False,True
sample_240,column,170,100.0,60.0,False,False,True
sample_240,column,171,100.0,60.0,False,False,True
sample_240,column,172,100.0,60.0,False,False,True
sample_240,column,173,100.0,60.0,False,False,True
sample_240,column,174,100.0,60.0,False,False,True
sample_240,column,175,100.0,60.0,False,False,True
sample_240,column,176,100.0,60.0,False,False,True
sample_240,column,177,100.0,60.0,False,False,True
sample_240,column,178,100.0,60.0,False,False,True
sample_240,column,179,100.0,60.0,False,False,True
sample_240,column,180,100.0,60.0,False,False,True
sample_240,column,181,100.0,60.0,False,False,True
sample_240,column,182,100.0,60.0,False,False,True
sample_240,column,183,100.0,60.0,False,False,True
sample_240,column,184,100.0,60.0,False,False,True
sample_240,column,185,100.0,60.0,False,False,True
sample_240,column,186,100.0,60.0,False,False,True
sample_240,column,187,100.0,60.0,False,False,True
sample_240,column,188,100.0,60.0,False,False,True
sample_240,column,189,100.0,60.0,False,False,True
sample_240,column,190,100.0,60.0,False,False,True
sample_240,column,191,100.0,60.0,False,False,True
sample_240,column,192,100.0,60.0,False,False,True
sample_240,column,193,100.0,60.0,False,False,True
sample_240,column,194,100.0,60.0,False,False,True
sample_240,column,195,100.0,60.0,False,False,True
sample_240,column,196,100.0,60.0,False,False,True
sample_240,column,197,100.0,60.0,False,False,True
sample_240,column,198,100.0,60.0,False,False,True
sample_240,column,199,100.0,60.0,False,False,True
sample_240,column,200,100.0,60.0,False,False,True
sample_240,column,201,100.0,60.0,False,False,True
sample_240,column,202,100.0,60.0,False,False,True
sample_240,column,203,100.0,60.0,False,False,True
sample_240,column,204,100.0,60.0,False,False,True
sample_240,column,205,100.0,60.0,False,False,True
sample_240,column,206,100.0,60.0,False,False,True
sample_240,column,207,100.0,60.0,False,False,True
sample_240,column,208,100.0,60.0,False,False,True
sample_240,column,209,100.0,60.0,False,False,True
sample_240,column,210,100.0,60.0,False,False,True
sample_240,column,211,100.0,60.0,False,False,True
sample_240,column,212,100.0,60.0,False,False,True
sample_240,column,213,100.0,60.0,False,False,True
sample_240,column,214,100.0,60.0,False,False,True
sample_240,column,215,100.0,60.0,False,False,True
sample_240,column,216,100.0,60.0,False,False,True
sample_240,column,217,100.0,60.0,False,False,True
sample_240,column,218,100.0,60.0,False,False,True
sample_240,column,219,100.0,60.0,False,False,True
sample_240,column,220,100.0,60.0,False,False,True
sample_240,column,221,100.0,60.0,False,False,True
sample_240,column,222,100.0,60.0,False,False,True
sample_240,column,223,100.0,60.0,False,False,True
sample_240,column,224,100.0,60.0,False,False,True
sample_240,column,225,100.0,60.0,False,False,True
sample_240,column,226,100.0,60.0,False,False,True
sample_240,column,227,100.0,60.0,False,False,True
sample_240,column,228,100.0,60.0,False,False,True
sample_240,column,229,100.0,60.0,False,False,True
sample_240,column,230,100.0,60.0,False,False,True
sample_240,column,231,100.0,60.0,False,False,True
sample_240,column,232,100.0,60.0,False,False,True
sample_240,column,233,100.0,60.0,False,False,True
sample_240,column,234,100.0,60.0,False,False,True
sample_240,column,235,100.0,60.0,False,False,True
sample_240,column,236,100.0,60.0,False,False,True
sample_240,column,237,100.0,60.0,False,False,True
sample_240,column,238,100.0,60.0,False,False,True
sample_240,column,239,100.0,60.0,False,False,True
sample_240,column,240,100.0,60.0,False,False,True
sample_240,column,241,100.0,60.0,False,False,True
sample_240,column,242,100.0,60.0,False,False,True
sample_240,column,243,100.0,60.0,False,False,True
sample_240,column,244,100.0,60.0,False,False,True
sample_240,column,245,100.0,60.0,False,False,True
sample_240,column,246,100.0,60.0,False,False,True
sample_240,column,247,100.0,60.0,False,False,True
sample_240,column,248,100.0,60.0,False,False,True
sample_240,column,249,100.0,60.0,False,False,True
sample_240,column,250,100.0,60.0,False,False,True
sample_240,column,251,100.0,60.0,False,False,True
sample_240,column,252,100.0,60.0,False,False,True
sample_240,column,253,50.0,50.0,True,False,False
sample_240,column,254,50.0,50.0,True,False,False
sample_86,beam,0,50.0,45.0,False,False,True
sample_86,beam,1,50.0,45.0,False,False,True
sample_86,beam,2,50.0,45.0,False,False,True
sample_86,beam,3,50.0,45.0,False,False,True
sample_86,beam,4,30.0,30.0,True,False,False
sample_86,beam,5,30.0,30.0,True,False,False
sample_86,beam,6,45.0,45.0,True,False,False
sample_86,beam,7,45.0,45.0,True,False,False
sample_86,beam,8,45.0,45.0,True,False,False
sample_86,beam,9,45.0,45.0,True,False,False
sample_86,beam,10,40.0,45.0,True,False,False
sample_86,beam,11,40.0,45.0,True,False,False
sample_86,beam,12,40.0,45.0,True,False,False
sample_86,beam,13,40.0,45.0,True,False,False
sample_86,beam,14,40.0,40.0,True,False,False
sample_86,beam,15,40.0,40.0,True,False,False
sample_86,beam,16,40.0,40.0,True,False,False
sample_86,beam,17,40.0,40.0,True,False,False
sample_86,beam,18,35.0,35.0,True,False,False
sample_86,beam,19,40.0,40.0,True,False,False
sample_86,beam,20,40.0,40.0,True,False,False
sample_86,beam,21,40.0,40.0,True,False,False
sample_86,beam,22,40.0,40.0,True,False,False
sample_86,beam,23,40.0,40.0,True,False,False
sample_86,beam,24,40.0,40.0,True,False,False
sample_86,beam,25,40.0,40.0,True,False,False
sample_86,beam,26,40.0,40.0,True,False,False
sample_86,beam,27,40.0,40.0,True,False,False
sample_86,beam,28,40.0,40.0,True,False,False
sample_86,beam,29,40.0,40.0,True,False,False
sample_86,beam,30,40.0,40.0,True,False,False
sample_86,beam,31,40.0,40.0,True,False,False
sample_86,beam,32,40.0,40.0,True,False,False
sample_86,beam,33,40.0,40.0,True,False,False
sample_86,beam,34,40.0,40.0,True,False,False
sample_86,beam,35,40.0,40.0,True,False,False
sample_86,beam,36,40.0,40.0,True,False,False
sample_86,beam,37,40.0,40.0,True,False,False
sample_86,beam,38,40.0,40.0,True,False,False
sample_86,beam,39,40.0,40.0,True,False,False
sample_86,beam,40,40.0,40.0,True,False,False
sample_86,beam,41,40.0,40.0,True,False,False
sample_86,beam,42,40.0,40.0,True,False,False
sample_86,beam,43,40.0,40.0,True,False,False
sample_86,beam,44,40.0,40.0,True,False,False
sample_86,beam,45,40.0,40.0,True,False,False
sample_86,beam,46,40.0,40.0,True,False,False
sample_86,beam,47,30.0,25.0,False,False,True
sample_86,beam,48,30.0,25.0,False,False,True
sample_86,beam,49,30.0,25.0,False,False,True
sample_86,beam,50,30.0,25.0,False,False,True
sample_86,beam,51,30.0,25.0,False,False,True
sample_86,beam,52,30.0,25.0,False,False,True
sample_86,beam,53,30.0,25.0,False,False,True
sample_86,beam,54,30.0,25.0,False,False,True
sample_86,beam,55,35.0,35.0,True,False,False
sample_86,beam,56,45.0,40.0,False,False,True
sample_86,beam,57,45.0,40.0,False,False,True
sample_86,beam,58,45.0,40.0,False,False,True
sample_86,beam,59,45.0,40.0,False,False,True
sample_86,beam,60,30.0,30.0,True,False,False
sample_86,beam,61,30.0,30.0,True,False,False
sample_86,beam,62,30.0,30.0,True,False,False
sample_86,beam,63,30.0,30.0,True,False,False
sample_86,beam,64,45.0,60.0,True,False,False
sample_86,beam,65,45.0,60.0,True,False,False
sample_86,beam,66,45.0,60.0,True,False,False
sample_86,beam,67,45.0,60.0,True,False,False
sample_86,beam,68,45.0,60.0,True,False,False
sample_86,beam,69,45.0,60.0,True,False,False
sample_86,beam,70,45.0,60.0,True,False,False
sample_86,beam,71,45.0,60.0,True,False,False
sample_86,beam,72,30.0,30.0,True,False,False
sample_86,beam,73,30.0,30.0,True,False,False
sample_86,beam,74,30.0,30.0,True,False,False
sample_86,beam,75,30.0,30.0,True,False,False
sample_86,beam,76,40.0,40.0,True,False,False
sample_86,beam,77,40.0,40.0,True,False,False
sample_86,beam,78,40.0,40.0,True,False,False
sample_86,beam,79,40.0,40.0,True,False,False
sample_86,beam,80,40.0,40.0,True,False,False
sample_86,beam,81,40.0,40.0,True,False,False
sample_86,beam,82,40.0,40.0,True,False,False
sample_86,beam,83,40.0,40.0,True,False,False
sample_86,column,0,50.0,40.0,False,False,True
sample_86,column,1,50.0,40.0,False,False,True
sample_86,column,2,50.0,40.0,False,False,True
sample_86,column,3,50.0,40.0,False,False,True
sample_86,column,4,50.0,40.0,False,False,True
sample_86,column,5,50.0,40.0,False,False,True
sample_86,column,6,50.0,40.0,False,False,True
sample_86,column,7,50.0,40.0,False,False,True
sample_86,column,8,35.0,35.0,True,False,False
sample_86,column,9,60.0,40.0,False,False,True
sample_86,column,10,60.0,40.0,False,False,True
sample_86,column,11,60.0,40.0,False,False,True
sample_86,column,12,60.0,40.0,False,False,True
sample_86,column,13,60.0,40.0,False,False,True
sample_86,column,14,60.0,40.0,False,False,True
sample_86,column,15,60.0,40.0,False,False,True
sample_86,column,16,60.0,40.0,False,False,True
sample_86,column,17,35.0,35.0,True,False,False
sample_86,column,18,60.0,40.0,False,False,True
sample_86,column,19,60.0,40.0,False,False,True
sample_86,column,20,60.0,40.0,False,False,True
sample_86,column,21,60.0,40.0,False,False,True
sample_86,column,22,60.0,40.0,False,False,True
sample_86,column,23,60.0,40.0,False,False,True
sample_86,column,24,60.0,40.0,False,False,True
sample_86,column,25,60.0,40.0,False,False,True
sample_86,column,26,45.0,40.0,False,False,True
sample_86,column,27,45.0,40.0,False,False,True
sample_86,column,28,45.0,40.0,False,False,True
sample_86,column,29,45.0,40.0,False,False,True
sample_86,column,30,45.0,40.0,False,False,True
sample_86,column,31,45.0,40.0,False,False,True
sample_86,column,32,45.0,40.0,False,False,True
sample_86,column,33,45.0,40.0,False,False,True
sample_86,column,34,45.0,40.0,False,False,True
sample_86,column,35,45.0,40.0,False,False,True
sample_86,column,36,45.0,40.0,False,False,True
sample_86,column,37,45.0,40.0,False,False,True
sample_86,column,38,45.0,40.0,False,False,True
sample_86,column,39,45.0,40.0,False,False,True
sample_86,column,40,45.0,40.0,False,False,True
sample_86,column,41,45.0,40.0,False,False,True
sample_86,column,42,35.0,35.0,True,False,False
sample_86,column,43,35.0,35.0,True,False,False
sample_10,beam,0,50.0,50.0,True,False,False
sample_10,beam,1,50.0,50.0,True,False,False
sample_10,beam,2,50.0,50.0,True,False,False
sample_10,beam,3,25.0,25.0,True,False,False
sample_10,beam,4,25.0,25.0,True,False,False
sample_10,beam,5,25.0,25.0,True,False,False
sample_10,beam,6,25.0,25.0,True,False,False
sample_10,beam,7,25.0,25.0,True,False,False
sample_10,beam,8,25.0,25.0,True,False,False
sample_10,beam,9,25.0,25.0,True,False,False
sample_10,beam,10,25.0,25.0,True,False,False
sample_10,beam,11,25.0,25.0,True,False,False
sample_10,beam,12,25.0,25.0,True,False,False
sample_10,beam,13,25.0,25.0,True,False,False
sample_10,beam,14,25.0,25.0,True,False,False
sample_10,beam,15,55.0,55.0,True,False,False
sample_10,beam,16,55.0,55.0,True,False,False
sample_10,beam,17,55.0,55.0,True,False,False
sample_10,beam,18,55.0,55.0,True,False,False
sample_10,beam,19,55.0,55.0,True,False,False
sample_10,beam,20,55.0,55.0,True,False,False
sample_10,beam,21,55.0,55.0,True,False,False
sample_10,beam,22,55.0,55.0,True,False,False
sample_10,beam,23,55.0,55.0,True,False,False
sample_10,beam,24,55.0,55.0,True,False,False
sample_10,beam,25,55.0,55.0,True,False,False
sample_10,beam,26,55.0,55.0,True,False,False
sample_10,beam,27,55.0,55.0,True,False,False
sample_10,beam,28,55.0,55.0,True,False,False
sample_10,beam,29,55.0,55.0,True,False,False
sample_10,beam,30,55.0,55.0,True,False,False
sample_10,beam,31,55.0,55.0,True,False,False
sample_10,beam,32,55.0,55.0,True,False,False
sample_10,beam,33,50.0,50.0,True,False,False
sample_10,beam,34,60.0,55.0,False,False,True
sample_10,beam,35,60.0,55.0,False,False,True
sample_10,beam,36,60.0,55.0,False,False,True
sample_10,beam,37,60.0,55.0,False,False,True
sample_10,beam,38,60.0,55.0,False,False,True
sample_10,beam,39,60.0,55.0,False,False,True
sample_10,beam,40,60.0,55.0,False,False,True
sample_10,beam,41,60.0,55.0,False,False,True
sample_10,beam,42,60.0,55.0,False,False,True
sample_10,beam,43,60.0,55.0,False,False,True
sample_10,beam,44,60.0,55.0,False,False,True
sample_10,beam,45,60.0,55.0,False,False,True
sample_10,beam,46,60.0,55.0,False,False,True
sample_10,beam,47,60.0,55.0,False,False,True
sample_10,beam,48,60.0,55.0,False,False,True
sample_10,beam,49,60.0,55.0,False,False,True
sample_10,beam,50,60.0,55.0,False,False,True
sample_10,beam,51,60.0,55.0,False,False,True
sample_10,beam,52,50.0,50.0,True,False,False
sample_10,beam,53,60.0,55.0,False,False,True
sample_10,beam,54,60.0,55.0,False,False,True
sample_10,beam,55,60.0,55.0,False,False,True
sample_10,beam,56,60.0,55.0,False,False,True
sample_10,beam,57,60.0,55.0,False,False,True
sample_10,beam,58,60.0,55.0,False,False,True
sample_10,beam,59,60.0,55.0,False,False,True
sample_10,beam,60,60.0,55.0,False,False,True
sample_10,beam,61,60.0,55.0,False,False,True
sample_10,beam,62,60.0,55.0,False,False,True
sample_10,beam,63,60.0,55.0,False,False,True
sample_10,beam,64,60.0,55.0,False,False,True
sample_10,beam,65,60.0,55.0,False,False,True
sample_10,beam,66,60.0,55.0,False,False,True
sample_10,beam,67,60.0,55.0,False,False,True
sample_10,beam,68,60.0,55.0,False,False,True
sample_10,beam,69,60.0,55.0,False,False,True
sample_10,beam,70,60.0,55.0,False,False,True
sample_10,beam,71,75.0,55.0,False,False,True
sample_10,beam,72,75.0,55.0,False,False,True
sample_10,beam,73,75.0,55.0,False,False,True
sample_10,beam,74,75.0,55.0,False,False,True
sample_10,beam,75,75.0,55.0,False,False,True
sample_10,beam,76,75.0,55.0,False,False,True
sample_10,beam,77,75.0,55.0,False,False,True
sample_10,beam,78,75.0,55.0,False,False,True
sample_10,beam,79,75.0,55.0,False,False,True
sample_10,beam,80,75.0,55.0,False,False,True
sample_10,beam,81,75.0,55.0,False,False,True
sample_10,beam,82,75.0,55.0,False,False,True
sample_10,beam,83,25.0,25.0,True,False,False
sample_10,beam,84,25.0,25.0,True,False,False
sample_10,beam,85,25.0,25.0,True,False,False
sample_10,beam,86,25.0,25.0,True,False,False
sample_10,beam,87,25.0,25.0,True,False,False
sample_10,beam,88,25.0,25.0,True,False,False
sample_10,beam,89,25.0,25.0,True,False,False
sample_10,beam,90,25.0,25.0,True,False,False
sample_10,beam,91,25.0,25.0,True,False,False
sample_10,beam,92,25.0,25.0,True,False,False
sample_10,beam,93,75.0,55.0,False,False,True
sample_10,beam,94,75.0,55.0,False,False,True
sample_10,beam,95,75.0,55.0,False,False,True
sample_10,beam,96,75.0,55.0,False,False,True
sample_10,beam,97,75.0,55.0,False,False,True
sample_10,beam,98,80.0,60.0,False,False,True
sample_10,beam,99,50.0,50.0,True,False,False
sample_10,beam,100,50.0,55.0,True,False,False
sample_10,beam,101,50.0,55.0,True,False,False
sample_10,beam,102,50.0,60.0,True,False,False
sample_10,beam,103,50.0,60.0,True,False,False
sample_10,beam,104,50.0,60.0,True,False,False
sample_10,beam,105,50.0,60.0,True,False,False
sample_10,beam,106,75.0,55.0,False,False,True
sample_10,beam,107,75.0,55.0,False,False,True
sample_10,beam,108,75.0,55.0,False,False,True
sample_10,beam,109,75.0,55.0,False,False,True
sample_10,beam,110,75.0,55.0,False,False,True
sample_10,beam,111,80.0,60.0,False,False,True
sample_10,beam,112,75.0,55.0,False,False,True
sample_10,beam,113,75.0,55.0,False,False,True
sample_10,beam,114,75.0,55.0,False,False,True
sample_10,beam,115,75.0,55.0,False,False,True
sample_10,beam,116,75.0,55.0,False,False,True
sample_10,beam,117,70.0,55.0,False,False,True
sample_10,beam,118,70.0,55.0,False,False,True
sample_10,beam,119,70.0,55.0,False,False,True
sample_10,beam,120,70.0,55.0,False,False,True
sample_10,beam,121,70.0,55.0,False,False,True
sample_10,beam,122,70.0,55.0,False,False,True
sample_10,beam,123,50.0,50.0,True,False,False
sample_10,beam,124,50.0,55.0,True,False,False
sample_10,beam,125,50.0,55.0,True,False,False
sample_10,beam,126,50.0,60.0,True,False,False
sample_10,beam,127,50.0,60.0,True,False,False
sample_10,beam,128,50.0,60.0,True,False,False
sample_10,beam,129,50.0,60.0,True,False,False
sample_10,beam,130,75.0,55.0,False,False,True
sample_10,beam,131,75.0,55.0,False,False,True
sample_10,beam,132,75.0,55.0,False,False,True
sample_10,beam,133,75.0,55.0,False,False,True
sample_10,beam,134,75.0,55.0,False,False,True
sample_10,beam,135,75.0,55.0,False,False,True
sample_10,beam,136,50.0,55.0,True,False,False
sample_10,beam,137,50.0,55.0,True,False,False
sample_10,beam,138,50.0,60.0,True,False,False
sample_10,beam,139,50.0,60.0,True,False,False
sample_10,beam,140,50.0,60.0,True,False,False
sample_10,beam,141,50.0,60.0,True,False,False
sample_10,beam,142,75.0,55.0,False,False,True
sample_10,beam,143,75.0,55.0,False,False,True
sample_10,beam,144,75.0,55.0,False,False,True
sample_10,beam,145,75.0,55.0,False,False,True
sample_10,beam,146,75.0,55.0,False,False,True
sample_10,beam,147,75.0,55.0,False,False,True
sample_10,beam,148,75.0,55.0,False,False,True
sample_10,beam,149,75.0,55.0,False,False,True
sample_10,beam,150,75.0,55.0,False,False,True
sample_10,beam,151,75.0,55.0,False,False,True
sample_10,beam,152,75.0,55.0,False,False,True
sample_10,beam,153,75.0,55.0,False,False,True
sample_10,beam,154,75.0,55.0,False,False,True
sample_10,beam,155,75.0,55.0,False,False,True
sample_10,beam,156,75.0,55.0,False,False,True
sample_10,beam,157,75.0,55.0,False,False,True
sample_10,beam,158,80.0,60.0,False,False,True
sample_10,beam,159,50.0,55.0,True,False,False
sample_10,beam,160,50.0,55.0,True,False,False
sample_10,beam,161,50.0,55.0,True,False,False
sample_10,beam,162,50.0,55.0,True,False,False
sample_10,beam,163,50.0,55.0,True,False,False
sample_10,beam,164,50.0,60.0,True,False,False
sample_10,beam,165,75.0,55.0,False,False,True
sample_10,beam,166,75.0,55.0,False,False,True
sample_10,beam,167,75.0,55.0,False,False,True
sample_10,beam,168,75.0,55.0,False,False,True
sample_10,beam,169,75.0,55.0,False,False,True
sample_10,beam,170,80.0,60.0,False,False,True
sample_10,beam,171,75.0,55.0,False,False,True
sample_10,beam,172,75.0,55.0,False,False,True
sample_10,beam,173,75.0,55.0,False,False,True
sample_10,beam,174,75.0,55.0,False,False,True
sample_10,beam,175,75.0,55.0,False,False,True
sample_10,column,0,50.0,50.0,True,False,False
sample_10,column,1,50.0,50.0,True,False,False
sample_10,column,2,60.0,60.0,True,False,False
sample_10,column,3,60.0,60.0,True,False,False
sample_10,column,4,60.0,60.0,True,False,False
sample_10,column,5,60.0,60.0,True,False,False
sample_10,column,6,60.0,60.0,True,False,False
sample_10,column,7,60.0,60.0,True,False,False
sample_10,column,8,60.0,60.0,True,False,False
sample_10,column,9,60.0,60.0,True,False,False
sample_10,column,10,60.0,60.0,True,False,False
sample_10,column,11,60.0,60.0,True,False,False
sample_10,column,12,60.0,60.0,True,False,False
sample_10,column,13,60.0,60.0,True,False,False
sample_10,column,14,60.0,60.0,True,False,False
sample_10,column,15,60.0,60.0,True,False,False
sample_10,column,16,60.0,60.0,True,False,False
sample_10,column,17,60.0,60.0,True,False,False
sample_10,column,18,60.0,60.0,True,False,False
sample_10,column,19,60.0,60.0,True,False,False
sample_10,column,20,60.0,60.0,True,False,False
sample_10,column,21,60.0,60.0,True,False,False
sample_10,column,22,60.0,60.0,True,False,False
sample_10,column,23,60.0,60.0,True,False,False
sample_10,column,24,60.0,60.0,True,False,False
sample_10,column,25,60.0,60.0,True,False,False
sample_10,column,26,50.0,50.0,True,False,False
sample_10,column,27,60.0,60.0,True,False,False
sample_10,column,28,60.0,60.0,True,False,False
sample_10,column,29,65.0,65.0,True,False,False
sample_10,column,30,70.0,70.0,True,False,False
sample_10,column,31,70.0,70.0,True,False,False
sample_10,column,32,70.0,70.0,True,False,False
sample_10,column,33,50.0,50.0,True,False,False
sample_10,column,34,60.0,60.0,True,False,False
sample_10,column,35,60.0,60.0,True,False,False
sample_10,column,36,60.0,60.0,True,False,False
sample_10,column,37,60.0,60.0,True,False,False
sample_10,column,38,60.0,60.0,True,False,False
sample_10,column,39,60.0,60.0,True,False,False
sample_10,column,40,60.0,60.0,True,False,False
sample_10,column,41,60.0,60.0,True,False,False
sample_10,column,42,60.0,60.0,True,False,False
sample_10,column,43,60.0,60.0,True,False,False
sample_10,column,44,65.0,65.0,True,False,False
sample_10,column,45,65.0,65.0,True,False,False
sample_10,column,46,60.0,60.0,True,False,False
sample_10,column,47,60.0,60.0,True,False,False
sample_10,column,48,65.0,65.0,True,False,False
sample_10,column,49,70.0,70.0,True,False,False
sample_10,column,50,70.0,70.0,True,False,False
sample_10,column,51,70.0,70.0,True,False,False
sample_10,column,52,50.0,50.0,True,False,False
sample_10,column,53,60.0,60.0,True,False,False
sample_10,column,54,60.0,60.0,True,False,False
sample_10,column,55,65.0,65.0,True,False,False
sample_10,column,56,70.0,70.0,True,False,False
sample_10,column,57,70.0,70.0,True,False,False
sample_10,column,58,70.0,70.0,True,False,False
sample_10,column,59,50.0,50.0,True,False,False
sample_10,column,60,60.0,60.0,True,False,False
sample_10,column,61,60.0,60.0,True,False,False
sample_10,column,62,60.0,60.0,True,False,False
sample_10,column,63,60.0,60.0,True,False,False
sample_10,column,64,60.0,60.0,True,False,False
sample_10,column,65,60.0,60.0,True,False,False
sample_10,column,66,60.0,60.0,True,False,False
sample_10,column,67,60.0,60.0,True,False,False
sample_10,column,68,60.0,60.0,True,False,False
sample_10,column,69,65.0,65.0,True,False,False
sample_10,column,70,65.0,65.0,True,False,False
sample_10,column,71,65.0,65.0,True,False,False
sample_10,column,72,60.0,60.0,True,False,False
sample_10,column,73,60.0,60.0,True,False,False
sample_10,column,74,60.0,60.0,True,False,False
sample_10,column,75,70.0,70.0,True,False,False
sample_10,column,76,70.0,70.0,True,False,False
sample_10,column,77,70.0,70.0,True,False,False
sample_10,column,78,60.0,60.0,True,False,False
sample_10,column,79,60.0,60.0,True,False,False
sample_10,column,80,60.0,60.0,True,False,False
sample_10,column,81,60.0,60.0,True,False,False
sample_10,column,82,65.0,65.0,True,False,False
sample_10,column,83,65.0,65.0,True,False,False
sample_10,column,84,60.0,60.0,True,False,False
sample_10,column,85,60.0,60.0,True,False,False
sample_10,column,86,60.0,60.0,True,False,False
sample_10,column,87,65.0,65.0,True,False,False
sample_10,column,88,70.0,70.0,True,False,False
sample_10,column,89,70.0,70.0,True,False,False
sample_10,column,90,60.0,60.0,True,False,False
sample_10,column,91,60.0,60.0,True,False,False
sample_10,column,92,60.0,60.0,True,False,False
sample_10,column,93,60.0,60.0,True,False,False
sample_10,column,94,65.0,65.0,True,False,False
sample_10,column,95,65.0,65.0,True,False,False
sample_146,beam,0,50.0,40.0,False,False,True
sample_146,beam,1,60.0,60.0,True,False,False
sample_146,beam,2,50.0,40.0,False,False,True
sample_146,beam,3,50.0,40.0,False,False,True
sample_146,beam,4,50.0,40.0,False,False,True
sample_146,beam,5,50.0,45.0,False,False,True
sample_146,beam,6,50.0,45.0,False,False,True
sample_146,beam,7,60.0,60.0,True,False,False
sample_146,beam,8,60.0,60.0,True,False,False
sample_146,beam,9,60.0,60.0,True,False,False
sample_146,beam,10,60.0,60.0,True,False,False
sample_146,beam,11,60.0,60.0,True,False,False
sample_146,beam,12,60.0,60.0,True,False,False
sample_146,beam,13,60.0,60.0,True,False,False
sample_146,beam,14,60.0,60.0,True,False,False
sample_146,beam,15,60.0,60.0,True,False,False
sample_146,beam,16,60.0,60.0,True,False,False
sample_146,beam,17,50.0,40.0,False,False,True
sample_146,beam,18,50.0,40.0,False,False,True
sample_146,beam,19,50.0,40.0,False,False,True
sample_146,beam,20,50.0,45.0,False,False,True
sample_146,beam,21,50.0,45.0,False,False,True
sample_146,beam,22,50.0,40.0,False,False,True
sample_146,beam,23,50.0,40.0,False,False,True
sample_146,beam,24,50.0,40.0,False,False,True
sample_146,beam,25,50.0,45.0,False,False,True
sample_146,beam,26,50.0,45.0,False,False,True
sample_146,beam,27,50.0,40.0,False,False,True
sample_146,beam,28,50.0,40.0,False,False,True
sample_146,beam,29,50.0,40.0,False,False,True
sample_146,beam,30,50.0,45.0,False,False,True
sample_146,beam,31,50.0,45.0,False,False,True
sample_146,beam,32,50.0,30.0,False,False,True
sample_146,beam,33,50.0,30.0,False,False,True
sample_146,beam,34,50.0,30.0,False,False,True
sample_146,beam,35,50.0,30.0,False,False,True
sample_146,beam,36,50.0,30.0,False,False,True
sample_146,beam,37,60.0,60.0,True,False,False
sample_146,beam,38,60.0,60.0,True,False,False
sample_146,beam,39,50.0,40.0,False,False,True
sample_146,beam,40,50.0,40.0,False,False,True
sample_146,beam,41,50.0,40.0,False,False,True
sample_146,beam,42,50.0,45.0,False,False,True
sample_146,beam,43,50.0,45.0,False,False,True
sample_146,beam,44,50.0,40.0,False,False,True
sample_146,beam,45,50.0,40.0,False,False,True
sample_146,beam,46,50.0,40.0,False,False,True
sample_146,beam,47,50.0,40.0,False,False,True
sample_146,beam,48,50.0,40.0,False,False,True
sample_146,beam,49,50.0,40.0,False,False,True
sample_146,beam,50,50.0,45.0,False,False,True
sample_146,beam,51,50.0,45.0,False,False,True
sample_146,beam,52,50.0,45.0,False,False,True
sample_146,beam,53,50.0,45.0,False,False,True
sample_146,beam,54,60.0,60.0,True,False,False
sample_146,beam,55,60.0,60.0,True,False,False
sample_146,beam,56,60.0,40.0,False,False,True
sample_146,beam,57,60.0,40.0,False,False,True
sample_146,beam,58,60.0,60.0,True,False,False
sample_146,beam,59,50.0,40.0,False,False,True
sample_146,beam,60,50.0,40.0,False,False,True
sample_146,beam,61,50.0,40.0,False,False,True
sample_146,beam,62,50.0,40.0,False,False,True
sample_146,beam,63,50.0,40.0,False,False,True
sample_146,beam,64,50.0,40.0,False,False,True
sample_146,beam,65,50.0,45.0,False,False,True
sample_146,beam,66,50.0,45.0,False,False,True
sample_146,beam,67,50.0,45.0,False,False,True
sample_146,beam,68,50.0,45.0,False,False,True
sample_146,beam,69,60.0,60.0,True,False,False
sample_146,beam,70,60.0,60.0,True,False,False
sample_146,beam,71,60.0,60.0,True,False,False
sample_146,beam,72,60.0,60.0,True,False,False
sample_146,beam,73,50.0,50.0,True,False,False
sample_146,beam,74,50.0,50.0,True,False,False
sample_146,beam,75,50.0,50.0,True,False,False
sample_146,beam,76,50.0,50.0,True,False,False
sample_146,beam,77,50.0,50.0,True,False,False
sample_146,beam,78,45.0,30.0,False,False,True
sample_146,beam,79,45.0,30.0,False,False,True
sample_146,beam,80,45.0,30.0,False,False,True
sample_146,beam,81,45.0,30.0,False,False,True
sample_146,beam,82,45.0,30.0,False,False,True
sample_146,beam,83,30.0,25.0,False,False,True
sample_146,beam,84,30.0,25.0,False,False,True
sample_146,beam,85,30.0,25.0,False,False,True
sample_146,beam,86,30.0,25.0,False,False,True
sample_146,beam,87,30.0,25.0,False,False,True
sample_146,beam,88,30.0,25.0,False,False,True
sample_146,beam,89,30.0,25.0,False,False,True
sample_146,beam,90,30.0,25.0,False,False,True
sample_146,beam,91,30.0,25.0,False,False,True
sample_146,beam,92,30.0,25.0,False,False,True
sample_146,column,0,65.0,50.0,False,False,True
sample_146,column,1,65.0,50.0,False,False,True
sample_146,column,2,65.0,50.0,False,False,True
sample_146,column,3,65.0,55.0,False,False,True
sample_146,column,4,65.0,55.0,False,False,True
sample_146,column,5,60.0,50.0,False,False,True
sample_146,column,6,60.0,50.0,False,False,True
sample_146,column,7,60.0,50.0,False,False,True
sample_146,column,8,60.0,55.0,False,False,True
sample_146,column,9,60.0,55.0,False,False,True
sample_146,column,10,60.0,50.0,False,False,True
sample_146,column,11,60.0,50.0,False,False,True
sample_146,column,12,60.0,50.0,False,False,True
sample_146,column,13,60.0,55.0,False,False,True
sample_146,column,14,60.0,55.0,False,False,True
sample_146,column,15,60.0,50.0,False,False,True
sample_146,column,16,60.0,50.0,False,False,True
sample_146,column,17,60.0,50.0,False,False,True
sample_146,column,18,60.0,55.0,False,False,True
sample_146,column,19,60.0,55.0,False,False,True
sample_146,column,20,60.0,50.0,False,False,True
sample_146,column,21,60.0,50.0,False,False,True
sample_146,column,22,60.0,50.0,False,False,True
sample_146,column,23,60.0,55.0,False,False,True
sample_146,column,24,60.0,55.0,False,False,True
sample_146,column,25,60.0,50.0,False,False,True
sample_146,column,26,60.0,50.0,False,False,True
sample_146,column,27,60.0,50.0,False,False,True
sample_146,column,28,60.0,55.0,False,False,True
sample_146,column,29,60.0,55.0,False,False,True
sample_146,column,30,60.0,50.0,False,False,True
sample_146,column,31,60.0,50.0,False,False,True
sample_146,column,32,60.0,50.0,False,False,True
sample_146,column,33,60.0,55.0,False,False,True
sample_146,column,34,60.0,55.0,False,False,True
sample_146,column,35,60.0,50.0,False,False,True
sample_146,column,36,60.0,50.0,False,False,True
sample_146,column,37,60.0,50.0,False,False,True
sample_146,column,38,60.0,55.0,False,False,True
sample_146,column,39,60.0,55.0,False,False,True
sample_146,column,40,60.0,50.0,False,False,True
sample_146,column,41,60.0,50.0,False,False,True
sample_146,column,42,60.0,50.0,False,False,True
sample_146,column,43,60.0,50.0,False,False,True
sample_146,column,44,65.0,50.0,False,False,True
sample_146,column,45,60.0,50.0,False,False,True
sample_146,column,46,60.0,50.0,False,False,True
sample_146,column,47,60.0,50.0,False,False,True
sample_233,beam,0,62.0,50.0,False,False,True
sample_233,beam,1,62.0,50.0,False,False,True
sample_233,beam,2,72.0,60.0,False,False,True
sample_233,beam,3,72.0,60.0,False,False,True
sample_233,beam,4,72.0,60.0,False,False,True
sample_233,beam,5,72.0,60.0,False,False,True
sample_233,beam,6,72.0,60.0,False,False,True
sample_233,beam,7,72.0,60.0,False,False,True
sample_233,beam,8,72.0,60.0,False,False,True
sample_233,beam,9,30.0,25.0,False,False,True
sample_233,beam,10,72.0,60.0,False,False,True
sample_233,beam,11,72.0,60.0,False,False,True
sample_233,beam,12,62.0,50.0,False,False,True
sample_233,beam,13,72.0,60.0,False,False,True
sample_233,beam,14,72.0,60.0,False,False,True
sample_233,beam,15,72.0,60.0,False,False,True
sample_233,beam,16,52.0,40.0,False,False,True
sample_233,beam,17,37.0,30.0,False,False,True
sample_233,beam,18,72.0,60.0,False,False,True
sample_233,beam,19,37.0,30.0,False,False,True
sample_233,beam,20,37.0,30.0,False,False,True
sample_233,beam,21,37.0,30.0,False,False,True
sample_233,beam,22,72.0,60.0,False,False,True
sample_233,beam,23,72.0,60.0,False,False,True
sample_233,beam,24,52.0,40.0,False,False,True
sample_233,beam,25,52.0,40.0,False,False,True
sample_233,beam,26,52.0,40.0,False,False,True
sample_233,beam,27,72.0,60.0,False,False,True
sample_233,beam,28,72.0,60.0,False,False,True
sample_233,beam,29,72.0,60.0,False,False,True
sample_233,beam,30,72.0,60.0,False,False,True
sample_233,beam,31,37.0,30.0,False,False,True
sample_233,beam,32,72.0,60.0,False,False,True
sample_233,beam,33,30.0,25.0,False,False,True
sample_233,beam,34,72.0,60.0,False,False,True
sample_233,beam,35,72.0,60.0,False,False,True
sample_233,beam,36,72.0,60.0,False,False,True
sample_233,beam,37,72.0,60.0,False,False,True
sample_233,beam,38,72.0,60.0,False,False,True
sample_233,beam,39,72.0,60.0,False,False,True
sample_233,beam,40,37.0,30.0,False,False,True
sample_233,beam,41,72.0,60.0,False,False,True
sample_233,beam,42,72.0,60.0,False,False,True
sample_233,beam,43,72.0,60.0,False,False,True
sample_233,beam,44,72.0,60.0,False,False,True
sample_233,beam,45,37.0,30.0,False,False,True
sample_233,beam,46,72.0,60.0,False,False,True
sample_233,beam,47,37.0,30.0,False,False,True
sample_233,beam,48,37.0,30.0,False,False,True
sample_233,beam,49,52.0,40.0,False,False,True
sample_233,beam,50,72.0,60.0,False,False,True
sample_233,beam,51,72.0,60.0,False,False,True
sample_233,beam,52,72.0,60.0,False,False,True
sample_233,beam,53,37.0,30.0,False,False,True
sample_233,beam,54,37.0,30.0,False,False,True
sample_233,beam,55,37.0,30.0,False,False,True
sample_233,beam,56,37.0,30.0,False,False,True
sample_233,beam,57,72.0,60.0,False,False,True
sample_233,beam,58,37.0,30.0,False,False,True
sample_233,beam,59,37.0,30.0,False,False,True
sample_233,beam,60,37.0,30.0,False,False,True
sample_233,beam,61,72.0,60.0,False,False,True
sample_233,beam,62,37.0,30.0,False,False,True
sample_233,beam,63,72.0,60.0,False,False,True
sample_233,beam,64,37.0,30.0,False,False,True
sample_233,beam,65,37.0,30.0,False,False,True
sample_233,beam,66,62.0,50.0,False,False,True
sample_233,beam,67,62.0,50.0,False,False,True
sample_233,beam,68,62.0,50.0,False,False,True
sample_233,beam,69,37.0,30.0,False,False,True
sample_233,beam,70,72.0,60.0,False,False,True
sample_233,beam,71,62.0,50.0,False,False,True
sample_233,beam,72,37.0,30.0,False,False,True
sample_233,beam,73,37.0,30.0,False,False,True
sample_233,beam,74,62.0,50.0,False,False,True
sample_233,beam,75,30.0,25.0,False,False,True
sample_233,beam,76,62.0,50.0,False,False,True
sample_233,beam,77,62.0,50.0,False,False,True
sample_233,beam,78,62.0,50.0,False,False,True
sample_233,beam,79,62.0,50.0,False,False,True
sample_233,beam,80,62.0,50.0,False,False,True
sample_233,beam,81,62.0,50.0,False,False,True
sample_233,beam,82,62.0,50.0,False,False,True
sample_233,beam,83,62.0,50.0,False,False,True
sample_233,beam,84,37.0,30.0,False,False,True
sample_233,beam,85,37.0,30.0,False,False,True
sample_233,beam,86,52.0,40.0,False,False,True
sample_233,beam,87,62.0,50.0,False,False,True
sample_233,beam,88,37.0,30.0,False,False,True
sample_233,beam,89,62.0,50.0,False,False,True
sample_233,beam,90,62.0,50.0,False,False,True
sample_233,beam,91,37.0,30.0,False,False,True
sample_233,beam,92,62.0,50.0,False,False,True
sample_233,beam,93,62.0,50.0,False,False,True
sample_233,beam,94,37.0,30.0,False,False,True
sample_233,beam,95,37.0,30.0,False,False,True
sample_233,beam,96,37.0,30.0,False,False,True
sample_233,beam,97,37.0,30.0,False,False,True
sample_233,beam,98,62.0,50.0,False,False,True
sample_233,beam,99,37.0,30.0,False,False,True
sample_233,beam,100,37.0,30.0,False,False,True
sample_233,beam,101,62.0,50.0,False,False,True
sample_233,beam,102,37.0,30.0,False,False,True
sample_233,beam,103,62.0,50.0,False,False,True
sample_233,beam,104,37.0,30.0,False,False,True
sample_233,beam,105,62.0,50.0,False,False,True
sample_233,beam,106,37.0,30.0,False,False,True
sample_233,beam,107,37.0,30.0,False,False,True
sample_233,beam,108,37.0,30.0,False,False,True
sample_233,beam,109,37.0,30.0,False,False,True
sample_233,beam,110,62.0,50.0,False,False,True
sample_233,beam,111,37.0,30.0,False,False,True
sample_233,beam,112,37.0,30.0,False,False,True
sample_233,beam,113,62.0,50.0,False,False,True
sample_233,beam,114,62.0,50.0,False,False,True
sample_233,beam,115,62.0,50.0,False,False,True
sample_233,beam,116,62.0,50.0,False,False,True
sample_233,beam,117,62.0,50.0,False,False,True
sample_233,beam,118,30.0,25.0,False,False,True
sample_233,beam,119,62.0,50.0,False,False,True
sample_233,beam,120,62.0,50.0,False,False,True
sample_233,beam,121,62.0,50.0,False,False,True
sample_233,beam,122,62.0,50.0,False,False,True
sample_233,beam,123,62.0,50.0,False,False,True
sample_233,beam,124,62.0,50.0,False,False,True
sample_233,beam,125,62.0,50.0,False,False,True
sample_233,beam,126,62.0,50.0,False,False,True
sample_233,beam,127,37.0,30.0,False,False,True
sample_233,beam,128,37.0,30.0,False,False,True
sample_233,beam,129,52.0,40.0,False,False,True
sample_233,beam,130,62.0,50.0,False,False,True
sample_233,beam,131,37.0,30.0,False,False,True
sample_233,beam,132,62.0,50.0,False,False,True
sample_233,beam,133,62.0,50.0,False,False,True
sample_233,beam,134,37.0,30.0,False,False,True
sample_233,beam,135,62.0,50.0,False,False,True
sample_233,beam,136,62.0,50.0,False,False,True
sample_233,beam,137,37.0,30.0,False,False,True
sample_233,beam,138,37.0,30.0,False,False,True
sample_233,beam,139,37.0,30.0,False,False,True
sample_233,beam,140,37.0,30.0,False,False,True
sample_233,beam,141,62.0,50.0,False,False,True
sample_233,beam,142,37.0,30.0,False,False,True
sample_233,beam,143,37.0,30.0,False,False,True
sample_233,beam,144,62.0,50.0,False,False,True
sample_233,beam,145,37.0,30.0,False,False,True
sample_233,beam,146,62.0,50.0,False,False,True
sample_233,beam,147,37.0,30.0,False,False,True
sample_233,beam,148,62.0,50.0,False,False,True
sample_233,beam,149,37.0,30.0,False,False,True
sample_233,beam,150,37.0,30.0,False,False,True
sample_233,beam,151,37.0,30.0,False,False,True
sample_233,beam,152,37.0,30.0,False,False,True
sample_233,beam,153,62.0,50.0,False,False,True
sample_233,beam,154,37.0,30.0,False,False,True
sample_233,beam,155,37.0,30.0,False,False,True
sample_233,beam,156,62.0,50.0,False,False,True
sample_233,beam,157,62.0,50.0,False,False,True
sample_233,beam,158,62.0,50.0,False,False,True
sample_233,beam,159,62.0,50.0,False,False,True
sample_233,beam,160,62.0,50.0,False,False,True
sample_233,beam,161,30.0,25.0,False,False,True
sample_233,beam,162,62.0,50.0,False,False,True
sample_233,beam,163,62.0,50.0,False,False,True
sample_233,beam,164,62.0,50.0,False,False,True
sample_233,beam,165,62.0,50.0,False,False,True
sample_233,beam,166,62.0,50.0,False,False,True
sample_233,beam,167,62.0,50.0,False,False,True
sample_233,beam,168,62.0,50.0,False,False,True
sample_233,beam,169,62.0,50.0,False,False,True
sample_233,beam,170,37.0,30.0,False,False,True
sample_233,beam,171,37.0,30.0,False,False,True
sample_233,beam,172,52.0,40.0,False,False,True
sample_233,beam,173,62.0,50.0,False,False,True
sample_233,beam,174,37.0,30.0,False,False,True
sample_233,beam,175,62.0,50.0,False,False,True
sample_233,beam,176,62.0,50.0,False,False,True
sample_233,beam,177,37.0,30.0,False,False,True
sample_233,beam,178,62.0,50.0,False,False,True
sample_233,beam,179,62.0,50.0,False,False,True
sample_233,beam,180,37.0,30.0,False,False,True
sample_233,beam,181,37.0,30.0,False,False,True
sample_233,beam,182,37.0,30.0,False,False,True
sample_233,beam,183,37.0,30.0,False,False,True
sample_233,beam,184,62.0,50.0,False,False,True
sample_233,beam,185,37.0,30.0,False,False,True
sample_233,beam,186,37.0,30.0,False,False,True
sample_233,beam,187,62.0,50.0,False,False,True
sample_233,beam,188,37.0,30.0,False,False,True
sample_233,beam,189,62.0,50.0,False,False,True
sample_233,beam,190,37.0,30.0,False,False,True
sample_233,beam,191,62.0,50.0,False,False,True
sample_233,beam,192,37.0,30.0,False,False,True
sample_233,beam,193,37.0,30.0,False,False,True
sample_233,beam,194,37.0,30.0,False,False,True
sample_233,beam,195,37.0,30.0,False,False,True
sample_233,beam,196,62.0,50.0,False,False,True
sample_233,beam,197,37.0,30.0,False,False,True
sample_233,beam,198,37.0,30.0,False,False,True
sample_233,beam,199,72.0,60.0,False,False,True
sample_233,beam,200,72.0,60.0,False,False,True
sample_233,beam,201,72.0,60.0,False,False,True
sample_233,beam,202,72.0,60.0,False,False,True
sample_233,beam,203,72.0,60.0,False,False,True
sample_233,beam,204,30.0,25.0,False,False,True
sample_233,beam,205,72.0,60.0,False,False,True
sample_233,beam,206,72.0,60.0,False,False,True
sample_233,beam,207,72.0,60.0,False,False,True
sample_233,beam,208,72.0,60.0,False,False,True
sample_233,beam,209,72.0,60.0,False,False,True
sample_233,beam,210,72.0,60.0,False,False,True
sample_233,beam,211,72.0,60.0,False,False,True
sample_233,beam,212,72.0,60.0,False,False,True
sample_233,beam,213,37.0,30.0,False,False,True
sample_233,beam,214,37.0,30.0,False,False,True
sample_233,beam,215,52.0,40.0,False,False,True
sample_233,beam,216,72.0,60.0,False,False,True
sample_233,beam,217,37.0,30.0,False,False,True
sample_233,beam,218,72.0,60.0,False,False,True
sample_233,beam,219,72.0,60.0,False,False,True
sample_233,beam,220,37.0,30.0,False,False,True
sample_233,beam,221,72.0,60.0,False,False,True
sample_233,beam,222,72.0,60.0,False,False,True
sample_233,beam,223,37.0,30.0,False,False,True
sample_233,beam,224,37.0,30.0,False,False,True
sample_233,beam,225,37.0,30.0,False,False,True
sample_233,beam,226,37.0,30.0,False,False,True
sample_233,beam,227,72.0,60.0,False,False,True
sample_233,beam,228,37.0,30.0,False,False,True
sample_233,beam,229,37.0,30.0,False,False,True
sample_233,beam,230,72.0,60.0,False,False,True
sample_233,beam,231,37.0,30.0,False,False,True
sample_233,beam,232,72.0,60.0,False,False,True
sample_233,beam,233,37.0,30.0,False,False,True
sample_233,beam,234,72.0,60.0,False,False,True
sample_233,beam,235,37.0,30.0,False,False,True
sample_233,beam,236,37.0,30.0,False,False,True
sample_233,beam,237,37.0,30.0,False,False,True
sample_233,beam,238,37.0,30.0,False,False,True
sample_233,beam,239,72.0,60.0,False,False,True
sample_233,beam,240,37.0,30.0,False,False,True
sample_233,beam,241,37.0,30.0,False,False,True
sample_233,beam,242,72.0,60.0,False,False,True
sample_233,beam,243,72.0,60.0,False,False,True
sample_233,beam,244,72.0,60.0,False,False,True
sample_233,beam,245,72.0,60.0,False,False,True
sample_233,beam,246,72.0,60.0,False,False,True
sample_233,beam,247,30.0,25.0,False,False,True
sample_233,beam,248,72.0,60.0,False,False,True
sample_233,beam,249,72.0,60.0,False,False,True
sample_233,beam,250,72.0,60.0,False,False,True
sample_233,beam,251,72.0,60.0,False,False,True
sample_233,beam,252,72.0,60.0,False,False,True
sample_233,beam,253,72.0,60.0,False,False,True
sample_233,beam,254,72.0,60.0,False,False,True
sample_233,beam,255,72.0,60.0,False,False,True
sample_233,beam,256,37.0,30.0,False,False,True
sample_233,beam,257,37.0,30.0,False,False,True
sample_233,beam,258,52.0,40.0,False,False,True
sample_233,beam,259,72.0,60.0,False,False,True
sample_233,beam,260,37.0,30.0,False,False,True
sample_233,beam,261,72.0,60.0,False,False,True
sample_233,beam,262,72.0,60.0,False,False,True
sample_233,beam,263,37.0,30.0,False,False,True
sample_233,beam,264,72.0,60.0,False,False,True
sample_233,beam,265,72.0,60.0,False,False,True
sample_233,beam,266,37.0,30.0,False,False,True
sample_233,beam,267,37.0,30.0,False,False,True
sample_233,beam,268,37.0,30.0,False,False,True
sample_233,beam,269,37.0,30.0,False,False,True
sample_233,beam,270,72.0,60.0,False,False,True
sample_233,beam,271,37.0,30.0,False,False,True
sample_233,beam,272,37.0,30.0,False,False,True
sample_233,beam,273,72.0,60.0,False,False,True
sample_233,beam,274,37.0,30.0,False,False,True
sample_233,beam,275,72.0,60.0,False,False,True
sample_233,beam,276,37.0,30.0,False,False,True
sample_233,beam,277,72.0,60.0,False,False,True
sample_233,beam,278,37.0,30.0,False,False,True
sample_233,beam,279,37.0,30.0,False,False,True
sample_233,beam,280,37.0,30.0,False,False,True
sample_233,beam,281,37.0,30.0,False,False,True
sample_233,beam,282,72.0,60.0,False,False,True
sample_233,beam,283,37.0,30.0,False,False,True
sample_233,beam,284,37.0,30.0,False,False,True
sample_233,beam,285,72.0,60.0,False,False,True
sample_233,beam,286,72.0,60.0,False,False,True
sample_233,beam,287,72.0,60.0,False,False,True
sample_233,beam,288,72.0,60.0,False,False,True
sample_233,beam,289,72.0,60.0,False,False,True
sample_233,beam,290,30.0,25.0,False,False,True
sample_233,beam,291,72.0,60.0,False,False,True
sample_233,beam,292,72.0,60.0,False,False,True
sample_233,beam,293,72.0,60.0,False,False,True
sample_233,beam,294,72.0,60.0,False,False,True
sample_233,beam,295,72.0,60.0,False,False,True
sample_233,beam,296,72.0,60.0,False,False,True
sample_233,beam,297,72.0,60.0,False,False,True
sample_233,beam,298,72.0,60.0,False,False,True
sample_233,beam,299,37.0,30.0,False,False,True
sample_233,beam,300,37.0,30.0,False,False,True
sample_233,beam,301,52.0,40.0,False,False,True
sample_233,beam,302,72.0,60.0,False,False,True
sample_233,beam,303,37.0,30.0,False,False,True
sample_233,beam,304,72.0,60.0,False,False,True
sample_233,beam,305,72.0,60.0,False,False,True
sample_233,beam,306,37.0,30.0,False,False,True
sample_233,beam,307,72.0,60.0,False,False,True
sample_233,beam,308,72.0,60.0,False,False,True
sample_233,beam,309,37.0,30.0,False,False,True
sample_233,beam,310,37.0,30.0,False,False,True
sample_233,beam,311,37.0,30.0,False,False,True
sample_233,beam,312,37.0,30.0,False,False,True
sample_233,beam,313,72.0,60.0,False,False,True
sample_233,beam,314,37.0,30.0,False,False,True
sample_233,beam,315,37.0,30.0,False,False,True
sample_233,beam,316,72.0,60.0,False,False,True
sample_233,beam,317,37.0,30.0,False,False,True
sample_233,beam,318,72.0,60.0,False,False,True
sample_233,beam,319,37.0,30.0,False,False,True
sample_233,beam,320,72.0,60.0,False,False,True
sample_233,beam,321,37.0,30.0,False,False,True
sample_233,beam,322,37.0,30.0,False,False,True
sample_233,beam,323,37.0,30.0,False,False,True
sample_233,beam,324,37.0,30.0,False,False,True
sample_233,beam,325,72.0,60.0,False,False,True
sample_233,beam,326,37.0,30.0,False,False,True
sample_233,beam,327,37.0,30.0,False,False,True
sample_233,beam,328,62.0,50.0,False,False,True
sample_233,beam,329,62.0,50.0,False,False,True
sample_233,beam,330,62.0,50.0,False,False,True
sample_233,beam,331,37.0,30.0,False,False,True
sample_233,beam,332,62.0,50.0,False,False,True
sample_233,beam,333,62.0,50.0,False,False,True
sample_233,column,0,50.0,50.0,True,False,False
sample_233,column,1,70.0,70.0,True,False,False
sample_233,column,2,50.0,50.0,True,False,False
sample_233,column,3,50.0,50.0,True,False,False
sample_233,column,4,50.0,50.0,True,False,False
sample_233,column,5,50.0,50.0,True,False,False
sample_233,column,6,70.0,70.0,True,False,False
sample_233,column,7,60.0,60.0,True,False,False
sample_233,column,8,70.0,70.0,True,False,False
sample_233,column,9,70.0,70.0,True,False,False
sample_233,column,10,70.0,70.0,True,False,False
sample_233,column,11,70.0,70.0,True,False,False
sample_233,column,12,70.0,70.0,True,False,False
sample_233,column,13,70.0,70.0,True,False,False
sample_233,column,14,70.0,70.0,True,False,False
sample_233,column,15,70.0,70.0,True,False,False
sample_233,column,16,70.0,70.0,True,False,False
sample_233,column,17,70.0,70.0,True,False,False
sample_233,column,18,70.0,70.0,True,False,False
sample_233,column,19,70.0,70.0,True,False,False
sample_233,column,20,60.0,60.0,True,False,False
sample_233,column,21,60.0,60.0,True,False,False
sample_233,column,22,60.0,60.0,True,False,False
sample_233,column,23,60.0,60.0,True,False,False
sample_233,column,24,60.0,60.0,True,False,False
sample_233,column,25,60.0,60.0,True,False,False
sample_233,column,26,60.0,60.0,True,False,False
sample_233,column,27,60.0,60.0,True,False,False
sample_233,column,28,60.0,60.0,True,False,False
sample_233,column,29,70.0,70.0,True,False,False
sample_233,column,30,60.0,60.0,True,False,False
sample_233,column,31,60.0,60.0,True,False,False
sample_233,column,32,70.0,70.0,True,False,False
sample_233,column,33,60.0,60.0,True,False,False
sample_233,column,34,60.0,60.0,True,False,False
sample_233,column,35,60.0,60.0,True,False,False
sample_233,column,36,60.0,60.0,True,False,False
sample_233,column,37,60.0,60.0,True,False,False
sample_233,column,38,60.0,60.0,True,False,False
sample_233,column,39,60.0,60.0,True,False,False
sample_233,column,40,60.0,60.0,True,False,False
sample_233,column,41,60.0,60.0,True,False,False
sample_233,column,42,60.0,60.0,True,False,False
sample_233,column,43,60.0,60.0,True,False,False
sample_233,column,44,60.0,60.0,True,False,False
sample_233,column,45,70.0,70.0,True,False,False
sample_233,column,46,65.0,65.0,True,False,False
sample_233,column,47,65.0,65.0,True,False,False
sample_233,column,48,65.0,65.0,True,False,False
sample_233,column,49,65.0,65.0,True,False,False
sample_233,column,50,65.0,65.0,True,False,False
sample_233,column,51,65.0,65.0,True,False,False
sample_233,column,52,65.0,65.0,True,False,False
sample_233,column,53,65.0,65.0,True,False,False
sample_233,column,54,65.0,65.0,True,False,False
sample_233,column,55,65.0,65.0,True,False,False
sample_233,column,56,65.0,65.0,True,False,False
sample_233,column,57,65.0,65.0,True,False,False
sample_233,column,58,70.0,70.0,True,False,False
sample_233,column,59,70.0,70.0,True,False,False
sample_233,column,60,65.0,65.0,True,False,False
sample_233,column,61,65.0,65.0,True,False,False
sample_233,column,62,65.0,65.0,True,False,False
sample_233,column,63,65.0,65.0,True,False,False
sample_233,column,64,65.0,65.0,True,False,False
sample_233,column,65,65.0,65.0,True,False,False
sample_233,column,66,65.0,65.0,True,False,False
sample_233,column,67,65.0,65.0,True,False,False
sample_233,column,68,65.0,65.0,True,False,False
sample_233,column,69,65.0,65.0,True,False,False
sample_233,column,70,65.0,65.0,True,False,False
sample_233,column,71,65.0,65.0,True,False,False
sample_233,column,72,70.0,70.0,True,False,False
sample_233,column,73,70.0,70.0,True,False,False
sample_233,column,74,70.0,70.0,True,False,False
sample_233,column,75,70.0,70.0,True,False,False
sample_233,column,76,70.0,70.0,True,False,False
sample_233,column,77,70.0,70.0,True,False,False
sample_233,column,78,70.0,70.0,True,False,False
sample_233,column,79,70.0,70.0,True,False,False
sample_233,column,80,70.0,70.0,True,False,False
sample_233,column,81,70.0,70.0,True,False,False
sample_233,column,82,70.0,70.0,True,False,False
sample_233,column,83,70.0,70.0,True,False,False
sample_233,column,84,70.0,70.0,True,False,False
sample_233,column,85,70.0,70.0,True,False,False
sample_233,column,86,70.0,70.0,True,False,False
sample_233,column,87,70.0,70.0,True,False,False
sample_233,column,88,70.0,70.0,True,False,False
sample_233,column,89,70.0,70.0,True,False,False
sample_233,column,90,70.0,70.0,True,False,False
sample_233,column,91,70.0,70.0,True,False,False
sample_233,column,92,70.0,70.0,True,False,False
sample_233,column,93,70.0,70.0,True,False,False
sample_233,column,94,70.0,70.0,True,False,False
sample_233,column,95,70.0,70.0,True,False,False
sample_233,column,96,70.0,70.0,True,False,False
sample_233,column,97,70.0,70.0,True,False,False
sample_233,column,98,70.0,70.0,True,False,False
sample_233,column,99,70.0,70.0,True,False,False
sample_233,column,100,60.0,60.0,True,False,False
sample_233,column,101,60.0,60.0,True,False,False
sample_233,column,102,60.0,60.0,True,False,False
sample_233,column,103,60.0,60.0,True,False,False
sample_233,column,104,70.0,70.0,True,False,False
sample_216,beam,0,30.0,25.0,False,False,True
sample_216,beam,1,50.0,45.0,False,False,True
sample_216,beam,2,50.0,50.0,True,False,False
sample_216,beam,3,40.0,25.0,False,False,True
sample_216,beam,4,60.0,50.0,False,False,True
sample_216,beam,5,60.0,45.0,False,False,True
sample_216,beam,6,60.0,50.0,False,False,True
sample_216,beam,7,60.0,50.0,False,False,True
sample_216,beam,8,60.0,50.0,False,False,True
sample_216,beam,9,50.0,50.0,True,False,False
sample_216,beam,10,60.0,50.0,False,False,True
sample_216,beam,11,60.0,50.0,False,False,True
sample_216,beam,12,60.0,50.0,False,False,True
sample_216,beam,13,40.0,30.0,False,False,True
sample_216,beam,14,30.0,25.0,False,False,True
sample_216,beam,15,60.0,60.0,True,False,False
sample_216,beam,16,60.0,50.0,False,False,True
sample_216,beam,17,60.0,50.0,False,False,True
sample_216,beam,18,60.0,50.0,False,False,True
sample_216,beam,19,45.0,25.0,False,False,True
sample_216,beam,20,60.0,50.0,False,False,True
sample_216,beam,21,45.0,25.0,False,False,True
sample_216,beam,22,30.0,25.0,False,False,True
sample_216,beam,23,45.0,45.0,True,False,False
sample_216,beam,24,45.0,45.0,True,False,False
sample_216,beam,25,45.0,45.0,True,False,False
sample_216,beam,26,45.0,45.0,True,False,False
sample_216,beam,27,45.0,45.0,True,False,False
sample_216,beam,28,45.0,45.0,True,False,False
sample_216,beam,29,45.0,45.0,True,False,False
sample_216,beam,30,45.0,45.0,True,False,False
sample_216,beam,31,50.0,45.0,False,False,True
sample_216,beam,32,40.0,30.0,False,False,True
sample_216,beam,33,30.0,25.0,False,False,True
sample_216,beam,34,60.0,60.0,True,False,False
sample_216,beam,35,50.0,45.0,False,False,True
sample_216,beam,36,45.0,45.0,True,False,False
sample_216,beam,37,45.0,45.0,True,False,False
sample_216,beam,38,45.0,25.0,False,False,True
sample_216,beam,39,45.0,45.0,True,False,False
sample_216,beam,40,45.0,25.0,False,False,True
sample_216,beam,41,30.0,25.0,False,False,True
sample_216,beam,42,45.0,45.0,True,False,False
sample_216,beam,43,45.0,45.0,True,False,False
sample_216,beam,44,45.0,45.0,True,False,False
sample_216,beam,45,45.0,45.0,True,False,False
sample_216,beam,46,45.0,45.0,True,False,False
sample_216,beam,47,45.0,45.0,True,False,False
sample_216,beam,48,45.0,45.0,True,False,False
sample_216,beam,49,45.0,45.0,True,False,False
sample_216,beam,50,50.0,45.0,False,False,True
sample_216,beam,51,40.0,30.0,False,False,True
sample_216,beam,52,30.0,25.0,False,False,True
sample_216,beam,53,60.0,60.0,True,False,False
sample_216,beam,54,50.0,45.0,False,False,True
sample_216,beam,55,45.0,45.0,True,False,False
sample_216,beam,56,45.0,45.0,True,False,False
sample_216,beam,57,45.0,25.0,False,False,True
sample_216,beam,58,45.0,45.0,True,False,False
sample_216,beam,59,45.0,25.0,False,False,True
sample_216,beam,60,30.0,25.0,False,False,True
sample_216,beam,61,55.0,50.0,False,False,True
sample_216,beam,62,55.0,45.0,False,False,True
sample_216,beam,63,55.0,50.0,False,False,True
sample_216,beam,64,50.0,50.0,True,False,False
sample_216,beam,65,55.0,50.0,False,False,True
sample_216,beam,66,50.0,45.0,False,False,True
sample_216,beam,67,55.0,50.0,False,False,True
sample_216,beam,68,55.0,50.0,False,False,True
sample_216,beam,69,50.0,50.0,True,False,False
sample_216,beam,70,40.0,30.0,False,False,True
sample_216,beam,71,30.0,25.0,False,False,True
sample_216,beam,72,60.0,60.0,True,False,False
sample_216,beam,73,50.0,50.0,True,False,False
sample_216,beam,74,50.0,50.0,True,False,False
sample_216,beam,75,50.0,50.0,True,False,False
sample_216,beam,76,45.0,25.0,False,False,True
sample_216,beam,77,55.0,50.0,False,False,True
sample_216,beam,78,45.0,25.0,False,False,True
sample_216,beam,79,30.0,25.0,False,False,True
sample_216,beam,80,55.0,50.0,False,False,True
sample_216,beam,81,55.0,45.0,False,False,True
sample_216,beam,82,55.0,50.0,False,False,True
sample_216,beam,83,50.0,50.0,True,False,False
sample_216,beam,84,55.0,50.0,False,False,True
sample_216,beam,85,50.0,45.0,False,False,True
sample_216,beam,86,55.0,50.0,False,False,True
sample_216,beam,87,55.0,50.0,False,False,True
sample_216,beam,88,60.0,50.0,False,False,True
sample_216,beam,89,40.0,30.0,False,False,True
sample_216,beam,90,30.0,25.0,False,False,True
sample_216,beam,91,60.0,60.0,True,False,False
sample_216,beam,92,60.0,50.0,False,False,True
sample_216,beam,93,50.0,50.0,True,False,False
sample_216,beam,94,50.0,50.0,True,False,False
sample_216,beam,95,45.0,25.0,False,False,True
sample_216,beam,96,55.0,50.0,False,False,True
sample_216,beam,97,45.0,25.0,False,False,True
sample_216,beam,98,30.0,25.0,False,False,True
sample_216,beam,99,60.0,50.0,False,False,True
sample_216,beam,100,60.0,45.0,False,False,True
sample_216,beam,101,60.0,50.0,False,False,True
sample_216,beam,102,60.0,50.0,False,False,True
sample_216,beam,103,60.0,50.0,False,False,True
sample_216,beam,104,50.0,50.0,True,False,False
sample_216,beam,105,60.0,50.0,False,False,True
sample_216,beam,106,60.0,50.0,False,False,True
sample_216,beam,107,60.0,50.0,False,False,True
sample_216,beam,108,40.0,30.0,False,False,True
sample_216,beam,109,30.0,25.0,False,False,True
sample_216,beam,110,60.0,60.0,True,False,False
sample_216,beam,111,60.0,50.0,False,False,True
sample_216,beam,112,60.0,50.0,False,False,True
sample_216,beam,113,60.0,50.0,False,False,True
sample_216,beam,114,45.0,25.0,False,False,True
sample_216,beam,115,60.0,50.0,False,False,True
sample_216,beam,116,45.0,25.0,False,False,True
sample_216,beam,117,30.0,25.0,False,False,True
sample_216,beam,118,60.0,50.0,False,False,True
sample_216,beam,119,60.0,45.0,False,False,True
sample_216,beam,120,60.0,50.0,False,False,True
sample_216,beam,121,60.0,50.0,False,False,True
sample_216,beam,122,60.0,50.0,False,False,True
sample_216,beam,123,50.0,50.0,True,False,False
sample_216,beam,124,60.0,50.0,False,False,True
sample_216,beam,125,60.0,50.0,False,False,True
sample_216,beam,126,60.0,50.0,False,False,True
sample_216,beam,127,40.0,30.0,False,False,True
sample_216,beam,128,30.0,25.0,False,False,True
sample_216,beam,129,60.0,60.0,True,False,False
sample_216,beam,130,60.0,50.0,False,False,True
sample_216,beam,131,60.0,50.0,False,False,True
sample_216,beam,132,60.0,50.0,False,False,True
sample_216,beam,133,45.0,25.0,False,False,True
sample_216,beam,134,60.0,50.0,False,False,True
sample_216,beam,135,45.0,25.0,False,False,True
sample_216,beam,136,30.0,25.0,False,False,True
sample_216,beam,137,60.0,50.0,False,False,True
sample_216,beam,138,60.0,60.0,True,False,False
sample_216,beam,139,50.0,45.0,False,False,True
sample_216,beam,140,60.0,60.0,True,False,False
sample_216,beam,141,50.0,45.0,False,False,True
sample_216,beam,142,60.0,60.0,True,False,False
sample_216,beam,143,50.0,50.0,True,False,False
sample_216,beam,144,60.0,60.0,True,False,False
sample_216,beam,145,60.0,50.0,False,False,True
sample_216,beam,146,60.0,60.0,True,False,False
sample_216,beam,147,60.0,50.0,False,False,True
sample_216,beam,148,60.0,60.0,True,False,False
sample_216,beam,149,60.0,50.0,False,False,True
sample_216,beam,150,60.0,60.0,True,False,False
sample_216,beam,151,50.0,45.0,False,False,True
sample_216,beam,152,45.0,25.0,False,False,True
sample_216,beam,153,45.0,25.0,False,False,True
sample_216,beam,154,45.0,25.0,False,False,True
sample_216,beam,155,45.0,25.0,False,False,True
sample_216,beam,156,45.0,25.0,False,False,True
sample_216,beam,157,45.0,25.0,False,False,True
sample_216,beam,158,45.0,25.0,False,False,True
sample_216,beam,159,50.0,50.0,True,False,False
sample_216,beam,160,50.0,50.0,True,False,False
sample_216,beam,161,45.0,45.0,True,False,False
sample_216,beam,162,45.0,45.0,True,False,False
sample_216,beam,163,45.0,45.0,True,False,False
sample_216,beam,164,45.0,45.0,True,False,False
sample_216,beam,165,50.0,45.0,False,False,True
sample_216,beam,166,50.0,45.0,False,False,True
sample_216,beam,167,50.0,45.0,False,False,True
sample_216,beam,168,50.0,45.0,False,False,True
sample_216,beam,169,50.0,50.0,True,False,False
sample_216,beam,170,50.0,50.0,True,False,False
sample_216,beam,171,50.0,50.0,True,False,False
sample_216,beam,172,50.0,50.0,True,False,False
sample_216,beam,173,60.0,50.0,False,False,True
sample_216,beam,174,60.0,50.0,False,False,True
sample_216,beam,175,50.0,50.0,True,False,False
sample_216,column,0,60.0,65.0,True,False,False
sample_216,column,1,60.0,60.0,True,False,False
sample_216,column,2,50.0,60.0,True,False,False
sample_216,column,3,60.0,60.0,True,False,False
sample_216,column,4,60.0,60.0,True,False,False
sample_216,column,5,60.0,65.0,True,False,False
sample_216,column,6,50.0,65.0,True,False,False
sample_216,column,7,60.0,65.0,True,False,False
sample_216,column,8,50.0,60.0,True,False,False
sample_216,column,9,70.0,70.0,True,False,False
sample_216,column,10,60.0,60.0,True,False,False
sample_216,column,11,50.0,60.0,True,False,False
sample_216,column,12,45.0,45.0,True,False,False
sample_216,column,13,45.0,45.0,True,False,False
sample_216,column,14,45.0,45.0,True,False,False
sample_216,column,15,45.0,50.0,True,False,False
sample_216,column,16,45.0,45.0,True,False,False
sample_216,column,17,45.0,45.0,True,False,False
sample_216,column,18,60.0,60.0,True,False,False
sample_216,column,19,60.0,60.0,True,False,False
sample_216,column,20,50.0,60.0,True,False,False
sample_216,column,21,45.0,45.0,True,False,False
sample_216,column,22,45.0,45.0,True,False,False
sample_216,column,23,45.0,45.0,True,False,False
sample_216,column,24,60.0,60.0,True,False,False
sample_216,column,25,45.0,50.0,True,False,False
sample_216,column,26,45.0,45.0,True,False,False
sample_216,column,27,45.0,45.0,True,False,False
sample_216,column,28,60.0,60.0,True,False,False
sample_216,column,29,60.0,60.0,True,False,False
sample_216,column,30,50.0,60.0,True,False,False
sample_216,column,31,50.0,50.0,True,False,False
sample_216,column,32,50.0,50.0,True,False,False
sample_216,column,33,45.0,45.0,True,False,False
sample_216,column,34,60.0,60.0,True,False,False
sample_216,column,35,50.0,60.0,True,False,False
sample_216,column,36,50.0,50.0,True,False,False
sample_216,column,37,50.0,50.0,True,False,False
sample_216,column,38,60.0,60.0,True,False,False
sample_216,column,39,60.0,60.0,True,False,False
sample_216,column,40,50.0,60.0,True,False,False
sample_216,column,41,50.0,50.0,True,False,False
sample_216,column,42,50.0,50.0,True,False,False
sample_216,column,43,50.0,50.0,True,False,False
sample_216,column,44,60.0,60.0,True,False,False
sample_216,column,45,50.0,60.0,True,False,False
sample_216,column,46,50.0,50.0,True,False,False
sample_216,column,47,50.0,50.0,True,False,False
sample_216,column,48,60.0,60.0,True,False,False
sample_216,column,49,60.0,60.0,True,False,False
sample_216,column,50,50.0,60.0,True,False,False
sample_216,column,51,50.0,50.0,True,False,False
sample_216,column,52,50.0,50.0,True,False,False
sample_216,column,53,50.0,50.0,True,False,False
sample_216,column,54,60.0,60.0,True,False,False
sample_216,column,55,50.0,65.0,True,False,False
sample_216,column,56,60.0,60.0,True,False,False
sample_216,column,57,50.0,50.0,True,False,False
sample_216,column,58,60.0,60.0,True,False,False
sample_216,column,59,60.0,60.0,True,False,False
sample_216,column,60,60.0,60.0,True,False,False
sample_216,column,61,50.0,60.0,True,False,False
sample_216,column,62,60.0,60.0,True,False,False
sample_216,column,63,60.0,60.0,True,False,False
sample_216,column,64,60.0,60.0,True,False,False
sample_216,column,65,50.0,65.0,True,False,False
sample_216,column,66,60.0,60.0,True,False,False
sample_216,column,67,50.0,60.0,True,False,False
sample_216,column,68,60.0,60.0,True,False,False
sample_216,column,69,50.0,50.0,True,False,False
sample_216,column,70,50.0,50.0,True,False,False
sample_216,column,71,50.0,50.0,True,False,False
sample_216,column,72,45.0,45.0,True,False,False
sample_216,column,73,45.0,45.0,True,False,False
sample_216,column,74,50.0,50.0,True,False,False
sample_216,column,75,60.0,60.0,True,False,False
sample_216,column,76,60.0,60.0,True,False,False
sample_216,column,77,60.0,60.0,True,False,False
sample_216,column,78,60.0,60.0,True,False,False
sample_216,column,79,50.0,50.0,True,False,False
sample_216,column,80,50.0,50.0,True,False,False
sample_235,beam,0,30.0,30.0,True,False,False
sample_235,beam,1,55.0,50.0,False,False,True
sample_235,beam,2,55.0,50.0,False,False,True
sample_235,beam,3,55.0,50.0,False,False,True
sample_235,beam,4,60.0,50.0,False,False,True
sample_235,beam,5,65.0,50.0,False,False,True
sample_235,beam,6,60.0,50.0,False,False,True
sample_235,beam,7,50.0,50.0,True,False,False
sample_235,beam,8,50.0,50.0,True,False,False
sample_235,beam,9,50.0,50.0,True,False,False
sample_235,beam,10,60.0,50.0,False,False,True
sample_235,beam,11,80.0,50.0,False,False,True
sample_235,beam,12,60.0,50.0,False,False,True
sample_235,beam,13,50.0,50.0,True,False,False
sample_235,beam,14,50.0,50.0,True,False,False
sample_235,beam,15,50.0,50.0,True,False,False
sample_235,beam,16,60.0,50.0,False,False,True
sample_235,beam,17,80.0,50.0,False,False,True
sample_235,beam,18,40.0,30.0,False,False,True
sample_235,beam,19,45.0,40.0,False,False,True
sample_235,beam,20,45.0,40.0,False,False,True
sample_235,beam,21,45.0,40.0,False,False,True
sample_235,beam,22,50.0,40.0,False,False,True
sample_235,beam,23,50.0,40.0,False,False,True
sample_235,beam,24,50.0,40.0,False,False,True
sample_235,beam,25,45.0,40.0,False,False,True
sample_235,beam,26,45.0,40.0,False,False,True
sample_235,beam,27,45.0,40.0,False,False,True
sample_235,beam,28,50.0,40.0,False,False,True
sample_235,beam,29,50.0,40.0,False,False,True
sample_235,beam,30,50.0,40.0,False,False,True
sample_235,beam,31,45.0,40.0,False,False,True
sample_235,beam,32,45.0,40.0,False,False,True
sample_235,beam,33,45.0,40.0,False,False,True
sample_235,beam,34,50.0,40.0,False,False,True
sample_235,beam,35,50.0,40.0,False,False,True
sample_235,beam,36,50.0,40.0,False,False,True
sample_235,beam,37,50.0,40.0,False,False,True
sample_235,beam,38,50.0,40.0,False,False,True
sample_235,beam,39,45.0,40.0,False,False,True
sample_235,beam,40,45.0,40.0,False,False,True
sample_235,beam,41,45.0,40.0,False,False,True
sample_235,beam,42,50.0,40.0,False,False,True
sample_235,beam,43,50.0,40.0,False,False,True
sample_235,beam,44,50.0,40.0,False,False,True
sample_235,beam,45,45.0,40.0,False,False,True
sample_235,beam,46,45.0,40.0,False,False,True
sample_235,beam,47,45.0,40.0,False,False,True
sample_235,beam,48,50.0,40.0,False,False,True
sample_235,beam,49,50.0,40.0,False,False,True
sample_235,beam,50,50.0,40.0,False,False,True
sample_235,beam,51,45.0,40.0,False,False,True
sample_235,beam,52,45.0,40.0,False,False,True
sample_235,beam,53,45.0,40.0,False,False,True
sample_235,beam,54,50.0,40.0,False,False,True
sample_235,beam,55,50.0,40.0,False,False,True
sample_235,beam,56,50.0,40.0,False,False,True
sample_235,beam,57,45.0,40.0,False,False,True
sample_235,beam,58,45.0,40.0,False,False,True
sample_235,beam,59,45.0,40.0,False,False,True
sample_235,beam,60,45.0,40.0,False,False,True
sample_235,beam,61,45.0,40.0,False,False,True
sample_235,beam,62,45.0,40.0,False,False,True
sample_235,beam,63,50.0,40.0,False,False,True
sample_235,beam,64,50.0,40.0,False,False,True
sample_235,beam,65,50.0,40.0,False,False,True
sample_235,beam,66,50.0,40.0,False,False,True
sample_235,beam,67,50.0,30.0,False,False,True
sample_235,beam,68,50.0,40.0,False,False,True
sample_235,beam,69,50.0,40.0,False,False,True
sample_235,beam,70,40.0,30.0,False,False,True
sample_235,beam,71,40.0,30.0,False,False,True
sample_235,beam,72,40.0,20.0,False,False,True
sample_235,beam,73,50.0,30.0,False,False,True
sample_235,beam,74,45.0,40.0,False,False,True
sample_235,beam,75,45.0,40.0,False,False,True
sample_235,beam,76,40.0,30.0,False,False,True
sample_235,beam,77,40.0,30.0,False,False,True
sample_235,beam,78,40.0,20.0,False,False,True
sample_235,beam,79,50.0,30.0,False,False,True
sample_235,beam,80,45.0,40.0,False,False,True
sample_235,beam,81,45.0,40.0,False,False,True
sample_235,beam,82,40.0,30.0,False,False,True
sample_235,beam,83,40.0,30.0,False,False,True
sample_235,beam,84,40.0,20.0,False,False,True
sample_235,beam,85,50.0,30.0,False,False,True
sample_235,beam,86,45.0,40.0,False,False,True
sample_235,beam,87,45.0,40.0,False,False,True
sample_235,beam,88,40.0,30.0,False,False,True
sample_235,beam,89,40.0,30.0,False,False,True
sample_235,beam,90,40.0,20.0,False,False,True
sample_235,beam,91,50.0,30.0,False,False,True
sample_235,beam,92,50.0,40.0,False,False,True
sample_235,beam,93,50.0,40.0,False,False,True
sample_235,beam,94,40.0,30.0,False,False,True
sample_235,beam,95,40.0,30.0,False,False,True
sample_235,beam,96,40.0,20.0,False,False,True
sample_235,beam,97,40.0,30.0,False,False,True
sample_235,beam,98,40.0,30.0,False,False,True
sample_235,beam,99,40.0,30.0,False,False,True
sample_235,beam,100,40.0,30.0,False,False,True
sample_235,beam,101,40.0,30.0,False,False,True
sample_235,beam,102,50.0,50.0,True,False,False
sample_235,beam,103,50.0,50.0,True,False,False
sample_235,beam,104,50.0,50.0,True,False,False
sample_235,beam,105,60.0,50.0,False,False,True
sample_235,beam,106,50.0,50.0,True,False,False
sample_235,beam,107,60.0,50.0,False,False,True
sample_235,beam,108,60.0,50.0,False,False,True
sample_235,beam,109,50.0,30.0,False,False,True
sample_235,beam,110,40.0,40.0,True,False,False
sample_235,beam,111,50.0,30.0,False,False,True
sample_235,beam,112,40.0,20.0,False,False,True
sample_235,beam,113,40.0,30.0,False,False,True
sample_235,beam,114,40.0,30.0,False,False,True
sample_235,beam,115,30.0,15.0,False,False,True
sample_235,beam,116,30.0,15.0,False,False,True
sample_235,beam,117,30.0,15.0,False,False,True
sample_235,beam,118,30.0,15.0,False,False,True
sample_235,beam,119,30.0,15.0,False,False,True
sample_235,column,0,40.0,40.0,True,False,False
sample_235,column,1,40.0,40.0,True,False,False
sample_235,column,2,50.0,40.0,False,False,True
sample_235,column,3,50.0,40.0,False,False,True
sample_235,column,4,50.0,40.0,False,False,True
sample_235,column,5,60.0,40.0,False,False,True
sample_235,column,6,60.0,40.0,False,False,True
sample_235,column,7,60.0,40.0,False,False,True
sample_235,column,8,50.0,40.0,False,False,True
sample_235,column,9,50.0,40.0,False,False,True
sample_235,column,10,50.0,40.0,False,False,True
sample_235,column,11,60.0,40.0,False,False,True
sample_235,column,12,60.0,40.0,False,False,True
sample_235,column,13,60.0,40.0,False,False,True
sample_235,column,14,50.0,50.0,True,False,False
sample_235,column,15,50.0,50.0,True,False,False
sample_235,column,16,50.0,50.0,True,False,False
sample_235,column,17,50.0,50.0,True,False,False
sample_235,column,18,50.0,50.0,True,False,False
sample_235,column,19,50.0,50.0,True,False,False
sample_235,column,20,50.0,50.0,True,False,False
sample_235,column,21,50.0,50.0,True,False,False
sample_235,column,22,50.0,50.0,True,False,False
sample_235,column,23,50.0,50.0,True,False,False
sample_235,column,24,50.0,50.0,True,False,False
sample_235,column,25,50.0,50.0,True,False,False
sample_235,column,26,40.0,40.0,True,False,False
sample_235,column,27,60.0,50.0,False,False,True
sample_235,column,28,60.0,50.0,False,False,True
sample_235,column,29,60.0,50.0,False,False,True
sample_235,column,30,70.0,55.0,False,False,True
sample_235,column,31,70.0,55.0,False,False,True
sample_235,column,32,70.0,55.0,False,False,True
sample_235,column,33,60.0,40.0,False,False,True
sample_235,column,34,60.0,40.0,False,False,True
sample_235,column,35,60.0,40.0,False,False,True
sample_235,column,36,70.0,40.0,False,False,True
sample_235,column,37,70.0,40.0,False,False,True
sample_235,column,38,70.0,40.0,False,False,True
sample_235,column,39,60.0,40.0,False,False,True
sample_235,column,40,50.0,40.0,False,False,True
sample_235,column,41,50.0,40.0,False,False,True
sample_235,column,42,50.0,40.0,False,False,True
sample_235,column,43,50.0,40.0,False,False,True
sample_235,column,44,60.0,40.0,False,False,True
sample_235,column,45,60.0,40.0,False,False,True
sample_235,column,46,50.0,40.0,False,False,True
sample_235,column,47,50.0,40.0,False,False,True
sample_235,column,48,50.0,40.0,False,False,True
sample_235,column,49,60.0,40.0,False,False,True
sample_235,column,50,60.0,40.0,False,False,True
sample_235,column,51,60.0,40.0,False,False,True
sample_235,column,52,40.0,40.0,True,False,False
sample_235,column,53,40.0,40.0,True,False,False
sample_235,column,54,50.0,40.0,False,False,True
sample_235,column,55,40.0,40.0,True,False,False
sample_235,column,56,50.0,40.0,False,False,True
sample_235,column,57,50.0,40.0,False,False,True
sample_235,column,58,60.0,40.0,False,False,True
sample_235,column,59,60.0,40.0,False,False,True
sample_235,column,60,60.0,40.0,False,False,True
sample_192,beam,0,45.0,25.0,False,False,True
sample_192,beam,1,40.0,30.0,False,False,True
sample_192,beam,2,45.0,25.0,False,False,True
sample_192,beam,3,45.0,25.0,False,False,True
sample_192,beam,4,45.0,25.0,False,False,True
sample_192,beam,5,45.0,25.0,False,False,True
sample_192,beam,6,45.0,25.0,False,False,True
sample_192,beam,7,45.0,25.0,False,False,True
sample_192,beam,8,45.0,25.0,False,False,True
sample_192,beam,9,45.0,25.0,False,False,True
sample_192,beam,10,45.0,25.0,False,False,True
sample_192,beam,11,5.0,5.0,True,True,False
sample_192,beam,12,45.0,45.0,True,False,False
sample_192,beam,13,45.0,45.0,True,False,False
sample_192,beam,14,45.0,45.0,True,False,False
sample_192,beam,15,45.0,45.0,True,False,False
sample_192,beam,16,45.0,45.0,True,False,False
sample_192,beam,17,45.0,45.0,True,False,False
sample_192,beam,18,45.0,35.0,False,False,True
sample_192,beam,19,40.0,30.0,False,False,True
sample_192,beam,20,45.0,35.0,False,False,True
sample_192,beam,21,45.0,35.0,False,False,True
sample_192,beam,22,45.0,35.0,False,False,True
sample_192,beam,23,45.0,35.0,False,False,True
sample_192,beam,24,35.0,25.0,False,False,True
sample_192,beam,25,45.0,45.0,True,False,False
sample_192,beam,26,35.0,25.0,False,False,True
sample_192,beam,27,55.0,45.0,False,False,True
sample_192,beam,28,55.0,45.0,False,False,True
sample_192,beam,29,55.0,45.0,False,False,True
sample_192,beam,30,55.0,45.0,False,False,True
sample_192,beam,31,55.0,45.0,False,False,True
sample_192,beam,32,45.0,45.0,True,False,False
sample_192,beam,33,45.0,45.0,True,False,False
sample_192,beam,34,45.0,45.0,True,False,False
sample_192,beam,35,45.0,45.0,True,False,False
sample_192,beam,36,45.0,45.0,True,False,False
sample_192,beam,37,55.0,30.0,False,False,True
sample_192,beam,38,40.0,30.0,False,False,True
sample_192,beam,39,55.0,30.0,False,False,True
sample_192,beam,40,55.0,30.0,False,False,True
sample_192,beam,41,55.0,30.0,False,False,True
sample_192,beam,42,55.0,30.0,False,False,True
sample_192,beam,43,55.0,30.0,False,False,True
sample_192,beam,44,55.0,30.0,False,False,True
sample_192,beam,45,55.0,30.0,False,False,True
sample_192,beam,46,55.0,30.0,False,False,True
sample_192,beam,47,55.0,30.0,False,False,True
sample_192,beam,48,45.0,45.0,True,False,False
sample_192,beam,49,40.0,30.0,False,False,True
sample_192,beam,50,45.0,45.0,True,False,False
sample_192,beam,51,45.0,45.0,True,False,False
sample_192,beam,52,45.0,45.0,True,False,False
sample_192,beam,53,45.0,45.0,True,False,False
sample_192,beam,54,45.0,45.0,True,False,False
sample_192,beam,55,45.0,45.0,True,False,False
sample_192,beam,56,45.0,45.0,True,False,False
sample_192,beam,57,45.0,45.0,True,False,False
sample_192,beam,58,45.0,45.0,True,False,False
sample_192,beam,59,45.0,45.0,True,False,False
sample_192,beam,60,45.0,45.0,True,False,False
sample_192,beam,61,45.0,45.0,True,False,False
sample_192,beam,62,45.0,45.0,True,False,False
sample_192,beam,63,45.0,45.0,True,False,False
sample_192,beam,64,45.0,45.0,True,False,False
sample_192,beam,65,45.0,45.0,True,False,False
sample_192,beam,66,45.0,45.0,True,False,False
sample_192,beam,67,45.0,45.0,True,False,False
sample_192,beam,68,45.0,45.0,True,False,False
sample_192,beam,69,45.0,45.0,True,False,False
sample_192,beam,70,45.0,45.0,True,False,False
sample_192,beam,71,45.0,40.0,False,False,True
sample_192,beam,72,45.0,45.0,True,False,False
sample_192,beam,73,45.0,40.0,False,False,True
sample_192,beam,74,45.0,40.0,False,False,True
sample_192,beam,75,45.0,40.0,False,False,True
sample_192,beam,76,35.0,40.0,True,False,False
sample_192,beam,77,45.0,40.0,False,False,True
sample_192,beam,78,45.0,45.0,True,False,False
sample_192,beam,79,45.0,40.0,False,False,True
sample_192,beam,80,45.0,40.0,False,False,True
sample_192,beam,81,45.0,40.0,False,False,True
sample_192,beam,82,35.0,25.0,False,False,True
sample_192,beam,83,45.0,45.0,True,False,False
sample_192,beam,84,45.0,45.0,True,False,False
sample_192,beam,85,35.0,25.0,False,False,True
sample_192,beam,86,45.0,45.0,True,False,False
sample_192,beam,87,35.0,25.0,False,False,True
sample_192,beam,88,35.0,25.0,False,False,True
sample_192,beam,89,35.0,25.0,False,False,True
sample_192,beam,90,35.0,25.0,False,False,True
sample_192,beam,91,45.0,45.0,True,False,False
sample_192,beam,92,45.0,45.0,True,False,False
sample_192,beam,93,45.0,45.0,True,False,False
sample_192,beam,94,45.0,45.0,True,False,False
sample_192,beam,95,45.0,45.0,True,False,False
sample_192,beam,96,45.0,45.0,True,False,False
sample_192,beam,97,45.0,45.0,True,False,False
sample_192,beam,98,45.0,45.0,True,False,False
sample_192,beam,99,45.0,45.0,True,False,False
sample_192,beam,100,45.0,45.0,True,False,False
sample_192,beam,101,35.0,25.0,False,False,True
sample_192,beam,102,35.0,25.0,False,False,True
sample_192,beam,103,35.0,25.0,False,False,True
sample_192,beam,104,35.0,25.0,False,False,True
sample_192,column,0,45.0,45.0,True,False,False
sample_192,column,1,45.0,45.0,True,False,False
sample_192,column,2,45.0,45.0,True,False,False
sample_192,column,3,45.0,45.0,True,False,False
sample_192,column,4,45.0,45.0,True,False,False
sample_192,column,5,45.0,45.0,True,False,False
sample_192,column,6,45.0,45.0,True,False,False
sample_192,column,7,45.0,45.0,True,False,False
sample_192,column,8,45.0,45.0,True,False,False
sample_192,column,9,45.0,45.0,True,False,False
sample_192,column,10,45.0,45.0,True,False,False
sample_192,column,11,40.0,40.0,True,False,False
sample_192,column,12,45.0,45.0,True,False,False
sample_192,column,13,45.0,45.0,True,False,False
sample_192,column,14,45.0,45.0,True,False,False
sample_192,column,15,45.0,45.0,True,False,False
sample_192,column,16,45.0,45.0,True,False,False
sample_192,column,17,40.0,40.0,True,False,False
sample_192,column,18,45.0,45.0,True,False,False
sample_192,column,19,45.0,45.0,True,False,False
sample_192,column,20,45.0,45.0,True,False,False
sample_192,column,21,45.0,45.0,True,False,False
sample_192,column,22,45.0,45.0,True,False,False
sample_192,column,23,45.0,45.0,True,False,False
sample_192,column,24,45.0,45.0,True,False,False
sample_192,column,25,45.0,45.0,True,False,False
sample_192,column,26,45.0,45.0,True,False,False
sample_192,column,27,45.0,45.0,True,False,False
sample_192,column,28,45.0,45.0,True,False,False
sample_192,column,29,45.0,45.0,True,False,False
sample_192,column,30,45.0,45.0,True,False,False
sample_192,column,31,45.0,45.0,True,False,False
sample_192,column,32,45.0,45.0,True,False,False
sample_192,column,33,40.0,40.0,True,False,False
sample_192,column,34,45.0,45.0,True,False,False
sample_192,column,35,45.0,45.0,True,False,False
sample_192,column,36,45.0,45.0,True,False,False
sample_192,column,37,45.0,45.0,True,False,False
sample_192,column,38,45.0,45.0,True,False,False
sample_192,column,39,40.0,40.0,True,False,False
sample_192,column,40,45.0,45.0,True,False,False
sample_192,column,41,45.0,45.0,True,False,False
sample_192,column,42,45.0,45.0,True,False,False
sample_192,column,43,45.0,45.0,True,False,False
sample_192,column,44,45.0,45.0,True,False,False
sample_189,beam,0,40.0,30.0,False,False,True
sample_189,beam,1,60.0,40.0,False,False,True
sample_189,beam,2,60.0,40.0,False,False,True
sample_189,beam,3,60.0,60.0,True,False,False
sample_189,beam,4,60.0,40.0,False,False,True
sample_189,beam,5,60.0,40.0,False,False,True
sample_189,beam,6,25.0,40.0,True,False,False
sample_189,beam,7,60.0,40.0,False,False,True
sample_189,beam,8,60.0,40.0,False,False,True
sample_189,beam,9,40.0,30.0,False,False,True
sample_189,beam,10,40.0,30.0,False,False,True
sample_189,beam,11,60.0,60.0,True,False,False
sample_189,beam,12,40.0,30.0,False,False,True
sample_189,beam,13,100.0,40.0,False,False,True
sample_189,beam,14,25.0,40.0,True,False,False
sample_189,beam,15,70.0,60.0,False,False,True
sample_189,beam,16,60.0,40.0,False,False,True
sample_189,beam,17,50.0,40.0,False,False,True
sample_189,beam,18,50.0,40.0,False,False,True
sample_189,beam,19,50.0,40.0,False,False,True
sample_189,beam,20,40.0,30.0,False,False,True
sample_189,beam,21,70.0,60.0,False,False,True
sample_189,beam,22,70.0,60.0,False,False,True
sample_189,beam,23,70.0,60.0,False,False,True
sample_189,beam,24,60.0,60.0,True,False,False
sample_189,beam,25,45.0,40.0,False,False,True
sample_189,beam,26,50.0,40.0,False,False,True
sample_189,beam,27,45.0,40.0,False,False,True
sample_189,beam,28,50.0,40.0,False,False,True
sample_189,beam,29,50.0,40.0,False,False,True
sample_189,beam,30,50.0,40.0,False,False,True
sample_189,beam,31,60.0,45.0,False,False,True
sample_189,beam,32,60.0,60.0,True,False,False
sample_189,beam,33,60.0,60.0,True,False,False
sample_189,beam,34,60.0,60.0,True,False,False
sample_189,beam,35,50.0,40.0,False,False,True
sample_189,beam,36,50.0,40.0,False,False,True
sample_189,beam,37,50.0,40.0,False,False,True
sample_189,beam,38,50.0,40.0,False,False,True
sample_189,beam,39,50.0,40.0,False,False,True
sample_189,beam,40,50.0,40.0,False,False,True
sample_189,beam,41,50.0,40.0,False,False,True
sample_189,beam,42,50.0,40.0,False,False,True
sample_189,beam,43,50.0,40.0,False,False,True
sample_189,beam,44,60.0,45.0,False,False,True
sample_189,beam,45,60.0,45.0,False,False,True
sample_189,beam,46,60.0,60.0,True,False,False
sample_189,beam,47,60.0,60.0,True,False,False
sample_189,beam,48,60.0,60.0,True,False,False
sample_189,beam,49,50.0,40.0,False,False,True
sample_189,beam,50,50.0,40.0,False,False,True
sample_189,beam,51,50.0,40.0,False,False,True
sample_189,beam,52,50.0,40.0,False,False,True
sample_189,beam,53,50.0,40.0,False,False,True
sample_189,beam,54,50.0,40.0,False,False,True
sample_189,beam,55,50.0,40.0,False,False,True
sample_189,beam,56,50.0,40.0,False,False,True
sample_189,beam,57,50.0,40.0,False,False,True
sample_189,beam,58,60.0,60.0,True,False,False
sample_189,beam,59,60.0,60.0,True,False,False
sample_189,beam,60,60.0,60.0,True,False,False
sample_189,beam,61,60.0,60.0,True,False,False
sample_189,beam,62,60.0,60.0,True,False,False
sample_189,beam,63,50.0,40.0,False,False,True
sample_189,beam,64,60.0,40.0,False,False,True
sample_189,beam,65,60.0,40.0,False,False,True
sample_189,beam,66,60.0,40.0,False,False,True
sample_189,beam,67,60.0,40.0,False,False,True
sample_189,beam,68,60.0,40.0,False,False,True
sample_189,beam,69,60.0,40.0,False,False,True
sample_189,beam,70,60.0,40.0,False,False,True
sample_189,beam,71,60.0,40.0,False,False,True
sample_189,beam,72,60.0,60.0,True,False,False
sample_189,beam,73,70.0,60.0,False,False,True
sample_189,beam,74,70.0,60.0,False,False,True
sample_189,beam,75,70.0,60.0,False,False,True
sample_189,beam,76,70.0,60.0,False,False,True
sample_189,beam,77,60.0,40.0,False,False,True
sample_189,beam,78,60.0,40.0,False,False,True
sample_189,beam,79,60.0,40.0,False,False,True
sample_189,beam,80,60.0,40.0,False,False,True
sample_189,beam,81,60.0,40.0,False,False,True
sample_189,beam,82,60.0,40.0,False,False,True
sample_189,beam,83,60.0,40.0,False,False,True
sample_189,beam,84,60.0,40.0,False,False,True
sample_189,beam,85,60.0,40.0,False,False,True
sample_189,beam,86,60.0,60.0,True,False,False
sample_189,beam,87,70.0,60.0,False,False,True
sample_189,beam,88,70.0,60.0,False,False,True
sample_189,beam,89,70.0,60.0,False,False,True
sample_189,beam,90,70.0,60.0,False,False,True
sample_189,beam,91,60.0,40.0,False,False,True
sample_189,beam,92,60.0,40.0,False,False,True
sample_189,beam,93,60.0,40.0,False,False,True
sample_189,beam,94,60.0,40.0,False,False,True
sample_189,beam,95,60.0,40.0,False,False,True
sample_189,beam,96,60.0,40.0,False,False,True
sample_189,beam,97,60.0,40.0,False,False,True
sample_189,beam,98,60.0,40.0,False,False,True
sample_189,beam,99,60.0,40.0,False,False,True
sample_189,beam,100,60.0,60.0,True,False,False
sample_189,beam,101,70.0,60.0,False,False,True
sample_189,beam,102,70.0,60.0,False,False,True
sample_189,beam,103,70.0,60.0,False,False,True
sample_189,beam,104,70.0,60.0,False,False,True
sample_189,beam,105,60.0,40.0,False,False,True
sample_189,beam,106,60.0,40.0,False,False,True
sample_189,beam,107,60.0,40.0,False,False,True
sample_189,beam,108,60.0,40.0,False,False,True
sample_189,beam,109,60.0,40.0,False,False,True
sample_189,beam,110,60.0,40.0,False,False,True
sample_189,beam,111,60.0,40.0,False,False,True
sample_189,beam,112,60.0,40.0,False,False,True
sample_189,beam,113,60.0,40.0,False,False,True
sample_189,beam,114,60.0,60.0,True,False,False
sample_189,beam,115,70.0,60.0,False,False,True
sample_189,beam,116,70.0,60.0,False,False,True
sample_189,beam,117,70.0,60.0,False,False,True
sample_189,beam,118,70.0,60.0,False,False,True
sample_189,beam,119,60.0,40.0,False,False,True
sample_189,beam,120,60.0,40.0,False,False,True
sample_189,beam,121,60.0,40.0,False,False,True
sample_189,beam,122,60.0,40.0,False,False,True
sample_189,beam,123,60.0,40.0,False,False,True
sample_189,beam,124,60.0,40.0,False,False,True
sample_189,beam,125,60.0,40.0,False,False,True
sample_189,beam,126,60.0,40.0,False,False,True
sample_189,beam,127,60.0,40.0,False,False,True
sample_189,beam,128,60.0,60.0,True,False,False
sample_189,beam,129,60.0,60.0,True,False,False
sample_189,beam,130,60.0,60.0,True,False,False
sample_189,beam,131,60.0,60.0,True,False,False
sample_189,beam,132,60.0,40.0,False,False,True
sample_189,beam,133,50.0,40.0,False,False,True
sample_189,beam,134,50.0,40.0,False,False,True
sample_189,beam,135,60.0,40.0,False,False,True
sample_189,beam,136,60.0,40.0,False,False,True
sample_189,beam,137,60.0,40.0,False,False,True
sample_189,beam,138,60.0,40.0,False,False,True
sample_189,beam,139,50.0,40.0,False,False,True
sample_189,beam,140,50.0,40.0,False,False,True
sample_189,beam,141,50.0,40.0,False,False,True
sample_189,beam,142,50.0,40.0,False,False,True
sample_189,beam,143,60.0,40.0,False,False,True
sample_189,beam,144,60.0,40.0,False,False,True
sample_189,beam,145,60.0,40.0,False,False,True
sample_189,beam,146,60.0,40.0,False,False,True
sample_189,beam,147,60.0,40.0,False,False,True
sample_189,beam,148,60.0,40.0,False,False,True
sample_189,beam,149,60.0,40.0,False,False,True
sample_189,beam,150,60.0,40.0,False,False,True
sample_189,beam,151,60.0,40.0,False,False,True
sample_189,beam,152,40.0,30.0,False,False,True
sample_189,beam,153,40.0,30.0,False,False,True
sample_189,beam,154,40.0,30.0,False,False,True
sample_189,beam,155,40.0,30.0,False,False,True
sample_189,beam,156,40.0,30.0,False,False,True
sample_189,beam,157,40.0,30.0,False,False,True
sample_189,beam,158,40.0,30.0,False,False,True
sample_189,beam,159,40.0,30.0,False,False,True
sample_189,beam,160,40.0,30.0,False,False,True
sample_189,beam,161,40.0,30.0,False,False,True
sample_189,beam,162,40.0,30.0,False,False,True
sample_189,beam,163,40.0,30.0,False,False,True
sample_189,beam,164,40.0,30.0,False,False,True
sample_189,beam,165,40.0,30.0,False,False,True
sample_189,beam,166,40.0,30.0,False,False,True
sample_189,beam,167,40.0,30.0,False,False,True
sample_189,beam,168,40.0,30.0,False,False,True
sample_189,beam,169,40.0,30.0,False,False,True
sample_189,beam,170,40.0,30.0,False,False,True
sample_189,beam,171,40.0,30.0,False,False,True
sample_189,beam,172,40.0,30.0,False,False,True
sample_189,beam,173,40.0,30.0,False,False,True
sample_189,beam,174,50.0,40.0,False,False,True
sample_189,beam,175,50.0,40.0,False,False,True
sample_189,beam,176,50.0,40.0,False,False,True
sample_189,beam,177,50.0,40.0,False,False,True
sample_189,beam,178,60.0,40.0,False,False,True
sample_189,beam,179,60.0,40.0,False,False,True
sample_189,beam,180,60.0,40.0,False,False,True
sample_189,beam,181,60.0,40.0,False,False,True
sample_189,beam,182,60.0,40.0,False,False,True
sample_189,beam,183,60.0,40.0,False,False,True
sample_189,beam,184,60.0,40.0,False,False,True
sample_189,beam,185,60.0,40.0,False,False,True
sample_189,column,0,55.0,65.0,True,False,False
sample_189,column,1,35.0,60.0,True,False,False
sample_189,column,2,50.0,60.0,True,False,False
sample_189,column,3,45.0,60.0,True,False,False
sample_189,column,4,45.0,60.0,True,False,False
sample_189,column,5,45.0,60.0,True,False,False
sample_189,column,6,50.0,60.0,True,False,False
sample_189,column,7,50.0,60.0,True,False,False
sample_189,column,8,50.0,60.0,True,False,False
sample_189,column,9,50.0,60.0,True,False,False
sample_189,column,10,50.0,60.0,True,False,False
sample_189,column,11,45.0,60.0,True,False,False
sample_189,column,12,45.0,60.0,True,False,False
sample_189,column,13,45.0,60.0,True,False,False
sample_189,column,14,50.0,60.0,True,False,False
sample_189,column,15,50.0,60.0,True,False,False
sample_189,column,16,50.0,60.0,True,False,False
sample_189,column,17,50.0,60.0,True,False,False
sample_189,column,18,50.0,60.0,True,False,False
sample_189,column,19,55.0,65.0,True,False,False
sample_189,column,20,45.0,60.0,True,False,False
sample_189,column,21,45.0,60.0,True,False,False
sample_189,column,22,45.0,60.0,True,False,False
sample_189,column,23,50.0,60.0,True,False,False
sample_189,column,24,50.0,60.0,True,False,False
sample_189,column,25,50.0,60.0,True,False,False
sample_189,column,26,50.0,60.0,True,False,False
sample_189,column,27,50.0,60.0,True,False,False
sample_189,column,28,45.0,60.0,True,False,False
sample_189,column,29,45.0,60.0,True,False,False
sample_189,column,30,45.0,60.0,True,False,False
sample_189,column,31,50.0,60.0,True,False,False
sample_189,column,32,50.0,60.0,True,False,False
sample_189,column,33,50.0,60.0,True,False,False
sample_189,column,34,50.0,60.0,True,False,False
sample_189,column,35,50.0,60.0,True,False,False
sample_189,column,36,40.0,60.0,True,False,False
sample_189,column,37,40.0,60.0,True,False,False
sample_189,column,38,40.0,60.0,True,False,False
sample_189,column,39,45.0,60.0,True,False,False
sample_189,column,40,45.0,60.0,True,False,False
sample_189,column,41,45.0,60.0,True,False,False
sample_189,column,42,45.0,60.0,True,False,False
sample_189,column,43,45.0,60.0,True,False,False
sample_189,column,44,45.0,60.0,True,False,False
sample_189,column,45,45.0,60.0,True,False,False
sample_189,column,46,50.0,60.0,True,False,False
sample_189,column,47,50.0,60.0,True,False,False
sample_189,column,48,50.0,60.0,True,False,False
sample_189,column,49,55.0,65.0,True,False,False
sample_189,column,50,55.0,65.0,True,False,False
sample_189,column,51,45.0,45.0,True,False,False
sample_189,column,52,45.0,45.0,True,False,False
sample_189,column,53,50.0,60.0,True,False,False
sample_189,column,54,45.0,60.0,True,False,False
sample_189,column,55,45.0,60.0,True,False,False
sample_189,column,56,45.0,60.0,True,False,False
sample_189,column,57,50.0,60.0,True,False,False
sample_189,column,58,50.0,60.0,True,False,False
sample_189,column,59,50.0,60.0,True,False,False
sample_189,column,60,50.0,60.0,True,False,False
sample_189,column,61,50.0,60.0,True,False,False
sample_189,column,62,25.0,40.0,True,False,False
sample_189,column,63,35.0,60.0,True,False,False
sample_189,column,64,60.0,40.0,False,False,True
sample_189,column,65,50.0,60.0,True,False,False
sample_189,column,66,45.0,60.0,True,False,False
sample_189,column,67,45.0,60.0,True,False,False
sample_189,column,68,45.0,60.0,True,False,False
sample_189,column,69,50.0,60.0,True,False,False
sample_189,column,70,50.0,60.0,True,False,False
sample_189,column,71,50.0,60.0,True,False,False
sample_189,column,72,50.0,60.0,True,False,False
sample_189,column,73,50.0,60.0,True,False,False
sample_189,column,74,45.0,45.0,True,False,False
sample_189,column,75,45.0,60.0,True,False,False
sample_189,column,76,45.0,60.0,True,False,False
sample_189,column,77,45.0,60.0,True,False,False
sample_189,column,78,50.0,60.0,True,False,False
sample_189,column,79,50.0,60.0,True,False,False
sample_189,column,80,50.0,60.0,True,False,False
sample_189,column,81,50.0,60.0,True,False,False
sample_189,column,82,50.0,60.0,True,False,False
sample_189,column,83,45.0,45.0,True,False,False
sample_189,column,84,45.0,60.0,True,False,False
sample_189,column,85,45.0,60.0,True,False,False
sample_189,column,86,45.0,60.0,True,False,False
sample_189,column,87,50.0,60.0,True,False,False
sample_189,column,88,50.0,60.0,True,False,False
sample_189,column,89,50.0,60.0,True,False,False
sample_189,column,90,50.0,60.0,True,False,False
sample_189,column,91,50.0,60.0,True,False,False
sample_189,column,92,45.0,60.0,True,False,False
sample_189,column,93,45.0,60.0,True,False,False
sample_189,column,94,45.0,60.0,True,False,False
sample_189,column,95,50.0,60.0,True,False,False
sample_189,column,96,50.0,60.0,True,False,False
sample_189,column,97,50.0,60.0,True,False,False
sample_189,column,98,50.0,60.0,True,False,False
sample_189,column,99,50.0,60.0,True,False,False
sample_189,column,100,45.0,60.0,True,False,False
sample_189,column,101,45.0,60.0,True,False,False
sample_189,column,102,50.0,60.0,True,False,False
sample_189,column,103,50.0,60.0,True,False,False
sample_189,column,104,50.0,60.0,True,False,False
sample_189,column,105,55.0,65.0,True,False,False
sample_203,beam,0,50.0,30.0,False,False,True
sample_203,beam,1,50.0,50.0,True,False,False
sample_203,beam,2,50.0,50.0,True,False,False
sample_203,beam,3,50.0,50.0,True,False,False
sample_203,beam,4,50.0,50.0,True,False,False
sample_203,beam,5,55.0,55.0,True,False,False
sample_203,beam,6,55.0,55.0,True,False,False
sample_203,beam,7,55.0,55.0,True,False,False
sample_203,beam,8,55.0,55.0,True,False,False
sample_203,beam,9,30.0,40.0,True,False,False
sample_203,beam,10,30.0,40.0,True,False,False
sample_203,beam,11,30.0,40.0,True,False,False
sample_203,beam,12,30.0,40.0,True,False,False
sample_203,beam,13,30.0,40.0,True,False,False
sample_203,beam,14,30.0,40.0,True,False,False
sample_203,beam,15,30.0,40.0,True,False,False
sample_203,beam,16,30.0,40.0,True,False,False
sample_203,beam,17,50.0,50.0,True,False,False
sample_203,beam,18,50.0,50.0,True,False,False
sample_203,beam,19,50.0,50.0,True,False,False
sample_203,beam,20,50.0,50.0,True,False,False
sample_203,beam,21,50.0,50.0,True,False,False
sample_203,beam,22,55.0,55.0,True,False,False
sample_203,beam,23,55.0,55.0,True,False,False
sample_203,beam,24,55.0,55.0,True,False,False
sample_203,beam,25,40.0,45.0,True,False,False
sample_203,beam,26,50.0,50.0,True,False,False
sample_203,beam,27,50.0,50.0,True,False,False
sample_203,beam,28,50.0,50.0,True,False,False
sample_203,beam,29,50.0,50.0,True,False,False
sample_203,beam,30,55.0,55.0,True,False,False
sample_203,beam,31,55.0,55.0,True,False,False
sample_203,beam,32,55.0,55.0,True,False,False
sample_203,beam,33,50.0,50.0,True,False,False
sample_203,beam,34,50.0,50.0,True,False,False
sample_203,beam,35,50.0,50.0,True,False,False
sample_203,beam,36,50.0,50.0,True,False,False
sample_203,beam,37,55.0,50.0,False,False,True
sample_203,beam,38,55.0,50.0,False,False,True
sample_203,beam,39,55.0,50.0,False,False,True
sample_203,beam,40,50.0,50.0,True,False,False
sample_203,beam,41,50.0,50.0,True,False,False
sample_203,beam,42,50.0,50.0,True,False,False
sample_203,beam,43,50.0,50.0,True,False,False
sample_203,beam,44,55.0,55.0,True,False,False
sample_203,beam,45,55.0,55.0,True,False,False
sample_203,beam,46,55.0,55.0,True,False,False
sample_203,beam,47,55.0,55.0,True,False,False
sample_203,beam,48,40.0,45.0,True,False,False
sample_203,beam,49,40.0,45.0,True,False,False
sample_203,beam,50,30.0,30.0,True,False,False
sample_203,beam,51,30.0,30.0,True,False,False
sample_203,beam,52,30.0,30.0,True,False,False
sample_203,beam,53,30.0,30.0,True,False,False
sample_203,beam,54,30.0,30.0,True,False,False
sample_203,beam,55,30.0,30.0,True,False,False
sample_203,beam,56,30.0,30.0,True,False,False
sample_203,beam,57,30.0,30.0,True,False,False
sample_203,beam,58,50.0,50.0,True,False,False
sample_203,beam,59,50.0,50.0,True,False,False
sample_203,beam,60,50.0,50.0,True,False,False
sample_203,beam,61,50.0,50.0,True,False,False
sample_203,beam,62,55.0,55.0,True,False,False
sample_203,beam,63,55.0,55.0,True,False,False
sample_203,beam,64,55.0,55.0,True,False,False
sample_203,beam,65,55.0,55.0,True,False,False
sample_203,beam,66,50.0,40.0,False,False,True
sample_203,beam,67,50.0,40.0,False,False,True
sample_203,beam,68,50.0,40.0,False,False,True
sample_203,beam,69,50.0,40.0,False,False,True
sample_203,beam,70,50.0,40.0,False,False,True
sample_203,beam,71,50.0,40.0,False,False,True
sample_203,beam,72,50.0,40.0,False,False,True
sample_203,beam,73,50.0,40.0,False,False,True
sample_203,beam,74,50.0,50.0,True,False,False
sample_203,beam,75,50.0,50.0,True,False,False
sample_203,beam,76,50.0,50.0,True,False,False
sample_203,beam,77,50.0,50.0,True,False,False
sample_203,beam,78,55.0,55.0,True,False,False
sample_203,beam,79,55.0,55.0,True,False,False
sample_203,beam,80,55.0,55.0,True,False,False
sample_203,beam,81,50.0,50.0,True,False,False
sample_203,beam,82,50.0,50.0,True,False,False
sample_203,beam,83,50.0,50.0,True,False,False
sample_203,beam,84,50.0,50.0,True,False,False
sample_203,beam,85,55.0,50.0,False,False,True
sample_203,beam,86,55.0,50.0,False,False,True
sample_203,beam,87,55.0,50.0,False,False,True
sample_203,beam,88,55.0,50.0,False,False,True
sample_203,beam,89,40.0,40.0,True,False,False
sample_203,beam,90,40.0,40.0,True,False,False
sample_203,beam,91,30.0,25.0,False,False,True
sample_203,beam,92,40.0,30.0,False,False,True
sample_203,beam,93,40.0,30.0,False,False,True
sample_203,beam,94,40.0,40.0,True,False,False
sample_203,beam,95,60.0,40.0,False,False,True
sample_203,beam,96,50.0,30.0,False,False,True
sample_203,beam,97,50.0,30.0,False,False,True
sample_203,beam,98,50.0,30.0,False,False,True
sample_203,beam,99,50.0,30.0,False,False,True
sample_203,beam,100,50.0,30.0,False,False,True
sample_203,beam,101,50.0,30.0,False,False,True
sample_203,beam,102,40.0,30.0,False,False,True
sample_203,beam,103,40.0,30.0,False,False,True
sample_203,beam,104,50.0,50.0,True,False,False
sample_203,beam,105,50.0,50.0,True,False,False
sample_203,beam,106,50.0,50.0,True,False,False
sample_203,beam,107,50.0,50.0,True,False,False
sample_203,beam,108,55.0,50.0,False,False,True
sample_203,beam,109,55.0,50.0,False,False,True
sample_203,beam,110,55.0,50.0,False,False,True
sample_203,beam,111,55.0,50.0,False,False,True
sample_203,beam,112,40.0,30.0,False,False,True
sample_203,beam,113,40.0,30.0,False,False,True
sample_203,beam,114,40.0,30.0,False,False,True
sample_203,beam,115,50.0,50.0,True,False,False
sample_203,beam,116,50.0,50.0,True,False,False
sample_203,beam,117,50.0,50.0,True,False,False
sample_203,beam,118,50.0,50.0,True,False,False
sample_203,beam,119,55.0,50.0,False,False,True
sample_203,beam,120,55.0,50.0,False,False,True
sample_203,beam,121,55.0,50.0,False,False,True
sample_203,beam,122,50.0,50.0,True,False,False
sample_203,beam,123,50.0,50.0,True,False,False
sample_203,beam,124,50.0,50.0,True,False,False
sample_203,beam,125,50.0,50.0,True,False,False
sample_203,beam,126,55.0,55.0,True,False,False
sample_203,beam,127,55.0,55.0,True,False,False
sample_203,beam,128,55.0,55.0,True,False,False
sample_203,beam,129,55.0,55.0,True,False,False
sample_203,beam,130,50.0,50.0,True,False,False
sample_203,beam,131,50.0,50.0,True,False,False
sample_203,beam,132,50.0,50.0,True,False,False
sample_203,beam,133,50.0,50.0,True,False,False
sample_203,beam,134,55.0,55.0,True,False,False
sample_203,beam,135,55.0,55.0,True,False,False
sample_203,beam,136,55.0,55.0,True,False,False
sample_203,beam,137,55.0,55.0,True,False,False
sample_203,beam,138,50.0,50.0,True,False,False
sample_203,beam,139,50.0,50.0,True,False,False
sample_203,beam,140,50.0,50.0,True,False,False
sample_203,beam,141,50.0,50.0,True,False,False
sample_203,beam,142,55.0,50.0,False,False,True
sample_203,beam,143,55.0,50.0,False,False,True
sample_203,beam,144,55.0,50.0,False,False,True
sample_203,beam,145,55.0,50.0,False,False,True
sample_203,beam,146,50.0,50.0,True,False,False
sample_203,beam,147,50.0,50.0,True,False,False
sample_203,beam,148,50.0,50.0,True,False,False
sample_203,beam,149,50.0,50.0,True,False,False
sample_203,beam,150,55.0,50.0,False,False,True
sample_203,beam,151,55.0,50.0,False,False,True
sample_203,beam,152,55.0,50.0,False,False,True
sample_203,beam,153,55.0,50.0,False,False,True
sample_203,beam,154,50.0,50.0,True,False,False
sample_203,beam,155,50.0,50.0,True,False,False
sample_203,beam,156,50.0,50.0,True,False,False
sample_203,beam,157,50.0,50.0,True,False,False
sample_203,beam,158,50.0,50.0,True,False,False
sample_203,beam,159,50.0,50.0,True,False,False
sample_203,beam,160,50.0,50.0,True,False,False
sample_203,beam,161,50.0,50.0,True,False,False
sample_203,beam,162,55.0,50.0,False,False,True
sample_203,beam,163,55.0,50.0,False,False,True
sample_203,beam,164,55.0,50.0,False,False,True
sample_203,beam,165,55.0,50.0,False,False,True
sample_203,beam,166,55.0,50.0,False,False,True
sample_203,beam,167,55.0,50.0,False,False,True
sample_203,beam,168,55.0,50.0,False,False,True
sample_203,beam,169,55.0,50.0,False,False,True
sample_203,beam,170,30.0,50.0,True,False,False
sample_203,beam,171,30.0,50.0,True,False,False
sample_203,beam,172,30.0,50.0,True,False,False
sample_203,beam,173,30.0,50.0,True,False,False
sample_203,beam,174,30.0,50.0,True,False,False
sample_203,beam,175,30.0,50.0,True,False,False
sample_203,beam,176,30.0,50.0,True,False,False
sample_203,beam,177,30.0,50.0,True,False,False
sample_203,beam,178,30.0,25.0,False,False,True
sample_203,beam,179,30.0,25.0,False,False,True
sample_203,beam,180,30.0,25.0,False,False,True
sample_203,beam,181,30.0,25.0,False,False,True
sample_203,beam,182,30.0,25.0,False,False,True
sample_203,beam,183,30.0,25.0,False,False,True
sample_203,beam,184,30.0,25.0,False,False,True
sample_203,beam,185,30.0,25.0,False,False,True
sample_203,beam,186,30.0,25.0,False,False,True
sample_203,beam,187,30.0,25.0,False,False,True
sample_203,beam,188,30.0,25.0,False,False,True
sample_203,beam,189,30.0,25.0,False,False,True
sample_203,beam,190,30.0,25.0,False,False,True
sample_203,beam,191,30.0,25.0,False,False,True
sample_203,beam,192,50.0,50.0,True,False,False
sample_203,beam,193,50.0,50.0,True,False,False
sample_203,beam,194,50.0,50.0,True,False,False
sample_203,beam,195,50.0,50.0,True,False,False
sample_203,beam,196,55.0,55.0,True,False,False
sample_203,beam,197,55.0,55.0,True,False,False
sample_203,beam,198,55.0,55.0,True,False,False
sample_203,beam,199,50.0,50.0,True,False,False
sample_203,beam,200,50.0,50.0,True,False,False
sample_203,beam,201,50.0,50.0,True,False,False
sample_203,beam,202,50.0,50.0,True,False,False
sample_203,beam,203,55.0,50.0,False,False,True
sample_203,beam,204,55.0,50.0,False,False,True
sample_203,beam,205,55.0,50.0,False,False,True
sample_203,beam,206,50.0,50.0,True,False,False
sample_203,beam,207,50.0,50.0,True,False,False
sample_203,beam,208,50.0,50.0,True,False,False
sample_203,beam,209,50.0,50.0,True,False,False
sample_203,beam,210,50.0,50.0,True,False,False
sample_203,beam,211,50.0,50.0,True,False,False
sample_203,beam,212,50.0,50.0,True,False,False
sample_203,beam,213,50.0,50.0,True,False,False
sample_203,beam,214,50.0,50.0,True,False,False
sample_203,beam,215,50.0,50.0,True,False,False
sample_203,beam,216,50.0,50.0,True,False,False
sample_203,beam,217,55.0,55.0,True,False,False
sample_203,beam,218,55.0,55.0,True,False,False
sample_203,beam,219,55.0,55.0,True,False,False
sample_203,beam,220,30.0,25.0,False,False,True
sample_203,beam,221,30.0,25.0,False,False,True
sample_203,beam,222,30.0,25.0,False,False,True
sample_203,beam,223,30.0,25.0,False,False,True
sample_203,beam,224,30.0,25.0,False,False,True
sample_203,beam,225,30.0,25.0,False,False,True
sample_203,beam,226,30.0,25.0,False,False,True
sample_203,beam,227,30.0,25.0,False,False,True
sample_203,beam,228,30.0,25.0,False,False,True
sample_203,beam,229,30.0,25.0,False,False,True
sample_203,beam,230,30.0,25.0,False,False,True
sample_203,beam,231,30.0,25.0,False,False,True
sample_203,beam,232,30.0,25.0,False,False,True
sample_203,beam,233,30.0,25.0,False,False,True
sample_203,beam,234,50.0,40.0,False,False,True
sample_203,beam,235,50.0,40.0,False,False,True
sample_203,beam,236,50.0,40.0,False,False,True
sample_203,beam,237,50.0,40.0,False,False,True
sample_203,beam,238,50.0,40.0,False,False,True
sample_203,beam,239,50.0,40.0,False,False,True
sample_203,beam,240,50.0,40.0,False,False,True
sample_203,beam,241,50.0,40.0,False,False,True
sample_203,beam,242,50.0,40.0,False,False,True
sample_203,beam,243,50.0,40.0,False,False,True
sample_203,beam,244,50.0,40.0,False,False,True
sample_203,beam,245,50.0,40.0,False,False,True
sample_203,beam,246,50.0,40.0,False,False,True
sample_203,beam,247,50.0,40.0,False,False,True
sample_203,beam,248,50.0,40.0,False,False,True
sample_203,beam,249,50.0,40.0,False,False,True
sample_203,beam,250,50.0,40.0,False,False,True
sample_203,beam,251,50.0,40.0,False,False,True
sample_203,beam,252,50.0,40.0,False,False,True
sample_203,beam,253,50.0,40.0,False,False,True
sample_203,beam,254,50.0,40.0,False,False,True
sample_203,beam,255,30.0,25.0,False,False,True
sample_203,beam,256,30.0,25.0,False,False,True
sample_203,beam,257,30.0,25.0,False,False,True
sample_203,beam,258,30.0,25.0,False,False,True
sample_203,beam,259,30.0,25.0,False,False,True
sample_203,beam,260,30.0,25.0,False,False,True
sample_203,beam,261,30.0,25.0,False,False,True
sample_203,beam,262,30.0,25.0,False,False,True
sample_203,beam,263,30.0,25.0,False,False,True
sample_203,beam,264,30.0,25.0,False,False,True
sample_203,beam,265,30.0,25.0,False,False,True
sample_203,beam,266,30.0,25.0,False,False,True
sample_203,beam,267,30.0,25.0,False,False,True
sample_203,beam,268,30.0,25.0,False,False,True
sample_203,beam,269,50.0,40.0,False,False,True
sample_203,beam,270,50.0,40.0,False,False,True
sample_203,beam,271,50.0,40.0,False,False,True
sample_203,beam,272,50.0,40.0,False,False,True
sample_203,beam,273,50.0,40.0,False,False,True
sample_203,beam,274,50.0,40.0,False,False,True
sample_203,beam,275,50.0,40.0,False,False,True
sample_203,beam,276,55.0,50.0,False,False,True
sample_203,beam,277,55.0,50.0,False,False,True
sample_203,beam,278,55.0,50.0,False,False,True
sample_203,beam,279,55.0,50.0,False,False,True
sample_203,beam,280,55.0,50.0,False,False,True
sample_203,beam,281,55.0,50.0,False,False,True
sample_203,beam,282,55.0,50.0,False,False,True
sample_203,beam,283,50.0,50.0,True,False,False
sample_203,beam,284,50.0,50.0,True,False,False
sample_203,beam,285,50.0,50.0,True,False,False
sample_203,beam,286,50.0,50.0,True,False,False
sample_203,beam,287,55.0,50.0,False,False,True
sample_203,beam,288,55.0,50.0,False,False,True
sample_203,beam,289,55.0,50.0,False,False,True
sample_203,beam,290,55.0,55.0,True,False,False
sample_203,beam,291,55.0,55.0,True,False,False
sample_203,beam,292,55.0,55.0,True,False,False
sample_203,beam,293,55.0,55.0,True,False,False
sample_203,beam,294,55.0,55.0,True,False,False
sample_203,beam,295,55.0,55.0,True,False,False
sample_203,beam,296,55.0,55.0,True,False,False
sample_203,beam,297,55.0,50.0,False,False,True
sample_203,beam,298,55.0,50.0,False,False,True
sample_203,beam,299,55.0,50.0,False,False,True
sample_203,beam,300,55.0,50.0,False,False,True
sample_203,beam,301,55.0,50.0,False,False,True
sample_203,beam,302,55.0,55.0,True,False,False
sample_203,beam,303,55.0,55.0,True,False,False
sample_203,beam,304,55.0,55.0,True,False,False
sample_203,beam,305,55.0,50.0,False,False,True
sample_203,column,0,50.0,50.0,True,False,False
sample_203,column,1,50.0,50.0,True,False,False
sample_203,column,2,50.0,50.0,True,False,False
sample_203,column,3,50.0,50.0,True,False,False
sample_203,column,4,55.0,55.0,True,False,False
sample_203,column,5,55.0,55.0,True,False,False
sample_203,column,6,55.0,55.0,True,False,False
sample_203,column,7,55.0,55.0,True,False,False
sample_203,column,8,50.0,50.0,True,False,False
sample_203,column,9,50.0,50.0,True,False,False
sample_203,column,10,50.0,50.0,True,False,False
sample_203,column,11,50.0,50.0,True,False,False
sample_203,column,12,55.0,55.0,True,False,False
sample_203,column,13,55.0,55.0,True,False,False
sample_203,column,14,55.0,55.0,True,False,False
sample_203,column,15,55.0,55.0,True,False,False
sample_203,column,16,50.0,50.0,True,False,False
sample_203,column,17,50.0,50.0,True,False,False
sample_203,column,18,50.0,50.0,True,False,False
sample_203,column,19,50.0,50.0,True,False,False
sample_203,column,20,55.0,55.0,True,False,False
sample_203,column,21,55.0,55.0,True,False,False
sample_203,column,22,55.0,55.0,True,False,False
sample_203,column,23,55.0,55.0,True,False,False
sample_203,column,24,50.0,50.0,True,False,False
sample_203,column,25,50.0,50.0,True,False,False
sample_203,column,26,50.0,50.0,True,False,False
sample_203,column,27,50.0,50.0,True,False,False
sample_203,column,28,55.0,55.0,True,False,False
sample_203,column,29,55.0,55.0,True,False,False
sample_203,column,30,55.0,55.0,True,False,False
sample_203,column,31,55.0,55.0,True,False,False
sample_203,column,32,55.0,55.0,True,False,False
sample_203,column,33,55.0,55.0,True,False,False
sample_203,column,34,55.0,55.0,True,False,False
sample_203,column,35,55.0,55.0,True,False,False
sample_203,column,36,55.0,55.0,True,False,False
sample_203,column,37,55.0,55.0,True,False,False
sample_203,column,38,55.0,55.0,True,False,False
sample_203,column,39,55.0,55.0,True,False,False
sample_203,column,40,50.0,50.0,True,False,False
sample_203,column,41,50.0,50.0,True,False,False
sample_203,column,42,55.0,55.0,True,False,False
sample_203,column,43,55.0,55.0,True,False,False
sample_203,column,44,55.0,55.0,True,False,False
sample_203,column,45,55.0,55.0,True,False,False
sample_203,column,46,55.0,55.0,True,False,False
sample_203,column,47,55.0,65.0,True,False,False
sample_203,column,48,50.0,50.0,True,False,False
sample_203,column,49,50.0,50.0,True,False,False
sample_203,column,50,50.0,50.0,True,False,False
sample_203,column,51,50.0,50.0,True,False,False
sample_203,column,52,55.0,55.0,True,False,False
sample_203,column,53,55.0,55.0,True,False,False
sample_203,column,54,55.0,55.0,True,False,False
sample_203,column,55,55.0,55.0,True,False,False
sample_203,column,56,50.0,50.0,True,False,False
sample_203,column,57,50.0,50.0,True,False,False
sample_203,column,58,50.0,50.0,True,False,False
sample_203,column,59,50.0,50.0,True,False,False
sample_203,column,60,55.0,55.0,True,False,False
sample_203,column,61,55.0,55.0,True,False,False
sample_203,column,62,55.0,65.0,True,False,False
sample_203,column,63,55.0,65.0,True,False,False
sample_203,column,64,50.0,50.0,True,False,False
sample_203,column,65,50.0,50.0,True,False,False
sample_203,column,66,50.0,50.0,True,False,False
sample_203,column,67,50.0,50.0,True,False,False
sample_203,column,68,55.0,55.0,True,False,False
sample_203,column,69,55.0,55.0,True,False,False
sample_203,column,70,55.0,55.0,True,False,False
sample_203,column,71,55.0,55.0,True,False,False
sample_203,column,72,50.0,50.0,True,False,False
sample_203,column,73,50.0,50.0,True,False,False
sample_203,column,74,50.0,50.0,True,False,False
sample_203,column,75,55.0,55.0,True,False,False
sample_203,column,76,55.0,55.0,True,False,False
sample_203,column,77,55.0,55.0,True,False,False
sample_203,column,78,55.0,55.0,True,False,False
sample_203,column,79,55.0,55.0,True,False,False
sample_203,column,80,50.0,50.0,True,False,False
sample_203,column,81,50.0,50.0,True,False,False
sample_203,column,82,50.0,50.0,True,False,False
sample_203,column,83,50.0,50.0,True,False,False
sample_203,column,84,55.0,55.0,True,False,False
sample_203,column,85,55.0,55.0,True,False,False
sample_203,column,86,55.0,55.0,True,False,False
sample_203,column,87,50.0,50.0,True,False,False
sample_203,column,88,50.0,50.0,True,False,False
sample_203,column,89,50.0,50.0,True,False,False
sample_203,column,90,50.0,50.0,True,False,False
sample_203,column,91,55.0,55.0,True,False,False
sample_203,column,92,55.0,55.0,True,False,False
sample_203,column,93,55.0,55.0,True,False,False
sample_203,column,94,55.0,55.0,True,False,False
sample_203,column,95,45.0,45.0,True,False,False
sample_203,column,96,55.0,55.0,True,False,False
sample_203,column,97,45.0,45.0,True,False,False
sample_203,column,98,40.0,40.0,True,False,False
sample_203,column,99,40.0,40.0,True,False,False
sample_203,column,100,40.0,40.0,True,False,False
sample_203,column,101,40.0,40.0,True,False,False
sample_203,column,102,40.0,40.0,True,False,False
sample_203,column,103,45.0,45.0,True,False,False
sample_178,beam,0,40.0,30.0,False,False,True
sample_178,beam,1,50.0,40.0,False,False,True
sample_178,beam,2,50.0,40.0,False,False,True
sample_178,beam,3,50.0,40.0,False,False,True
sample_178,beam,4,50.0,40.0,False,False,True
sample_178,beam,5,50.0,40.0,False,False,True
sample_178,beam,6,50.0,40.0,False,False,True
sample_178,beam,7,50.0,40.0,False,False,True
sample_178,beam,8,50.0,40.0,False,False,True
sample_178,beam,9,50.0,40.0,False,False,True
sample_178,beam,10,50.0,40.0,False,False,True
sample_178,beam,11,50.0,40.0,False,False,True
sample_178,beam,12,50.0,40.0,False,False,True
sample_178,beam,13,50.0,40.0,False,False,True
sample_178,beam,14,50.0,40.0,False,False,True
sample_178,beam,15,50.0,40.0,False,False,True
sample_178,beam,16,50.0,40.0,False,False,True
sample_178,beam,17,50.0,40.0,False,False,True
sample_178,beam,18,50.0,40.0,False,False,True
sample_178,beam,19,50.0,40.0,False,False,True
sample_178,beam,20,50.0,40.0,False,False,True
sample_178,beam,21,50.0,40.0,False,False,True
sample_178,beam,22,50.0,40.0,False,False,True
sample_178,beam,23,50.0,40.0,False,False,True
sample_178,beam,24,50.0,40.0,False,False,True
sample_178,beam,25,50.0,40.0,False,False,True
sample_178,beam,26,50.0,40.0,False,False,True
sample_178,beam,27,50.0,40.0,False,False,True
sample_178,beam,28,50.0,40.0,False,False,True
sample_178,beam,29,50.0,40.0,False,False,True
sample_178,beam,30,50.0,40.0,False,False,True
sample_178,beam,31,50.0,40.0,False,False,True
sample_178,beam,32,50.0,40.0,False,False,True
sample_178,beam,33,50.0,40.0,False,False,True
sample_178,beam,34,50.0,40.0,False,False,True
sample_178,beam,35,50.0,40.0,False,False,True
sample_178,beam,36,50.0,40.0,False,False,True
sample_178,beam,37,60.0,50.0,False,False,True
sample_178,beam,38,60.0,50.0,False,False,True
sample_178,beam,39,60.0,50.0,False,False,True
sample_178,beam,40,60.0,50.0,False,False,True
sample_178,beam,41,60.0,50.0,False,False,True
sample_178,beam,42,60.0,50.0,False,False,True
sample_178,beam,43,60.0,50.0,False,False,True
sample_178,beam,44,60.0,50.0,False,False,True
sample_178,beam,45,60.0,50.0,False,False,True
sample_178,beam,46,45.0,30.0,False,False,True
sample_178,beam,47,45.0,30.0,False,False,True
sample_178,beam,48,45.0,30.0,False,False,True
sample_178,beam,49,45.0,30.0,False,False,True
sample_178,beam,50,50.0,40.0,False,False,True
sample_178,beam,51,50.0,40.0,False,False,True
sample_178,beam,52,50.0,40.0,False,False,True
sample_178,beam,53,50.0,40.0,False,False,True
sample_178,beam,54,50.0,40.0,False,False,True
sample_178,beam,55,50.0,40.0,False,False,True
sample_178,beam,56,50.0,40.0,False,False,True
sample_178,beam,57,50.0,40.0,False,False,True
sample_178,beam,58,50.0,40.0,False,False,True
sample_178,beam,59,60.0,50.0,False,False,True
sample_178,beam,60,60.0,50.0,False,False,True
sample_178,beam,61,60.0,50.0,False,False,True
sample_178,beam,62,60.0,50.0,False,False,True
sample_178,beam,63,60.0,50.0,False,False,True
sample_178,beam,64,60.0,50.0,False,False,True
sample_178,beam,65,60.0,50.0,False,False,True
sample_178,beam,66,60.0,50.0,False,False,True
sample_178,beam,67,60.0,50.0,False,False,True
sample_178,beam,68,60.0,50.0,False,False,True
sample_178,beam,69,60.0,50.0,False,False,True
sample_178,beam,70,60.0,50.0,False,False,True
sample_178,beam,71,50.0,40.0,False,False,True
sample_178,beam,72,50.0,40.0,False,False,True
sample_178,beam,73,60.0,50.0,False,False,True
sample_178,beam,74,60.0,50.0,False,False,True
sample_178,beam,75,50.0,40.0,False,False,True
sample_178,beam,76,50.0,40.0,False,False,True
sample_178,beam,77,50.0,40.0,False,False,True
sample_178,beam,78,50.0,40.0,False,False,True
sample_178,beam,79,50.0,40.0,False,False,True
sample_178,beam,80,50.0,40.0,False,False,True
sample_178,beam,81,45.0,30.0,False,False,True
sample_178,beam,82,45.0,30.0,False,False,True
sample_178,beam,83,45.0,30.0,False,False,True
sample_178,beam,84,45.0,30.0,False,False,True
sample_178,beam,85,45.0,30.0,False,False,True
sample_178,beam,86,40.0,30.0,False,False,True
sample_178,beam,87,40.0,30.0,False,False,True
sample_178,beam,88,40.0,30.0,False,False,True
sample_178,beam,89,40.0,30.0,False,False,True
sample_178,beam,90,40.0,30.0,False,False,True
sample_178,column,0,50.0,50.0,True,False,False
sample_178,column,1,50.0,50.0,True,False,False
sample_178,column,2,50.0,50.0,True,False,False
sample_178,column,3,50.0,50.0,True,False,False
sample_178,column,4,50.0,50.0,True,False,False
sample_178,column,5,50.0,50.0,True,False,False
sample_178,column,6,50.0,50.0,True,False,False
sample_178,column,7,50.0,50.0,True,False,False
sample_178,column,8,50.0,50.0,True,False,False
sample_178,column,9,50.0,50.0,True,False,False
sample_178,column,10,50.0,50.0,True,False,False
sample_178,column,11,50.0,50.0,True,False,False
sample_178,column,12,50.0,50.0,True,False,False
sample_178,column,13,50.0,50.0,True,False,False
sample_178,column,14,50.0,50.0,True,False,False
sample_178,column,15,50.0,50.0,True,False,False
sample_178,column,16,50.0,50.0,True,False,False
sample_178,column,17,50.0,50.0,True,False,False
sample_178,column,18,50.0,50.0,True,False,False
sample_178,column,19,50.0,50.0,True,False,False
sample_178,column,20,50.0,50.0,True,False,False
sample_178,column,21,50.0,50.0,True,False,False
sample_178,column,22,50.0,50.0,True,False,False
sample_178,column,23,50.0,50.0,True,False,False
sample_178,column,24,50.0,50.0,True,False,False
sample_178,column,25,50.0,50.0,True,False,False
sample_178,column,26,50.0,50.0,True,False,False
sample_178,column,27,50.0,50.0,True,False,False
sample_178,column,28,50.0,50.0,True,False,False
sample_178,column,29,50.0,50.0,True,False,False
sample_178,column,30,50.0,50.0,True,False,False
sample_178,column,31,50.0,50.0,True,False,False
sample_178,column,32,50.0,50.0,True,False,False
sample_178,column,33,50.0,50.0,True,False,False
sample_178,column,34,50.0,50.0,True,False,False
sample_178,column,35,50.0,50.0,True,False,False
sample_178,column,36,50.0,50.0,True,False,False
sample_178,column,37,50.0,50.0,True,False,False
sample_178,column,38,50.0,50.0,True,False,False
sample_178,column,39,50.0,50.0,True,False,False
sample_178,column,40,50.0,50.0,True,False,False
sample_178,column,41,50.0,50.0,True,False,False
sample_178,column,42,50.0,50.0,True,False,False
sample_178,column,43,50.0,50.0,True,False,False
sample_178,column,44,50.0,50.0,True,False,False
sample_178,column,45,50.0,50.0,True,False,False
sample_178,column,46,50.0,50.0,True,False,False
sample_178,column,47,50.0,50.0,True,False,False
sample_178,column,48,50.0,50.0,True,False,False
sample_178,column,49,50.0,50.0,True,False,False
sample_178,column,50,50.0,50.0,True,False,False
sample_178,column,51,50.0,50.0,True,False,False
sample_178,column,52,50.0,50.0,True,False,False
sample_178,column,53,50.0,50.0,True,False,False
sample_52,beam,0,30.0,30.0,True,False,False
sample_52,beam,1,30.0,30.0,True,False,False
sample_52,beam,2,30.0,30.0,True,False,False
sample_52,beam,3,30.0,30.0,True,False,False
sample_52,beam,4,55.0,40.0,False,False,True
sample_52,beam,5,55.0,40.0,False,False,True
sample_52,beam,6,55.0,40.0,False,False,True
sample_52,beam,7,55.0,40.0,False,False,True
sample_52,beam,8,40.0,40.0,True,False,False
sample_52,beam,9,40.0,40.0,True,False,False
sample_52,beam,10,40.0,40.0,True,False,False
sample_52,beam,11,40.0,40.0,True,False,False
sample_52,beam,12,40.0,30.0,False,False,True
sample_52,beam,13,40.0,35.0,False,False,True
sample_52,beam,14,40.0,35.0,False,False,True
sample_52,beam,15,40.0,35.0,False,False,True
sample_52,beam,16,40.0,35.0,False,False,True
sample_52,beam,17,40.0,35.0,False,False,True
sample_52,beam,18,40.0,35.0,False,False,True
sample_52,beam,19,40.0,35.0,False,False,True
sample_52,beam,20,40.0,40.0,True,False,False
sample_52,beam,21,40.0,40.0,True,False,False
sample_52,beam,22,40.0,40.0,True,False,False
sample_52,beam,23,40.0,40.0,True,False,False
sample_52,beam,24,55.0,45.0,False,False,True
sample_52,beam,25,55.0,45.0,False,False,True
sample_52,beam,26,55.0,45.0,False,False,True
sample_52,beam,27,55.0,45.0,False,False,True
sample_52,beam,28,40.0,40.0,True,False,False
sample_52,beam,29,40.0,40.0,True,False,False
sample_52,beam,30,40.0,40.0,True,False,False
sample_52,beam,31,40.0,40.0,True,False,False
sample_52,beam,32,40.0,40.0,True,False,False
sample_52,beam,33,40.0,40.0,True,False,False
sample_52,beam,34,40.0,40.0,True,False,False
sample_52,beam,35,40.0,40.0,True,False,False
sample_52,beam,36,40.0,40.0,True,False,False
sample_52,beam,37,40.0,40.0,True,False,False
sample_52,beam,38,40.0,40.0,True,False,False
sample_52,beam,39,40.0,40.0,True,False,False
sample_52,beam,40,40.0,40.0,True,False,False
sample_52,beam,41,40.0,40.0,True,False,False
sample_52,beam,42,40.0,40.0,True,False,False
sample_52,beam,43,40.0,40.0,True,False,False
sample_52,beam,44,55.0,45.0,False,False,True
sample_52,beam,45,55.0,45.0,False,False,True
sample_52,beam,46,55.0,45.0,False,False,True
sample_52,beam,47,55.0,45.0,False,False,True
sample_52,beam,48,40.0,30.0,False,False,True
sample_52,beam,49,40.0,30.0,False,False,True
sample_52,beam,50,40.0,30.0,False,False,True
sample_52,beam,51,40.0,30.0,False,False,True
sample_52,beam,52,30.0,30.0,True,False,False
sample_52,beam,53,30.0,30.0,True,False,False
sample_52,beam,54,30.0,30.0,True,False,False
sample_52,beam,55,30.0,30.0,True,False,False
sample_52,beam,56,30.0,30.0,True,False,False
sample_52,beam,57,30.0,30.0,True,False,False
sample_52,beam,58,30.0,30.0,True,False,False
sample_52,beam,59,55.0,45.0,False,False,True
sample_52,beam,60,55.0,45.0,False,False,True
sample_52,beam,61,55.0,45.0,False,False,True
sample_52,beam,62,55.0,45.0,False,False,True
sample_52,beam,63,40.0,30.0,False,False,True
sample_52,beam,64,55.0,45.0,False,False,True
sample_52,beam,65,55.0,45.0,False,False,True
sample_52,beam,66,40.0,30.0,False,False,True
sample_52,beam,67,55.0,45.0,False,False,True
sample_52,beam,68,55.0,45.0,False,False,True
sample_52,beam,69,40.0,35.0,False,False,True
sample_52,beam,70,45.0,35.0,False,False,True
sample_52,beam,71,45.0,35.0,False,False,True
sample_52,beam,72,40.0,30.0,False,False,True
sample_52,column,0,50.0,50.0,True,False,False
sample_52,column,1,50.0,50.0,True,False,False
sample_52,column,2,50.0,50.0,True,False,False
sample_52,column,3,50.0,50.0,True,False,False
sample_52,column,4,50.0,50.0,True,False,False
sample_52,column,5,50.0,50.0,True,False,False
sample_52,column,6,50.0,50.0,True,False,False
sample_52,column,7,50.0,50.0,True,False,False
sample_52,column,8,50.0,50.0,True,False,False
sample_52,column,9,50.0,50.0,True,False,False
sample_52,column,10,50.0,50.0,True,False,False
sample_52,column,11,50.0,50.0,True,False,False
sample_52,column,12,50.0,50.0,True,False,False
sample_52,column,13,50.0,50.0,True,False,False
sample_52,column,14,50.0,50.0,True,False,False
sample_52,column,15,50.0,50.0,True,False,False
sample_52,column,16,50.0,50.0,True,False,False
sample_52,column,17,50.0,50.0,True,False,False
sample_52,column,18,50.0,50.0,True,False,False
sample_52,column,19,50.0,50.0,True,False,False
sample_52,column,20,50.0,50.0,True,False,False
sample_52,column,21,50.0,50.0,True,False,False
sample_52,column,22,50.0,50.0,True,False,False
sample_52,column,23,50.0,50.0,True,False,False
sample_52,column,24,50.0,50.0,True,False,False
sample_52,column,25,50.0,50.0,True,False,False
sample_52,column,26,50.0,50.0,True,False,False
sample_52,column,27,50.0,50.0,True,False,False
sample_52,column,28,50.0,50.0,True,False,False
sample_52,column,29,50.0,50.0,True,False,False
sample_52,column,30,50.0,50.0,True,False,False
sample_52,column,31,50.0,50.0,True,False,False
sample_52,column,32,50.0,50.0,True,False,False
sample_52,column,33,50.0,50.0,True,False,False
sample_52,column,34,50.0,50.0,True,False,False
sample_52,column,35,50.0,50.0,True,False,False
sample_52,column,36,50.0,50.0,True,False,False
sample_52,column,37,50.0,50.0,True,False,False
sample_52,column,38,50.0,50.0,True,False,False
sample_52,column,39,50.0,50.0,True,False,False
sample_52,column,40,50.0,50.0,True,False,False
sample_52,column,41,50.0,50.0,True,False,False
sample_52,column,42,35.0,40.0,True,False,False
sample_52,column,43,35.0,40.0,True,False,False
sample_52,column,44,35.0,40.0,True,False,False
sample_52,column,45,35.0,40.0,True,False,False
sample_166,beam,0,45.0,30.0,False,False,True
sample_166,beam,1,45.0,30.0,False,False,True
sample_166,beam,2,45.0,30.0,False,False,True
sample_166,beam,3,45.0,40.0,False,False,True
sample_166,beam,4,45.0,40.0,False,False,True
sample_166,beam,5,45.0,40.0,False,False,True
sample_166,beam,6,45.0,40.0,False,False,True
sample_166,beam,7,45.0,40.0,False,False,True
sample_166,beam,8,45.0,40.0,False,False,True
sample_166,beam,9,45.0,40.0,False,False,True
sample_166,beam,10,45.0,40.0,False,False,True
sample_166,beam,11,45.0,40.0,False,False,True
sample_166,beam,12,45.0,40.0,False,False,True
sample_166,beam,13,45.0,40.0,False,False,True
sample_166,beam,14,45.0,40.0,False,False,True
sample_166,beam,15,45.0,40.0,False,False,True
sample_166,beam,16,45.0,40.0,False,False,True
sample_166,beam,17,45.0,40.0,False,False,True
sample_166,beam,18,45.0,40.0,False,False,True
sample_166,beam,19,45.0,40.0,False,False,True
sample_166,beam,20,45.0,40.0,False,False,True
sample_166,beam,21,40.0,30.0,False,False,True
sample_166,beam,22,40.0,30.0,False,False,True
sample_166,beam,23,40.0,30.0,False,False,True
sample_166,beam,24,40.0,30.0,False,False,True
sample_166,beam,25,40.0,30.0,False,False,True
sample_166,beam,26,40.0,30.0,False,False,True
sample_166,beam,27,45.0,40.0,False,False,True
sample_166,beam,28,45.0,40.0,False,False,True
sample_166,beam,29,45.0,40.0,False,False,True
sample_166,beam,30,60.0,40.0,False,False,True
sample_166,beam,31,60.0,40.0,False,False,True
sample_166,beam,32,60.0,40.0,False,False,True
sample_166,beam,33,45.0,40.0,False,False,True
sample_166,beam,34,45.0,40.0,False,False,True
sample_166,beam,35,45.0,40.0,False,False,True
sample_166,beam,36,45.0,40.0,False,False,True
sample_166,beam,37,60.0,40.0,False,False,True
sample_166,beam,38,45.0,40.0,False,False,True
sample_166,beam,39,60.0,40.0,False,False,True
sample_166,beam,40,45.0,40.0,False,False,True
sample_166,beam,41,60.0,40.0,False,False,True
sample_166,beam,42,45.0,40.0,False,False,True
sample_166,beam,43,45.0,40.0,False,False,True
sample_166,beam,44,45.0,40.0,False,False,True
sample_166,beam,45,40.0,30.0,False,False,True
sample_166,beam,46,40.0,30.0,False,False,True
sample_166,beam,47,40.0,30.0,False,False,True
sample_166,beam,48,40.0,30.0,False,False,True
sample_166,beam,49,40.0,30.0,False,False,True
sample_166,beam,50,40.0,30.0,False,False,True
sample_166,beam,51,40.0,30.0,False,False,True
sample_166,beam,52,40.0,30.0,False,False,True
sample_166,beam,53,40.0,30.0,False,False,True
sample_166,beam,54,40.0,30.0,False,False,True
sample_166,beam,55,40.0,30.0,False,False,True
sample_166,beam,56,40.0,30.0,False,False,True
sample_166,beam,57,30.0,25.0,False,False,True
sample_166,beam,58,30.0,25.0,False,False,True
sample_166,beam,59,30.0,25.0,False,False,True
sample_166,beam,60,40.0,40.0,True,False,False
sample_166,beam,61,40.0,40.0,True,False,False
sample_166,beam,62,40.0,40.0,True,False,False
sample_166,beam,63,40.0,40.0,True,False,False
sample_166,column,0,45.0,45.0,True,False,False
sample_166,column,1,45.0,45.0,True,False,False
sample_166,column,2,45.0,50.0,True,False,False
sample_166,column,3,45.0,50.0,True,False,False
sample_166,column,4,45.0,50.0,True,False,False
sample_166,column,5,45.0,50.0,True,False,False
sample_166,column,6,45.0,45.0,True,False,False
sample_166,column,7,45.0,45.0,True,False,False
sample_166,column,8,45.0,55.0,True,False,False
sample_166,column,9,45.0,50.0,True,False,False
sample_166,column,10,45.0,50.0,True,False,False
sample_166,column,11,50.0,55.0,True,False,False
sample_166,column,12,45.0,45.0,True,False,False
sample_166,column,13,45.0,45.0,True,False,False
sample_166,column,14,45.0,50.0,True,False,False
sample_166,column,15,45.0,50.0,True,False,False
sample_166,column,16,45.0,50.0,True,False,False
sample_166,column,17,50.0,55.0,True,False,False
sample_166,column,18,40.0,40.0,True,False,False
sample_166,column,19,40.0,40.0,True,False,False
sample_63,beam,0,35.0,35.0,True,False,False
sample_63,beam,1,35.0,35.0,True,False,False
sample_63,beam,2,35.0,35.0,True,False,False
sample_63,beam,3,35.0,35.0,True,False,False
sample_63,beam,4,35.0,35.0,True,False,False
sample_63,beam,5,35.0,35.0,True,False,False
sample_63,beam,6,35.0,35.0,True,False,False
sample_63,beam,7,35.0,35.0,True,False,False
sample_63,beam,8,35.0,35.0,True,False,False
sample_63,beam,9,35.0,35.0,True,False,False
sample_63,beam,10,35.0,35.0,True,False,False
sample_63,beam,11,35.0,35.0,True,False,False
sample_63,beam,12,35.0,35.0,True,False,False
sample_63,column,0,35.0,35.0,True,False,False
sample_63,column,1,35.0,35.0,True,False,False
sample_63,column,2,35.0,35.0,True,False,False
sample_63,column,3,35.0,35.0,True,False,False
sample_63,column,4,35.0,35.0,True,False,False
sample_63,column,5,35.0,35.0,True,False,False
sample_63,column,6,35.0,35.0,True,False,False
sample_63,column,7,35.0,35.0,True,False,False
sample_63,column,8,35.0,35.0,True,False,False
sample_63,column,9,35.0,35.0,True,False,False
sample_6,beam,0,10.0,10.0,True,True,False
sample_6,beam,1,10.0,10.0,True,True,False
sample_6,beam,2,10.0,10.0,True,True,False
sample_6,beam,3,10.0,10.0,True,True,False
sample_6,beam,4,50.0,50.0,True,False,False
sample_6,beam,5,45.0,45.0,True,False,False
sample_6,beam,6,45.0,45.0,True,False,False
sample_6,beam,7,45.0,45.0,True,False,False
sample_6,beam,8,50.0,50.0,True,False,False
sample_6,beam,9,50.0,40.0,False,False,True
sample_6,beam,10,45.0,40.0,False,False,True
sample_6,beam,11,45.0,40.0,False,False,True
sample_6,beam,12,45.0,40.0,False,False,True
sample_6,beam,13,50.0,40.0,False,False,True
sample_6,beam,14,50.0,40.0,False,False,True
sample_6,beam,15,40.0,40.0,True,False,False
sample_6,beam,16,45.0,40.0,False,False,True
sample_6,beam,17,45.0,40.0,False,False,True
sample_6,beam,18,45.0,40.0,False,False,True
sample_6,beam,19,50.0,40.0,False,False,True
sample_6,beam,20,50.0,40.0,False,False,True
sample_6,beam,21,45.0,40.0,False,False,True
sample_6,beam,22,45.0,40.0,False,False,True
sample_6,beam,23,45.0,40.0,False,False,True
sample_6,beam,24,50.0,40.0,False,False,True
sample_6,beam,25,50.0,50.0,True,False,False
sample_6,beam,26,45.0,45.0,True,False,False
sample_6,beam,27,45.0,45.0,True,False,False
sample_6,beam,28,45.0,45.0,True,False,False
sample_6,beam,29,50.0,50.0,True,False,False
sample_6,beam,30,50.0,50.0,True,False,False
sample_6,beam,31,45.0,45.0,True,False,False
sample_6,beam,32,45.0,45.0,True,False,False
sample_6,beam,33,45.0,45.0,True,False,False
sample_6,beam,34,50.0,50.0,True,False,False
sample_6,beam,35,50.0,50.0,True,False,False
sample_6,beam,36,45.0,45.0,True,False,False
sample_6,beam,37,45.0,45.0,True,False,False
sample_6,beam,38,45.0,45.0,True,False,False
sample_6,beam,39,50.0,50.0,True,False,False
sample_6,beam,40,50.0,50.0,True,False,False
sample_6,beam,41,50.0,45.0,False,False,True
sample_6,beam,42,50.0,45.0,False,False,True
sample_6,beam,43,50.0,45.0,False,False,True
sample_6,beam,44,50.0,50.0,True,False,False
sample_6,beam,45,50.0,50.0,True,False,False
sample_6,beam,46,45.0,45.0,True,False,False
sample_6,beam,47,45.0,45.0,True,False,False
sample_6,beam,48,45.0,45.0,True,False,False
sample_6,beam,49,50.0,50.0,True,False,False
sample_6,beam,50,50.0,50.0,True,False,False
sample_6,beam,51,40.0,40.0,True,False,False
sample_6,beam,52,45.0,45.0,True,False,False
sample_6,beam,53,45.0,45.0,True,False,False
sample_6,beam,54,45.0,45.0,True,False,False
sample_6,beam,55,50.0,50.0,True,False,False
sample_6,beam,56,50.0,50.0,True,False,False
sample_6,beam,57,40.0,40.0,True,False,False
sample_6,beam,58,45.0,45.0,True,False,False
sample_6,beam,59,45.0,45.0,True,False,False
sample_6,beam,60,45.0,45.0,True,False,False
sample_6,beam,61,50.0,50.0,True,False,False
sample_6,beam,62,50.0,50.0,True,False,False
sample_6,beam,63,45.0,45.0,True,False,False
sample_6,beam,64,45.0,45.0,True,False,False
sample_6,beam,65,45.0,45.0,True,False,False
sample_6,beam,66,50.0,50.0,True,False,False
sample_6,beam,67,50.0,50.0,True,False,False
sample_6,beam,68,45.0,45.0,True,False,False
sample_6,beam,69,45.0,45.0,True,False,False
sample_6,beam,70,45.0,45.0,True,False,False
sample_6,beam,71,50.0,50.0,True,False,False
sample_6,beam,72,50.0,50.0,True,False,False
sample_6,beam,73,45.0,45.0,True,False,False
sample_6,beam,74,45.0,45.0,True,False,False
sample_6,beam,75,45.0,45.0,True,False,False
sample_6,beam,76,50.0,50.0,True,False,False
sample_6,beam,77,50.0,50.0,True,False,False
sample_6,beam,78,45.0,45.0,True,False,False
sample_6,beam,79,45.0,45.0,True,False,False
sample_6,beam,80,45.0,45.0,True,False,False
sample_6,beam,81,50.0,50.0,True,False,False
sample_6,beam,82,50.0,50.0,True,False,False
sample_6,beam,83,45.0,45.0,True,False,False
sample_6,beam,84,45.0,45.0,True,False,False
sample_6,beam,85,45.0,45.0,True,False,False
sample_6,beam,86,50.0,50.0,True,False,False
sample_6,beam,87,50.0,50.0,True,False,False
sample_6,beam,88,45.0,45.0,True,False,False
sample_6,beam,89,45.0,45.0,True,False,False
sample_6,beam,90,45.0,45.0,True,False,False
sample_6,beam,91,50.0,50.0,True,False,False
sample_6,beam,92,50.0,50.0,True,False,False
sample_6,beam,93,40.0,40.0,True,False,False
sample_6,beam,94,45.0,45.0,True,False,False
sample_6,beam,95,45.0,45.0,True,False,False
sample_6,beam,96,45.0,45.0,True,False,False
sample_6,beam,97,50.0,50.0,True,False,False
sample_6,beam,98,10.0,10.0,True,True,False
sample_6,beam,99,10.0,10.0,True,True,False
sample_6,beam,100,10.0,10.0,True,True,False
sample_6,beam,101,10.0,10.0,True,True,False
sample_6,beam,102,10.0,10.0,True,True,False
sample_6,beam,103,50.0,50.0,True,False,False
sample_6,beam,104,45.0,45.0,True,False,False
sample_6,beam,105,45.0,45.0,True,False,False
sample_6,beam,106,45.0,45.0,True,False,False
sample_6,beam,107,50.0,50.0,True,False,False
sample_6,beam,108,50.0,50.0,True,False,False
sample_6,beam,109,45.0,45.0,True,False,False
sample_6,beam,110,45.0,45.0,True,False,False
sample_6,beam,111,45.0,45.0,True,False,False
sample_6,beam,112,50.0,50.0,True,False,False
sample_6,beam,113,50.0,50.0,True,False,False
sample_6,beam,114,45.0,45.0,True,False,False
sample_6,beam,115,45.0,45.0,True,False,False
sample_6,beam,116,45.0,45.0,True,False,False
sample_6,beam,117,50.0,50.0,True,False,False
sample_6,beam,118,50.0,50.0,True,False,False
sample_6,beam,119,50.0,45.0,False,False,True
sample_6,beam,120,50.0,45.0,False,False,True
sample_6,beam,121,50.0,45.0,False,False,True
sample_6,beam,122,50.0,50.0,True,False,False
sample_6,beam,123,30.0,25.0,False,False,True
sample_6,beam,124,30.0,25.0,False,False,True
sample_6,beam,125,35.0,25.0,False,False,True
sample_6,beam,126,30.0,25.0,False,False,True
sample_6,beam,127,30.0,25.0,False,False,True
sample_6,beam,128,35.0,25.0,False,False,True
sample_6,beam,129,30.0,25.0,False,False,True
sample_6,beam,130,30.0,25.0,False,False,True
sample_6,beam,131,35.0,25.0,False,False,True
sample_6,beam,132,30.0,25.0,False,False,True
sample_6,beam,133,30.0,25.0,False,False,True
sample_6,beam,134,35.0,25.0,False,False,True
sample_6,beam,135,30.0,25.0,False,False,True
sample_6,beam,136,30.0,25.0,False,False,True
sample_6,beam,137,35.0,25.0,False,False,True
sample_6,beam,138,50.0,50.0,True,False,False
sample_6,beam,139,45.0,45.0,True,False,False
sample_6,beam,140,45.0,45.0,True,False,False
sample_6,beam,141,45.0,45.0,True,False,False
sample_6,beam,142,50.0,50.0,True,False,False
sample_6,beam,143,10.0,10.0,True,True,False
sample_6,beam,144,10.0,10.0,True,True,False
sample_6,beam,145,10.0,10.0,True,True,False
sample_6,beam,146,10.0,10.0,True,True,False
sample_6,beam,147,10.0,10.0,True,True,False
sample_6,beam,148,10.0,10.0,True,True,False
sample_6,beam,149,10.0,10.0,True,True,False
sample_6,beam,150,10.0,10.0,True,True,False
sample_6,beam,151,10.0,10.0,True,True,False
sample_6,beam,152,10.0,10.0,True,True,False
sample_6,beam,153,10.0,10.0,True,True,False
sample_6,beam,154,10.0,10.0,True,True,False
sample_6,beam,155,10.0,10.0,True,True,False
sample_6,beam,156,10.0,10.0,True,True,False
sample_6,beam,157,10.0,10.0,True,True,False
sample_6,beam,158,40.0,25.0,False,False,True
sample_6,beam,159,40.0,25.0,False,False,True
sample_6,beam,160,40.0,25.0,False,False,True
sample_6,beam,161,40.0,25.0,False,False,True
sample_6,beam,162,40.0,25.0,False,False,True
sample_6,beam,163,40.0,25.0,False,False,True
sample_6,beam,164,40.0,25.0,False,False,True
sample_6,beam,165,40.0,25.0,False,False,True
sample_6,column,0,50.0,50.0,True,False,False
sample_6,column,1,45.0,45.0,True,False,False
sample_6,column,2,45.0,45.0,True,False,False
sample_6,column,3,50.0,50.0,True,False,False
sample_6,column,4,50.0,50.0,True,False,False
sample_6,column,5,50.0,50.0,True,False,False
sample_6,column,6,45.0,45.0,True,False,False
sample_6,column,7,45.0,45.0,True,False,False
sample_6,column,8,50.0,50.0,True,False,False
sample_6,column,9,50.0,50.0,True,False,False
sample_6,column,10,50.0,50.0,True,False,False
sample_6,column,11,45.0,45.0,True,False,False
sample_6,column,12,45.0,45.0,True,False,False
sample_6,column,13,50.0,50.0,True,False,False
sample_6,column,14,50.0,50.0,True,False,False
sample_6,column,15,50.0,50.0,True,False,False
sample_6,column,16,45.0,45.0,True,False,False
sample_6,column,17,45.0,45.0,True,False,False
sample_6,column,18,45.0,45.0,True,False,False
sample_6,column,19,50.0,50.0,True,False,False
sample_6,column,20,50.0,50.0,True,False,False
sample_6,column,21,50.0,50.0,True,False,False
sample_6,column,22,45.0,45.0,True,False,False
sample_6,column,23,45.0,45.0,True,False,False
sample_6,column,24,45.0,45.0,True,False,False
sample_6,column,25,50.0,50.0,True,False,False
sample_6,column,26,50.0,50.0,True,False,False
sample_6,column,27,50.0,50.0,True,False,False
sample_6,column,28,45.0,45.0,True,False,False
sample_6,column,29,45.0,45.0,True,False,False
sample_6,column,30,50.0,50.0,True,False,False
sample_6,column,31,50.0,50.0,True,False,False
sample_6,column,32,50.0,50.0,True,False,False
sample_6,column,33,45.0,45.0,True,False,False
sample_6,column,34,45.0,45.0,True,False,False
sample_6,column,35,50.0,50.0,True,False,False
sample_6,column,36,50.0,50.0,True,False,False
sample_6,column,37,50.0,50.0,True,False,False
sample_6,column,38,45.0,45.0,True,False,False
sample_6,column,39,45.0,45.0,True,False,False
sample_6,column,40,50.0,50.0,True,False,False
sample_6,column,41,50.0,50.0,True,False,False
sample_6,column,42,50.0,50.0,True,False,False
sample_6,column,43,45.0,45.0,True,False,False
sample_6,column,44,45.0,45.0,True,False,False
sample_6,column,45,50.0,50.0,True,False,False
sample_6,column,46,50.0,50.0,True,False,False
sample_6,column,47,50.0,50.0,True,False,False
sample_6,column,48,45.0,45.0,True,False,False
sample_6,column,49,45.0,45.0,True,False,False
sample_6,column,50,50.0,50.0,True,False,False
sample_6,column,51,50.0,50.0,True,False,False
sample_6,column,52,50.0,50.0,True,False,False
sample_6,column,53,45.0,45.0,True,False,False
sample_6,column,54,45.0,45.0,True,False,False
sample_6,column,55,45.0,45.0,True,False,False
sample_6,column,56,50.0,50.0,True,False,False
sample_6,column,57,50.0,50.0,True,False,False
sample_6,column,58,50.0,50.0,True,False,False
sample_6,column,59,45.0,45.0,True,False,False
sample_6,column,60,45.0,45.0,True,False,False
sample_6,column,61,45.0,45.0,True,False,False
sample_6,column,62,50.0,50.0,True,False,False
sample_6,column,63,50.0,50.0,True,False,False
sample_208,beam,0,50.0,40.0,False,False,True
sample_208,beam,1,50.0,40.0,False,False,True
sample_208,beam,2,50.0,40.0,False,False,True
sample_208,beam,3,50.0,40.0,False,False,True
sample_208,beam,4,50.0,40.0,False,False,True
sample_208,beam,5,50.0,40.0,False,False,True
sample_208,beam,6,50.0,40.0,False,False,True
sample_208,beam,7,50.0,40.0,False,False,True
sample_208,beam,8,50.0,40.0,False,False,True
sample_208,beam,9,50.0,40.0,False,False,True
sample_208,beam,10,50.0,40.0,False,False,True
sample_208,beam,11,50.0,40.0,False,False,True
sample_208,beam,12,50.0,40.0,False,False,True
sample_208,beam,13,50.0,40.0,False,False,True
sample_208,beam,14,50.0,40.0,False,False,True
sample_208,beam,15,50.0,40.0,False,False,True
sample_208,beam,16,50.0,40.0,False,False,True
sample_208,beam,17,50.0,40.0,False,False,True
sample_208,beam,18,50.0,40.0,False,False,True
sample_208,beam,19,50.0,40.0,False,False,True
sample_208,beam,20,50.0,40.0,False,False,True
sample_208,beam,21,50.0,40.0,False,False,True
sample_208,beam,22,50.0,40.0,False,False,True
sample_208,beam,23,50.0,40.0,False,False,True
sample_208,beam,24,50.0,40.0,False,False,True
sample_208,beam,25,50.0,40.0,False,False,True
sample_208,beam,26,50.0,40.0,False,False,True
sample_208,beam,27,50.0,40.0,False,False,True
sample_208,beam,28,50.0,40.0,False,False,True
sample_208,beam,29,50.0,40.0,False,False,True
sample_208,beam,30,50.0,40.0,False,False,True
sample_208,beam,31,50.0,40.0,False,False,True
sample_208,beam,32,50.0,40.0,False,False,True
sample_208,beam,33,50.0,40.0,False,False,True
sample_208,beam,34,50.0,40.0,False,False,True
sample_208,beam,35,50.0,40.0,False,False,True
sample_208,beam,36,50.0,40.0,False,False,True
sample_208,beam,37,50.0,40.0,False,False,True
sample_208,beam,38,50.0,40.0,False,False,True
sample_208,beam,39,50.0,40.0,False,False,True
sample_208,beam,40,65.0,60.0,False,False,True
sample_208,beam,41,65.0,60.0,False,False,True
sample_208,beam,42,65.0,60.0,False,False,True
sample_208,beam,43,65.0,60.0,False,False,True
sample_208,beam,44,40.0,35.0,False,False,True
sample_208,beam,45,65.0,60.0,False,False,True
sample_208,beam,46,65.0,60.0,False,False,True
sample_208,beam,47,65.0,60.0,False,False,True
sample_208,beam,48,65.0,60.0,False,False,True
sample_208,beam,49,65.0,60.0,False,False,True
sample_208,beam,50,65.0,60.0,False,False,True
sample_208,beam,51,65.0,60.0,False,False,True
sample_208,beam,52,65.0,60.0,False,False,True
sample_208,beam,53,65.0,60.0,False,False,True
sample_208,beam,54,65.0,60.0,False,False,True
sample_208,beam,55,65.0,60.0,False,False,True
sample_208,beam,56,65.0,60.0,False,False,True
sample_208,beam,57,65.0,60.0,False,False,True
sample_208,beam,58,65.0,60.0,False,False,True
sample_208,beam,59,65.0,60.0,False,False,True
sample_208,beam,60,65.0,60.0,False,False,True
sample_208,beam,61,65.0,60.0,False,False,True
sample_208,beam,62,65.0,60.0,False,False,True
sample_208,beam,63,65.0,60.0,False,False,True
sample_208,beam,64,65.0,60.0,False,False,True
sample_208,beam,65,40.0,30.0,False,False,True
sample_208,beam,66,40.0,30.0,False,False,True
sample_208,beam,67,40.0,30.0,False,False,True
sample_208,beam,68,40.0,30.0,False,False,True
sample_208,beam,69,40.0,30.0,False,False,True
sample_208,beam,70,40.0,30.0,False,False,True
sample_208,beam,71,40.0,30.0,False,False,True
sample_208,beam,72,40.0,30.0,False,False,True
sample_208,beam,73,30.0,25.0,False,False,True
sample_208,beam,74,30.0,25.0,False,False,True
sample_208,beam,75,30.0,25.0,False,False,True
sample_208,beam,76,30.0,25.0,False,False,True
sample_208,beam,77,30.0,25.0,False,False,True
sample_208,beam,78,30.0,25.0,False,False,True
sample_208,beam,79,30.0,25.0,False,False,True
sample_208,beam,80,30.0,25.0,False,False,True
sample_208,beam,81,30.0,25.0,False,False,True
sample_208,beam,82,30.0,25.0,False,False,True
sample_208,beam,83,30.0,25.0,False,False,True
sample_208,beam,84,30.0,25.0,False,False,True
sample_208,beam,85,30.0,25.0,False,False,True
sample_208,beam,86,30.0,25.0,False,False,True
sample_208,beam,87,30.0,25.0,False,False,True
sample_208,beam,88,50.0,40.0,False,False,True
sample_208,beam,89,50.0,40.0,False,False,True
sample_208,beam,90,50.0,40.0,False,False,True
sample_208,beam,91,30.0,30.0,True,False,False
sample_208,beam,92,30.0,30.0,True,False,False
sample_208,beam,93,30.0,25.0,False,False,True
sample_208,beam,94,30.0,30.0,True,False,False
sample_208,beam,95,30.0,30.0,True,False,False
sample_208,beam,96,30.0,30.0,True,False,False
sample_208,beam,97,30.0,30.0,True,False,False
sample_208,beam,98,30.0,30.0,True,False,False
sample_208,beam,99,40.0,30.0,False,False,True
sample_208,beam,100,30.0,30.0,True,False,False
sample_208,beam,101,40.0,35.0,False,False,True
sample_208,beam,102,40.0,35.0,False,False,True
sample_208,beam,103,40.0,35.0,False,False,True
sample_208,beam,104,30.0,30.0,True,False,False
sample_208,beam,105,40.0,40.0,True,False,False
sample_208,beam,106,40.0,40.0,True,False,False
sample_208,beam,107,30.0,25.0,False,False,True
sample_208,beam,108,40.0,40.0,True,False,False
sample_208,beam,109,40.0,40.0,True,False,False
sample_208,beam,110,40.0,40.0,True,False,False
sample_208,beam,111,40.0,40.0,True,False,False
sample_208,column,0,50.0,70.0,True,False,False
sample_208,column,1,50.0,70.0,True,False,False
sample_208,column,2,50.0,70.0,True,False,False
sample_208,column,3,50.0,70.0,True,False,False
sample_208,column,4,50.0,70.0,True,False,False
sample_208,column,5,50.0,70.0,True,False,False
sample_208,column,6,50.0,70.0,True,False,False
sample_208,column,7,50.0,70.0,True,False,False
sample_208,column,8,50.0,70.0,True,False,False
sample_208,column,9,50.0,70.0,True,False,False
sample_208,column,10,50.0,70.0,True,False,False
sample_208,column,11,50.0,70.0,True,False,False
sample_208,column,12,50.0,70.0,True,False,False
sample_208,column,13,50.0,70.0,True,False,False
sample_208,column,14,50.0,70.0,True,False,False
sample_208,column,15,50.0,70.0,True,False,False
sample_208,column,16,50.0,70.0,True,False,False
sample_208,column,17,50.0,70.0,True,False,False
sample_208,column,18,50.0,70.0,True,False,False
sample_208,column,19,50.0,70.0,True,False,False
sample_208,column,20,50.0,70.0,True,False,False
sample_208,column,21,50.0,70.0,True,False,False
sample_208,column,22,50.0,70.0,True,False,False
sample_208,column,23,50.0,70.0,True,False,False
sample_208,column,24,50.0,70.0,True,False,False
sample_208,column,25,50.0,70.0,True,False,False
sample_208,column,26,50.0,70.0,True,False,False
sample_208,column,27,50.0,70.0,True,False,False
sample_208,column,28,50.0,70.0,True,False,False
sample_208,column,29,50.0,70.0,True,False,False
sample_208,column,30,50.0,70.0,True,False,False
sample_208,column,31,50.0,70.0,True,False,False
sample_208,column,32,50.0,70.0,True,False,False
sample_208,column,33,50.0,70.0,True,False,False
sample_208,column,34,50.0,70.0,True,False,False
sample_208,column,35,50.0,70.0,True,False,False
sample_208,column,36,50.0,70.0,True,False,False
sample_208,column,37,50.0,70.0,True,False,False
sample_208,column,38,50.0,70.0,True,False,False
sample_208,column,39,50.0,70.0,True,False,False
sample_208,column,40,50.0,70.0,True,False,False
sample_208,column,41,50.0,70.0,True,False,False
sample_208,column,42,50.0,70.0,True,False,False
sample_208,column,43,50.0,70.0,True,False,False
sample_208,column,44,35.0,60.0,True,False,False
sample_208,column,45,35.0,60.0,True,False,False
sample_208,column,46,50.0,70.0,True,False,False
sample_208,column,47,50.0,70.0,True,False,False
sample_208,column,48,50.0,70.0,True,False,False
sample_208,column,49,50.0,70.0,True,False,False
sample_208,column,50,50.0,70.0,True,False,False
sample_208,column,51,50.0,70.0,True,False,False
sample_208,column,52,50.0,70.0,True,False,False
sample_208,column,53,50.0,70.0,True,False,False
sample_208,column,54,50.0,70.0,True,False,False
sample_208,column,55,50.0,70.0,True,False,False
sample_208,column,56,50.0,70.0,True,False,False
sample_208,column,57,50.0,70.0,True,False,False
sample_208,column,58,50.0,70.0,True,False,False
sample_208,column,59,50.0,70.0,True,False,False
sample_208,column,60,50.0,70.0,True,False,False
sample_208,column,61,50.0,70.0,True,False,False
sample_208,column,62,50.0,70.0,True,False,False
sample_208,column,63,50.0,70.0,True,False,False
sample_208,column,64,50.0,70.0,True,False,False
sample_208,column,65,50.0,70.0,True,False,False
sample_208,column,66,50.0,70.0,True,False,False
sample_208,column,67,40.0,40.0,True,False,False
sample_208,column,68,40.0,40.0,True,False,False
sample_208,column,69,40.0,40.0,True,False,False
sample_208,column,70,40.0,40.0,True,False,False
sample_208,column,71,40.0,40.0,True,False,False
sample_208,column,72,50.0,70.0,True,False,False
sample_208,column,73,50.0,70.0,True,False,False
sample_208,column,74,50.0,70.0,True,False,False
sample_208,column,75,50.0,70.0,True,False,False
sample_208,column,76,50.0,70.0,True,False,False
sample_99,beam,0,40.0,40.0,True,False,False
sample_99,beam,1,40.0,40.0,True,False,False
sample_99,beam,2,40.0,40.0,True,False,False
sample_99,beam,3,40.0,40.0,True,False,False
sample_99,beam,4,60.0,50.0,False,False,True
sample_99,beam,5,40.0,40.0,True,False,False
sample_99,beam,6,60.0,50.0,False,False,True
sample_99,beam,7,60.0,50.0,False,False,True
sample_99,beam,8,60.0,50.0,False,False,True
sample_99,beam,9,60.0,50.0,False,False,True
sample_99,beam,10,40.0,45.0,True,False,False
sample_99,beam,11,40.0,45.0,True,False,False
sample_99,beam,12,40.0,45.0,True,False,False
sample_99,beam,13,40.0,45.0,True,False,False
sample_99,beam,14,40.0,45.0,True,False,False
sample_99,beam,15,60.0,50.0,False,False,True
sample_99,beam,16,60.0,50.0,False,False,True
sample_99,beam,17,60.0,50.0,False,False,True
sample_99,beam,18,60.0,50.0,False,False,True
sample_99,beam,19,60.0,50.0,False,False,True
sample_99,beam,20,45.0,45.0,True,False,False
sample_99,beam,21,40.0,40.0,True,False,False
sample_99,beam,22,45.0,45.0,True,False,False
sample_99,beam,23,45.0,45.0,True,False,False
sample_99,beam,24,45.0,45.0,True,False,False
sample_99,beam,25,45.0,45.0,True,False,False
sample_99,beam,26,60.0,50.0,False,False,True
sample_99,beam,27,60.0,50.0,False,False,True
sample_99,beam,28,60.0,50.0,False,False,True
sample_99,beam,29,60.0,50.0,False,False,True
sample_99,beam,30,60.0,50.0,False,False,True
sample_99,beam,31,50.0,45.0,False,False,True
sample_99,beam,32,50.0,45.0,False,False,True
sample_99,beam,33,50.0,45.0,False,False,True
sample_99,beam,34,50.0,45.0,False,False,True
sample_99,beam,35,50.0,45.0,False,False,True
sample_99,beam,36,40.0,45.0,True,False,False
sample_99,beam,37,40.0,45.0,True,False,False
sample_99,beam,38,40.0,45.0,True,False,False
sample_99,beam,39,40.0,45.0,True,False,False
sample_99,beam,40,40.0,45.0,True,False,False
sample_99,beam,41,60.0,50.0,False,False,True
sample_99,beam,42,40.0,40.0,True,False,False
sample_99,beam,43,60.0,50.0,False,False,True
sample_99,beam,44,60.0,50.0,False,False,True
sample_99,beam,45,60.0,50.0,False,False,True
sample_99,beam,46,60.0,50.0,False,False,True
sample_99,beam,47,45.0,45.0,True,False,False
sample_99,beam,48,45.0,45.0,True,False,False
sample_99,beam,49,45.0,45.0,True,False,False
sample_99,beam,50,45.0,45.0,True,False,False
sample_99,beam,51,45.0,45.0,True,False,False
sample_99,beam,52,45.0,45.0,True,False,False
sample_99,beam,53,45.0,45.0,True,False,False
sample_99,beam,54,45.0,45.0,True,False,False
sample_99,beam,55,45.0,45.0,True,False,False
sample_99,beam,56,45.0,45.0,True,False,False
sample_99,beam,57,45.0,45.0,True,False,False
sample_99,beam,58,45.0,45.0,True,False,False
sample_99,beam,59,60.0,50.0,False,False,True
sample_99,beam,60,45.0,45.0,True,False,False
sample_99,beam,61,60.0,50.0,False,False,True
sample_99,beam,62,60.0,50.0,False,False,True
sample_99,beam,63,60.0,50.0,False,False,True
sample_99,beam,64,60.0,50.0,False,False,True
sample_99,beam,65,40.0,45.0,True,False,False
sample_99,beam,66,40.0,45.0,True,False,False
sample_99,beam,67,40.0,45.0,True,False,False
sample_99,beam,68,40.0,45.0,True,False,False
sample_99,beam,69,40.0,45.0,True,False,False
sample_99,beam,70,60.0,50.0,False,False,True
sample_99,beam,71,40.0,40.0,True,False,False
sample_99,beam,72,60.0,50.0,False,False,True
sample_99,beam,73,60.0,50.0,False,False,True
sample_99,beam,74,60.0,50.0,False,False,True
sample_99,beam,75,60.0,50.0,False,False,True
sample_99,beam,76,45.0,45.0,True,False,False
sample_99,beam,77,45.0,45.0,True,False,False
sample_99,beam,78,45.0,45.0,True,False,False
sample_99,beam,79,45.0,45.0,True,False,False
sample_99,beam,80,45.0,45.0,True,False,False
sample_99,beam,81,50.0,45.0,False,False,True
sample_99,beam,82,40.0,40.0,True,False,False
sample_99,beam,83,50.0,45.0,False,False,True
sample_99,beam,84,50.0,45.0,False,False,True
sample_99,beam,85,50.0,45.0,False,False,True
sample_99,beam,86,50.0,45.0,False,False,True
sample_99,beam,87,70.0,50.0,False,False,True
sample_99,beam,88,70.0,50.0,False,False,True
sample_99,beam,89,70.0,50.0,False,False,True
sample_99,beam,90,70.0,50.0,False,False,True
sample_99,beam,91,70.0,50.0,False,False,True
sample_99,beam,92,45.0,45.0,True,False,False
sample_99,beam,93,40.0,40.0,True,False,False
sample_99,beam,94,45.0,45.0,True,False,False
sample_99,beam,95,45.0,45.0,True,False,False
sample_99,beam,96,45.0,45.0,True,False,False
sample_99,beam,97,45.0,45.0,True,False,False
sample_99,beam,98,45.0,45.0,True,False,False
sample_99,beam,99,45.0,45.0,True,False,False
sample_99,beam,100,45.0,45.0,True,False,False
sample_99,beam,101,45.0,45.0,True,False,False
sample_99,beam,102,45.0,45.0,True,False,False
sample_99,beam,103,45.0,45.0,True,False,False
sample_99,beam,104,45.0,45.0,True,False,False
sample_99,beam,105,45.0,45.0,True,False,False
sample_99,beam,106,45.0,45.0,True,False,False
sample_99,beam,107,45.0,45.0,True,False,False
sample_99,beam,108,55.0,45.0,False,False,True
sample_99,beam,109,55.0,45.0,False,False,True
sample_99,beam,110,55.0,45.0,False,False,True
sample_99,beam,111,55.0,45.0,False,False,True
sample_99,beam,112,55.0,45.0,False,False,True
sample_99,beam,113,55.0,45.0,False,False,True
sample_99,beam,114,55.0,45.0,False,False,True
sample_99,beam,115,55.0,45.0,False,False,True
sample_99,beam,116,55.0,45.0,False,False,True
sample_99,beam,117,55.0,45.0,False,False,True
sample_99,beam,118,40.0,40.0,True,False,False
sample_99,beam,119,60.0,50.0,False,False,True
sample_99,beam,120,50.0,45.0,False,False,True
sample_99,beam,121,50.0,45.0,False,False,True
sample_99,beam,122,40.0,40.0,True,False,False
sample_99,beam,123,45.0,45.0,True,False,False
sample_99,beam,124,45.0,45.0,True,False,False
sample_99,beam,125,40.0,40.0,True,False,False
sample_99,beam,126,50.0,45.0,False,False,True
sample_99,beam,127,50.0,45.0,False,False,True
sample_99,beam,128,40.0,40.0,True,False,False
sample_99,beam,129,45.0,45.0,True,False,False
sample_99,beam,130,40.0,40.0,True,False,False
sample_99,beam,131,50.0,45.0,False,False,True
sample_99,beam,132,50.0,45.0,False,False,True
sample_99,beam,133,40.0,40.0,True,False,False
sample_99,beam,134,45.0,45.0,True,False,False
sample_99,beam,135,40.0,40.0,True,False,False
sample_99,beam,136,50.0,45.0,False,False,True
sample_99,beam,137,50.0,45.0,False,False,True
sample_99,beam,138,40.0,40.0,True,False,False
sample_99,beam,139,45.0,45.0,True,False,False
sample_99,beam,140,40.0,40.0,True,False,False
sample_99,beam,141,50.0,45.0,False,False,True
sample_99,beam,142,50.0,45.0,False,False,True
sample_99,beam,143,40.0,40.0,True,False,False
sample_99,beam,144,45.0,45.0,True,False,False
sample_99,beam,145,60.0,50.0,False,False,True
sample_99,beam,146,60.0,50.0,False,False,True
sample_99,beam,147,60.0,50.0,False,False,True
sample_99,beam,148,60.0,50.0,False,False,True
sample_99,column,0,60.0,60.0,True,False,False
sample_99,column,1,60.0,60.0,True,False,False
sample_99,column,2,60.0,60.0,True,False,False
sample_99,column,3,60.0,60.0,True,False,False
sample_99,column,4,60.0,60.0,True,False,False
sample_99,column,5,60.0,60.0,True,False,False
sample_99,column,6,60.0,60.0,True,False,False
sample_99,column,7,60.0,60.0,True,False,False
sample_99,column,8,60.0,60.0,True,False,False
sample_99,column,9,60.0,60.0,True,False,False
sample_99,column,10,60.0,60.0,True,False,False
sample_99,column,11,60.0,60.0,True,False,False
sample_99,column,12,60.0,60.0,True,False,False
sample_99,column,13,60.0,60.0,True,False,False
sample_99,column,14,60.0,60.0,True,False,False
sample_99,column,15,60.0,60.0,True,False,False
sample_99,column,16,50.0,50.0,True,False,False
sample_99,column,17,60.0,60.0,True,False,False
sample_99,column,18,60.0,60.0,True,False,False
sample_99,column,19,60.0,60.0,True,False,False
sample_99,column,20,60.0,60.0,True,False,False
sample_99,column,21,60.0,60.0,True,False,False
sample_99,column,22,50.0,50.0,True,False,False
sample_99,column,23,60.0,60.0,True,False,False
sample_99,column,24,60.0,60.0,True,False,False
sample_99,column,25,60.0,60.0,True,False,False
sample_99,column,26,60.0,60.0,True,False,False
sample_99,column,27,50.0,50.0,True,False,False
sample_99,column,28,50.0,50.0,True,False,False
sample_99,column,29,50.0,50.0,True,False,False
sample_99,column,30,50.0,50.0,True,False,False
sample_99,column,31,50.0,50.0,True,False,False
sample_99,column,32,60.0,60.0,True,False,False
sample_99,column,33,60.0,60.0,True,False,False
sample_99,column,34,60.0,60.0,True,False,False
sample_99,column,35,60.0,60.0,True,False,False
sample_99,column,36,60.0,60.0,True,False,False
sample_99,column,37,60.0,60.0,True,False,False
sample_99,column,38,50.0,50.0,True,False,False
sample_99,column,39,60.0,60.0,True,False,False
sample_99,column,40,60.0,60.0,True,False,False
sample_99,column,41,60.0,60.0,True,False,False
sample_99,column,42,60.0,60.0,True,False,False
sample_99,column,43,60.0,60.0,True,False,False
sample_99,column,44,50.0,50.0,True,False,False
sample_99,column,45,60.0,60.0,True,False,False
sample_99,column,46,60.0,60.0,True,False,False
sample_99,column,47,60.0,60.0,True,False,False
sample_99,column,48,60.0,60.0,True,False,False
sample_99,column,49,50.0,50.0,True,False,False
sample_99,column,50,50.0,50.0,True,False,False
sample_99,column,51,50.0,50.0,True,False,False
sample_99,column,52,50.0,50.0,True,False,False
sample_99,column,53,50.0,50.0,True,False,False
sample_99,column,54,60.0,60.0,True,False,False
sample_99,column,55,60.0,60.0,True,False,False
sample_99,column,56,60.0,60.0,True,False,False
sample_99,column,57,60.0,60.0,True,False,False
sample_99,column,58,60.0,60.0,True,False,False
sample_99,column,59,60.0,60.0,True,False,False
sample_99,column,60,60.0,60.0,True,False,False
sample_99,column,61,60.0,60.0,True,False,False
sample_99,column,62,60.0,60.0,True,False,False
sample_99,column,63,60.0,60.0,True,False,False
sample_99,column,64,60.0,60.0,True,False,False
sample_99,column,65,60.0,60.0,True,False,False
sample_99,column,66,60.0,60.0,True,False,False
sample_99,column,67,60.0,60.0,True,False,False
sample_99,column,68,60.0,60.0,True,False,False
sample_99,column,69,50.0,50.0,True,False,False
sample_99,column,70,50.0,50.0,True,False,False
sample_99,column,71,50.0,50.0,True,False,False
sample_99,column,72,50.0,50.0,True,False,False
sample_99,column,73,50.0,50.0,True,False,False
sample_99,column,74,50.0,50.0,True,False,False
sample_99,column,75,50.0,50.0,True,False,False
sample_99,column,76,50.0,50.0,True,False,False
sample_99,column,77,50.0,50.0,True,False,False
sample_99,column,78,50.0,50.0,True,False,False
sample_99,column,79,50.0,50.0,True,False,False
sample_99,column,80,50.0,50.0,True,False,False
sample_99,column,81,50.0,50.0,True,False,False
sample_99,column,82,50.0,50.0,True,False,False
sample_99,column,83,50.0,50.0,True,False,False
sample_117,beam,0,45.0,45.0,True,False,False
sample_117,beam,1,45.0,45.0,True,False,False
sample_117,beam,2,45.0,45.0,True,False,False
sample_117,beam,3,45.0,45.0,True,False,False
sample_117,beam,4,45.0,45.0,True,False,False
sample_117,beam,5,45.0,30.0,False,False,True
sample_117,beam,6,45.0,45.0,True,False,False
sample_117,beam,7,45.0,45.0,True,False,False
sample_117,beam,8,45.0,45.0,True,False,False
sample_117,beam,9,45.0,30.0,False,False,True
sample_117,beam,10,45.0,45.0,True,False,False
sample_117,beam,11,45.0,45.0,True,False,False
sample_117,beam,12,45.0,45.0,True,False,False
sample_117,beam,13,45.0,45.0,True,False,False
sample_117,beam,14,45.0,45.0,True,False,False
sample_117,beam,15,45.0,45.0,True,False,False
sample_117,beam,16,45.0,45.0,True,False,False
sample_117,beam,17,45.0,45.0,True,False,False
sample_117,beam,18,45.0,45.0,True,False,False
sample_117,beam,19,45.0,45.0,True,False,False
sample_117,beam,20,45.0,45.0,True,False,False
sample_117,beam,21,45.0,45.0,True,False,False
sample_117,beam,22,45.0,45.0,True,False,False
sample_117,beam,23,45.0,45.0,True,False,False
sample_117,beam,24,45.0,45.0,True,False,False
sample_117,beam,25,45.0,45.0,True,False,False
sample_117,beam,26,45.0,45.0,True,False,False
sample_117,beam,27,45.0,45.0,True,False,False
sample_117,beam,28,45.0,45.0,True,False,False
sample_117,beam,29,45.0,45.0,True,False,False
sample_117,beam,30,45.0,45.0,True,False,False
sample_117,beam,31,45.0,45.0,True,False,False
sample_117,beam,32,45.0,45.0,True,False,False
sample_117,beam,33,40.0,30.0,False,False,True
sample_117,beam,34,45.0,45.0,True,False,False
sample_117,beam,35,45.0,45.0,True,False,False
sample_117,beam,36,45.0,45.0,True,False,False
sample_117,beam,37,45.0,30.0,False,False,True
sample_117,beam,38,45.0,45.0,True,False,False
sample_117,beam,39,45.0,45.0,True,False,False
sample_117,beam,40,45.0,45.0,True,False,False
sample_117,beam,41,45.0,45.0,True,False,False
sample_117,beam,42,45.0,45.0,True,False,False
sample_117,beam,43,45.0,45.0,True,False,False
sample_117,beam,44,45.0,45.0,True,False,False
sample_117,beam,45,45.0,45.0,True,False,False
sample_117,beam,46,45.0,45.0,True,False,False
sample_117,beam,47,45.0,45.0,True,False,False
sample_117,beam,48,45.0,45.0,True,False,False
sample_117,beam,49,45.0,45.0,True,False,False
sample_117,beam,50,45.0,45.0,True,False,False
sample_117,beam,51,45.0,45.0,True,False,False
sample_117,beam,52,45.0,45.0,True,False,False
sample_117,beam,53,45.0,45.0,True,False,False
sample_117,beam,54,45.0,30.0,False,False,True
sample_117,beam,55,45.0,45.0,True,False,False
sample_117,beam,56,45.0,45.0,True,False,False
sample_117,beam,57,45.0,45.0,True,False,False
sample_117,beam,58,45.0,45.0,True,False,False
sample_117,beam,59,45.0,45.0,True,False,False
sample_117,beam,60,45.0,45.0,True,False,False
sample_117,beam,61,45.0,45.0,True,False,False
sample_117,beam,62,45.0,45.0,True,False,False
sample_117,beam,63,45.0,45.0,True,False,False
sample_117,beam,64,45.0,45.0,True,False,False
sample_117,beam,65,45.0,45.0,True,False,False
sample_117,beam,66,45.0,45.0,True,False,False
sample_117,beam,67,45.0,45.0,True,False,False
sample_117,beam,68,45.0,45.0,True,False,False
sample_117,beam,69,45.0,45.0,True,False,False
sample_117,beam,70,45.0,45.0,True,False,False
sample_117,beam,71,45.0,30.0,False,False,True
sample_117,beam,72,45.0,45.0,True,False,False
sample_117,beam,73,45.0,45.0,True,False,False
sample_117,beam,74,45.0,45.0,True,False,False
sample_117,beam,75,45.0,45.0,True,False,False
sample_117,beam,76,45.0,45.0,True,False,False
sample_117,beam,77,45.0,45.0,True,False,False
sample_117,beam,78,45.0,45.0,True,False,False
sample_117,beam,79,45.0,45.0,True,False,False
sample_117,beam,80,45.0,45.0,True,False,False
sample_117,beam,81,45.0,45.0,True,False,False
sample_117,beam,82,45.0,45.0,True,False,False
sample_117,beam,83,45.0,45.0,True,False,False
sample_117,beam,84,45.0,45.0,True,False,False
sample_117,beam,85,45.0,45.0,True,False,False
sample_117,beam,86,40.0,30.0,False,False,True
sample_117,beam,87,40.0,30.0,False,False,True
sample_117,beam,88,40.0,30.0,False,False,True
sample_117,beam,89,40.0,30.0,False,False,True
sample_117,beam,90,40.0,40.0,True,False,False
sample_117,beam,91,40.0,40.0,True,False,False
sample_117,beam,92,40.0,40.0,True,False,False
sample_117,beam,93,40.0,40.0,True,False,False
sample_117,column,0,45.0,45.0,True,False,False
sample_117,column,1,45.0,45.0,True,False,False
sample_117,column,2,45.0,45.0,True,False,False
sample_117,column,3,45.0,45.0,True,False,False
sample_117,column,4,45.0,45.0,True,False,False
sample_117,column,5,45.0,45.0,True,False,False
sample_117,column,6,45.0,45.0,True,False,False
sample_117,column,7,45.0,45.0,True,False,False
sample_117,column,8,45.0,45.0,True,False,False
sample_117,column,9,45.0,45.0,True,False,False
sample_117,column,10,45.0,45.0,True,False,False
sample_117,column,11,45.0,45.0,True,False,False
sample_117,column,12,45.0,45.0,True,False,False
sample_117,column,13,45.0,45.0,True,False,False
sample_117,column,14,45.0,45.0,True,False,False
sample_117,column,15,45.0,45.0,True,False,False
sample_117,column,16,45.0,45.0,True,False,False
sample_117,column,17,45.0,45.0,True,False,False
sample_117,column,18,45.0,45.0,True,False,False
sample_117,column,19,45.0,45.0,True,False,False
sample_117,column,20,45.0,45.0,True,False,False
sample_117,column,21,45.0,45.0,True,False,False
sample_117,column,22,45.0,45.0,True,False,False
sample_117,column,23,45.0,45.0,True,False,False
sample_117,column,24,45.0,45.0,True,False,False
sample_117,column,25,45.0,45.0,True,False,False
sample_117,column,26,45.0,45.0,True,False,False
sample_117,column,27,45.0,45.0,True,False,False
sample_117,column,28,45.0,45.0,True,False,False
sample_117,column,29,45.0,45.0,True,False,False
sample_117,column,30,45.0,45.0,True,False,False
sample_117,column,31,45.0,45.0,True,False,False
sample_117,column,32,45.0,45.0,True,False,False
sample_117,column,33,45.0,45.0,True,False,False
sample_117,column,34,45.0,45.0,True,False,False
sample_117,column,35,45.0,45.0,True,False,False
sample_117,column,36,45.0,45.0,True,False,False
sample_117,column,37,45.0,45.0,True,False,False
sample_117,column,38,45.0,45.0,True,False,False
sample_117,column,39,45.0,45.0,True,False,False
sample_117,column,40,45.0,45.0,True,False,False
sample_117,column,41,45.0,45.0,True,False,False
sample_117,column,42,45.0,45.0,True,False,False
sample_117,column,43,45.0,45.0,True,False,False
sample_117,column,44,45.0,45.0,True,False,False
sample_117,column,45,45.0,45.0,True,False,False
sample_117,column,46,45.0,45.0,True,False,False
sample_117,column,47,45.0,45.0,True,False,False
sample_117,column,48,45.0,45.0,True,False,False
sample_117,column,49,45.0,45.0,True,False,False
sample_117,column,50,45.0,45.0,True,False,False
sample_117,column,51,45.0,45.0,True,False,False
sample_117,column,52,45.0,45.0,True,False,False
sample_117,column,53,45.0,45.0,True,False,False
sample_117,column,54,45.0,45.0,True,False,False
sample_117,column,55,45.0,45.0,True,False,False
sample_117,column,56,45.0,45.0,True,False,False
sample_117,column,57,45.0,45.0,True,False,False
sample_117,column,58,45.0,45.0,True,False,False
sample_117,column,59,45.0,45.0,True,False,False
sample_117,column,60,40.0,40.0,True,False,False
sample_117,column,61,40.0,40.0,True,False,False
sample_117,column,62,40.0,40.0,True,False,False
sample_117,column,63,40.0,40.0,True,False,False
sample_4,beam,0,45.0,40.0,False,False,True
sample_4,beam,1,45.0,40.0,False,False,True
sample_4,beam,2,45.0,40.0,False,False,True
sample_4,beam,3,45.0,40.0,False,False,True
sample_4,beam,4,45.0,40.0,False,False,True
sample_4,beam,5,45.0,40.0,False,False,True
sample_4,beam,6,45.0,40.0,False,False,True
sample_4,beam,7,45.0,40.0,False,False,True
sample_4,beam,8,45.0,40.0,False,False,True
sample_4,beam,9,45.0,40.0,False,False,True
sample_4,beam,10,45.0,40.0,False,False,True
sample_4,beam,11,45.0,40.0,False,False,True
sample_4,beam,12,45.0,40.0,False,False,True
sample_4,beam,13,45.0,40.0,False,False,True
sample_4,beam,14,45.0,40.0,False,False,True
sample_4,beam,15,45.0,40.0,False,False,True
sample_4,beam,16,45.0,40.0,False,False,True
sample_4,beam,17,45.0,40.0,False,False,True
sample_4,beam,18,50.0,50.0,True,False,False
sample_4,beam,19,55.0,50.0,False,False,True
sample_4,beam,20,55.0,50.0,False,False,True
sample_4,beam,21,45.0,50.0,True,False,False
sample_4,beam,22,45.0,50.0,True,False,False
sample_4,beam,23,45.0,50.0,True,False,False
sample_4,beam,24,45.0,50.0,True,False,False
sample_4,beam,25,45.0,50.0,True,False,False
sample_4,beam,26,45.0,50.0,True,False,False
sample_4,beam,27,40.0,40.0,True,False,False
sample_4,beam,28,40.0,40.0,True,False,False
sample_4,beam,29,40.0,40.0,True,False,False
sample_4,beam,30,40.0,40.0,True,False,False
sample_4,beam,31,40.0,40.0,True,False,False
sample_4,beam,32,40.0,40.0,True,False,False
sample_4,beam,33,45.0,40.0,False,False,True
sample_4,beam,34,45.0,40.0,False,False,True
sample_4,beam,35,45.0,40.0,False,False,True
sample_4,beam,36,40.0,25.0,False,False,True
sample_4,beam,37,40.0,25.0,False,False,True
sample_4,beam,38,40.0,25.0,False,False,True
sample_4,beam,39,45.0,40.0,False,False,True
sample_4,beam,40,45.0,40.0,False,False,True
sample_4,beam,41,45.0,40.0,False,False,True
sample_4,beam,42,45.0,40.0,False,False,True
sample_4,beam,43,30.0,25.0,False,False,True
sample_4,beam,44,30.0,25.0,False,False,True
sample_4,beam,45,45.0,40.0,False,False,True
sample_4,beam,46,30.0,25.0,False,False,True
sample_4,beam,47,45.0,40.0,False,False,True
sample_4,beam,48,30.0,25.0,False,False,True
sample_4,beam,49,45.0,40.0,False,False,True
sample_4,beam,50,45.0,40.0,False,False,True
sample_4,beam,51,45.0,40.0,False,False,True
sample_4,beam,52,45.0,40.0,False,False,True
sample_4,beam,53,30.0,25.0,False,False,True
sample_4,beam,54,45.0,40.0,False,False,True
sample_4,beam,55,45.0,40.0,False,False,True
sample_4,beam,56,30.0,25.0,False,False,True
sample_4,beam,57,40.0,40.0,True,False,False
sample_4,beam,58,40.0,40.0,True,False,False
sample_4,beam,59,40.0,40.0,True,False,False
sample_4,beam,60,40.0,40.0,True,False,False
sample_4,column,0,40.0,50.0,True,False,False
sample_4,column,1,40.0,50.0,True,False,False
sample_4,column,2,40.0,50.0,True,False,False
sample_4,column,3,40.0,50.0,True,False,False
sample_4,column,4,40.0,50.0,True,False,False
sample_4,column,5,40.0,50.0,True,False,False
sample_4,column,6,40.0,50.0,True,False,False
sample_4,column,7,40.0,50.0,True,False,False
sample_4,column,8,40.0,40.0,True,False,False
sample_4,column,9,40.0,50.0,True,False,False
sample_4,column,10,40.0,50.0,True,False,False
sample_4,column,11,40.0,50.0,True,False,False
sample_4,column,12,40.0,50.0,True,False,False
sample_4,column,13,40.0,50.0,True,False,False
sample_4,column,14,40.0,50.0,True,False,False
sample_4,column,15,40.0,50.0,True,False,False
sample_4,column,16,40.0,50.0,True,False,False
sample_4,column,17,40.0,40.0,True,False,False
sample_4,column,18,40.0,50.0,True,False,False
sample_4,column,19,40.0,50.0,True,False,False
sample_4,column,20,40.0,50.0,True,False,False
sample_4,column,21,40.0,50.0,True,False,False
sample_4,column,22,40.0,50.0,True,False,False
sample_4,column,23,40.0,50.0,True,False,False
sample_4,column,24,40.0,50.0,True,False,False
sample_4,column,25,40.0,50.0,True,False,False
sample_4,column,26,40.0,40.0,True,False,False
sample_4,column,27,40.0,40.0,True,False,False
sample_4,column,28,40.0,40.0,True,False,False
sample_4,column,29,40.0,40.0,True,False,False
sample_4,column,30,40.0,40.0,True,False,False
sample_163,beam,0,40.0,35.0,False,False,True
sample_163,beam,1,40.0,35.0,False,False,True
sample_163,beam,2,50.0,30.0,False,False,True
sample_163,beam,3,45.0,40.0,False,False,True
sample_163,beam,4,50.0,40.0,False,False,True
sample_163,beam,5,45.0,40.0,False,False,True
sample_163,beam,6,40.0,35.0,False,False,True
sample_163,beam,7,45.0,30.0,False,False,True
sample_163,beam,8,40.0,35.0,False,False,True
sample_163,beam,9,50.0,40.0,False,False,True
sample_163,beam,10,40.0,30.0,False,False,True
sample_163,beam,11,50.0,30.0,False,False,True
sample_163,beam,12,30.0,30.0,True,False,False
sample_163,beam,13,30.0,30.0,True,False,False
sample_163,beam,14,40.0,30.0,False,False,True
sample_163,beam,15,45.0,30.0,False,False,True
sample_163,beam,16,30.0,30.0,True,False,False
sample_163,beam,17,30.0,30.0,True,False,False
sample_163,column,0,35.0,35.0,True,False,False
sample_163,column,1,45.0,45.0,True,False,False
sample_163,column,2,45.0,45.0,True,False,False
sample_163,column,3,35.0,35.0,True,False,False
sample_163,column,4,45.0,45.0,True,False,False
sample_163,column,5,45.0,45.0,True,False,False
sample_163,column,6,45.0,45.0,True,False,False
sample_163,column,7,45.0,45.0,True,False,False
sample_163,column,8,35.0,35.0,True,False,False
sample_163,column,9,45.0,45.0,True,False,False
sample_163,column,10,45.0,45.0,True,False,False
sample_195,beam,0,50.0,40.0,False,False,True
sample_195,beam,1,50.0,35.0,False,False,True
sample_195,beam,2,50.0,35.0,False,False,True
sample_195,beam,3,50.0,40.0,False,False,True
sample_195,beam,4,50.0,40.0,False,False,True
sample_195,beam,5,50.0,40.0,False,False,True
sample_195,beam,6,50.0,40.0,False,False,True
sample_195,beam,7,50.0,40.0,False,False,True
sample_195,beam,8,50.0,35.0,False,False,True
sample_195,beam,9,50.0,35.0,False,False,True
sample_195,beam,10,50.0,40.0,False,False,True
sample_195,beam,11,50.0,40.0,False,False,True
sample_195,beam,12,50.0,40.0,False,False,True
sample_195,beam,13,50.0,40.0,False,False,True
sample_195,beam,14,50.0,40.0,False,False,True
sample_195,beam,15,50.0,35.0,False,False,True
sample_195,beam,16,50.0,35.0,False,False,True
sample_195,beam,17,50.0,40.0,False,False,True
sample_195,beam,18,50.0,40.0,False,False,True
sample_195,beam,19,50.0,40.0,False,False,True
sample_195,beam,20,50.0,40.0,False,False,True
sample_195,beam,21,50.0,40.0,False,False,True
sample_195,beam,22,50.0,35.0,False,False,True
sample_195,beam,23,50.0,35.0,False,False,True
sample_195,beam,24,50.0,40.0,False,False,True
sample_195,beam,25,50.0,40.0,False,False,True
sample_195,beam,26,50.0,40.0,False,False,True
sample_195,beam,27,50.0,40.0,False,False,True
sample_195,beam,28,50.0,40.0,False,False,True
sample_195,beam,29,50.0,35.0,False,False,True
sample_195,beam,30,50.0,35.0,False,False,True
sample_195,beam,31,50.0,40.0,False,False,True
sample_195,beam,32,50.0,40.0,False,False,True
sample_195,beam,33,50.0,40.0,False,False,True
sample_195,beam,34,50.0,40.0,False,False,True
sample_195,beam,35,50.0,40.0,False,False,True
sample_195,beam,36,50.0,35.0,False,False,True
sample_195,beam,37,50.0,35.0,False,False,True
sample_195,beam,38,50.0,40.0,False,False,True
sample_195,beam,39,50.0,40.0,False,False,True
sample_195,beam,40,50.0,40.0,False,False,True
sample_195,beam,41,50.0,40.0,False,False,True
sample_195,beam,42,50.0,40.0,False,False,True
sample_195,beam,43,50.0,35.0,False,False,True
sample_195,beam,44,50.0,35.0,False,False,True
sample_195,beam,45,50.0,40.0,False,False,True
sample_195,beam,46,50.0,40.0,False,False,True
sample_195,beam,47,50.0,40.0,False,False,True
sample_195,beam,48,50.0,40.0,False,False,True
sample_195,beam,49,50.0,40.0,False,False,True
sample_195,beam,50,50.0,35.0,False,False,True
sample_195,beam,51,50.0,35.0,False,False,True
sample_195,beam,52,50.0,40.0,False,False,True
sample_195,beam,53,50.0,40.0,False,False,True
sample_195,beam,54,50.0,40.0,False,False,True
sample_195,beam,55,50.0,40.0,False,False,True
sample_195,beam,56,65.0,60.0,False,False,True
sample_195,beam,57,60.0,60.0,True,False,False
sample_195,beam,58,60.0,60.0,True,False,False
sample_195,beam,59,60.0,60.0,True,False,False
sample_195,beam,60,65.0,60.0,False,False,True
sample_195,beam,61,65.0,60.0,False,False,True
sample_195,beam,62,65.0,60.0,False,False,True
sample_195,beam,63,40.0,30.0,False,False,True
sample_195,beam,64,40.0,30.0,False,False,True
sample_195,beam,65,40.0,30.0,False,False,True
sample_195,beam,66,40.0,30.0,False,False,True
sample_195,beam,67,40.0,30.0,False,False,True
sample_195,beam,68,40.0,30.0,False,False,True
sample_195,beam,69,40.0,30.0,False,False,True
sample_195,beam,70,60.0,60.0,True,False,False
sample_195,beam,71,60.0,60.0,True,False,False
sample_195,beam,72,60.0,60.0,True,False,False
sample_195,beam,73,60.0,60.0,True,False,False
sample_195,beam,74,60.0,60.0,True,False,False
sample_195,beam,75,60.0,60.0,True,False,False
sample_195,beam,76,60.0,60.0,True,False,False
sample_195,beam,77,60.0,60.0,True,False,False
sample_195,beam,78,60.0,60.0,True,False,False
sample_195,beam,79,60.0,60.0,True,False,False
sample_195,beam,80,60.0,60.0,True,False,False
sample_195,beam,81,60.0,60.0,True,False,False
sample_195,beam,82,60.0,60.0,True,False,False
sample_195,beam,83,60.0,60.0,True,False,False
sample_195,beam,84,40.0,30.0,False,False,True
sample_195,beam,85,40.0,30.0,False,False,True
sample_195,beam,86,50.0,40.0,False,False,True
sample_195,beam,87,50.0,35.0,False,False,True
sample_195,beam,88,50.0,35.0,False,False,True
sample_195,beam,89,50.0,40.0,False,False,True
sample_195,beam,90,50.0,40.0,False,False,True
sample_195,beam,91,50.0,40.0,False,False,True
sample_195,beam,92,50.0,40.0,False,False,True
sample_195,beam,93,40.0,30.0,False,False,True
sample_195,beam,94,40.0,30.0,False,False,True
sample_195,beam,95,40.0,30.0,False,False,True
sample_195,beam,96,40.0,30.0,False,False,True
sample_195,beam,97,40.0,30.0,False,False,True
sample_195,beam,98,40.0,30.0,False,False,True
sample_195,beam,99,40.0,30.0,False,False,True
sample_195,beam,100,30.0,30.0,True,False,False
sample_195,beam,101,30.0,30.0,True,False,False
sample_195,beam,102,30.0,30.0,True,False,False
sample_195,beam,103,30.0,30.0,True,False,False
sample_195,beam,104,30.0,30.0,True,False,False
sample_195,beam,105,30.0,30.0,True,False,False
sample_195,beam,106,30.0,30.0,True,False,False
sample_195,beam,107,30.0,30.0,True,False,False
sample_195,beam,108,30.0,30.0,True,False,False
sample_195,beam,109,30.0,30.0,True,False,False
sample_195,beam,110,30.0,30.0,True,False,False
sample_195,beam,111,30.0,30.0,True,False,False
sample_195,beam,112,30.0,30.0,True,False,False
sample_195,beam,113,30.0,30.0,True,False,False
sample_195,beam,114,40.0,30.0,False,False,True
sample_195,beam,115,40.0,30.0,False,False,True
sample_195,beam,116,60.0,60.0,True,False,False
sample_195,beam,117,40.0,30.0,False,False,True
sample_195,beam,118,45.0,40.0,False,False,True
sample_195,beam,119,45.0,40.0,False,False,True
sample_195,beam,120,60.0,40.0,False,False,True
sample_195,beam,121,40.0,30.0,False,False,True
sample_195,beam,122,60.0,40.0,False,False,True
sample_195,beam,123,60.0,40.0,False,False,True
sample_195,beam,124,60.0,60.0,True,False,False
sample_195,beam,125,60.0,60.0,True,False,False
sample_195,beam,126,60.0,60.0,True,False,False
sample_195,column,0,45.0,60.0,True,False,False
sample_195,column,1,35.0,60.0,True,False,False
sample_195,column,2,35.0,60.0,True,False,False
sample_195,column,3,40.0,60.0,True,False,False
sample_195,column,4,40.0,60.0,True,False,False
sample_195,column,5,45.0,60.0,True,False,False
sample_195,column,6,45.0,60.0,True,False,False
sample_195,column,7,45.0,60.0,True,False,False
sample_195,column,8,35.0,60.0,True,False,False
sample_195,column,9,35.0,60.0,True,False,False
sample_195,column,10,40.0,60.0,True,False,False
sample_195,column,11,40.0,60.0,True,False,False
sample_195,column,12,45.0,60.0,True,False,False
sample_195,column,13,45.0,60.0,True,False,False
sample_195,column,14,45.0,60.0,True,False,False
sample_195,column,15,35.0,60.0,True,False,False
sample_195,column,16,35.0,60.0,True,False,False
sample_195,column,17,40.0,60.0,True,False,False
sample_195,column,18,40.0,60.0,True,False,False
sample_195,column,19,45.0,60.0,True,False,False
sample_195,column,20,45.0,60.0,True,False,False
sample_195,column,21,45.0,60.0,True,False,False
sample_195,column,22,35.0,60.0,True,False,False
sample_195,column,23,35.0,60.0,True,False,False
sample_195,column,24,40.0,60.0,True,False,False
sample_195,column,25,40.0,60.0,True,False,False
sample_195,column,26,45.0,60.0,True,False,False
sample_195,column,27,45.0,60.0,True,False,False
sample_195,column,28,45.0,60.0,True,False,False
sample_195,column,29,35.0,60.0,True,False,False
sample_195,column,30,35.0,60.0,True,False,False
sample_195,column,31,40.0,60.0,True,False,False
sample_195,column,32,40.0,60.0,True,False,False
sample_195,column,33,45.0,60.0,True,False,False
sample_195,column,34,45.0,60.0,True,False,False
sample_195,column,35,45.0,60.0,True,False,False
sample_195,column,36,35.0,60.0,True,False,False
sample_195,column,37,35.0,60.0,True,False,False
sample_195,column,38,40.0,60.0,True,False,False
sample_195,column,39,40.0,60.0,True,False,False
sample_195,column,40,45.0,60.0,True,False,False
sample_195,column,41,45.0,60.0,True,False,False
sample_195,column,42,45.0,60.0,True,False,False
sample_195,column,43,35.0,60.0,True,False,False
sample_195,column,44,35.0,60.0,True,False,False
sample_195,column,45,40.0,60.0,True,False,False
sample_195,column,46,40.0,60.0,True,False,False
sample_195,column,47,45.0,60.0,True,False,False
sample_195,column,48,45.0,60.0,True,False,False
sample_195,column,49,45.0,60.0,True,False,False
sample_195,column,50,35.0,60.0,True,False,False
sample_195,column,51,35.0,60.0,True,False,False
sample_195,column,52,40.0,60.0,True,False,False
sample_195,column,53,40.0,60.0,True,False,False
sample_195,column,54,45.0,60.0,True,False,False
sample_195,column,55,45.0,60.0,True,False,False
sample_195,column,56,35.0,60.0,True,False,False
sample_195,column,57,35.0,60.0,True,False,False
sample_195,column,58,35.0,60.0,True,False,False
sample_195,column,59,35.0,60.0,True,False,False
sample_111,beam,0,30.0,25.0,False,False,True
sample_111,beam,1,30.0,25.0,False,False,True
sample_111,beam,2,50.0,50.0,True,False,False
sample_111,beam,3,50.0,50.0,True,False,False
sample_111,beam,4,50.0,50.0,True,False,False
sample_111,beam,5,50.0,50.0,True,False,False
sample_111,beam,6,50.0,50.0,True,False,False
sample_111,beam,7,50.0,50.0,True,False,False
sample_111,beam,8,50.0,50.0,True,False,False
sample_111,beam,9,50.0,50.0,True,False,False
sample_111,beam,10,30.0,25.0,False,False,True
sample_111,beam,11,30.0,25.0,False,False,True
sample_111,beam,12,30.0,25.0,False,False,True
sample_111,beam,13,30.0,25.0,False,False,True
sample_111,beam,14,60.0,50.0,False,False,True
sample_111,beam,15,60.0,50.0,False,False,True
sample_111,beam,16,60.0,50.0,False,False,True
sample_111,beam,17,60.0,50.0,False,False,True
sample_111,beam,18,50.0,50.0,True,False,False
sample_111,beam,19,50.0,50.0,True,False,False
sample_111,beam,20,50.0,50.0,True,False,False
sample_111,beam,21,50.0,50.0,True,False,False
sample_111,beam,22,30.0,25.0,False,False,True
sample_111,beam,23,60.0,50.0,False,False,True
sample_111,beam,24,60.0,50.0,False,False,True
sample_111,beam,25,60.0,50.0,False,False,True
sample_111,beam,26,60.0,50.0,False,False,True
sample_111,beam,27,50.0,50.0,True,False,False
sample_111,beam,28,50.0,50.0,True,False,False
sample_111,beam,29,50.0,50.0,True,False,False
sample_111,beam,30,50.0,50.0,True,False,False
sample_111,beam,31,30.0,25.0,False,False,True
sample_111,beam,32,50.0,50.0,True,False,False
sample_111,beam,33,50.0,50.0,True,False,False
sample_111,beam,34,50.0,50.0,True,False,False
sample_111,beam,35,50.0,50.0,True,False,False
sample_111,beam,36,50.0,50.0,True,False,False
sample_111,beam,37,50.0,50.0,True,False,False
sample_111,beam,38,50.0,50.0,True,False,False
sample_111,beam,39,50.0,50.0,True,False,False
sample_111,beam,40,50.0,50.0,True,False,False
sample_111,beam,41,50.0,45.0,False,False,True
sample_111,beam,42,50.0,45.0,False,False,True
sample_111,beam,43,50.0,45.0,False,False,True
sample_111,beam,44,50.0,45.0,False,False,True
sample_111,beam,45,50.0,45.0,False,False,True
sample_111,beam,46,50.0,45.0,False,False,True
sample_111,beam,47,50.0,45.0,False,False,True
sample_111,beam,48,50.0,45.0,False,False,True
sample_111,beam,49,50.0,45.0,False,False,True
sample_111,beam,50,30.0,25.0,False,False,True
sample_111,beam,51,30.0,25.0,False,False,True
sample_111,beam,52,50.0,50.0,True,False,False
sample_111,beam,53,40.0,40.0,True,False,False
sample_111,beam,54,50.0,50.0,True,False,False
sample_111,beam,55,50.0,50.0,True,False,False
sample_111,beam,56,50.0,50.0,True,False,False
sample_111,beam,57,50.0,50.0,True,False,False
sample_111,beam,58,40.0,40.0,True,False,False
sample_111,beam,59,50.0,45.0,False,False,True
sample_111,beam,60,50.0,45.0,False,False,True
sample_111,beam,61,50.0,45.0,False,False,True
sample_111,beam,62,50.0,45.0,False,False,True
sample_111,beam,63,50.0,50.0,True,False,False
sample_111,beam,64,50.0,50.0,True,False,False
sample_111,beam,65,50.0,50.0,True,False,False
sample_111,beam,66,50.0,50.0,True,False,False
sample_111,beam,67,50.0,50.0,True,False,False
sample_111,beam,68,50.0,50.0,True,False,False
sample_111,beam,69,50.0,50.0,True,False,False
sample_111,beam,70,50.0,50.0,True,False,False
sample_111,beam,71,50.0,50.0,True,False,False
sample_111,beam,72,50.0,50.0,True,False,False
sample_111,beam,73,50.0,50.0,True,False,False
sample_111,beam,74,50.0,50.0,True,False,False
sample_111,beam,75,50.0,50.0,True,False,False
sample_111,beam,76,50.0,50.0,True,False,False
sample_111,beam,77,45.0,40.0,False,False,True
sample_111,beam,78,45.0,40.0,False,False,True
sample_111,beam,79,45.0,40.0,False,False,True
sample_111,beam,80,45.0,40.0,False,False,True
sample_111,beam,81,45.0,40.0,False,False,True
sample_111,beam,82,45.0,40.0,False,False,True
sample_111,beam,83,45.0,40.0,False,False,True
sample_111,beam,84,45.0,40.0,False,False,True
sample_111,beam,85,50.0,50.0,True,False,False
sample_111,beam,86,50.0,50.0,True,False,False
sample_111,beam,87,50.0,50.0,True,False,False
sample_111,beam,88,50.0,50.0,True,False,False
sample_111,beam,89,50.0,50.0,True,False,False
sample_111,beam,90,40.0,30.0,False,False,True
sample_111,beam,91,40.0,30.0,False,False,True
sample_111,beam,92,40.0,30.0,False,False,True
sample_111,beam,93,40.0,30.0,False,False,True
sample_111,beam,94,40.0,30.0,False,False,True
sample_111,beam,95,40.0,30.0,False,False,True
sample_111,beam,96,40.0,30.0,False,False,True
sample_111,beam,97,40.0,30.0,False,False,True
sample_111,beam,98,50.0,50.0,True,False,False
sample_111,beam,99,50.0,50.0,True,False,False
sample_111,beam,100,50.0,50.0,True,False,False
sample_111,beam,101,50.0,50.0,True,False,False
sample_111,beam,102,50.0,50.0,True,False,False
sample_111,beam,103,50.0,50.0,True,False,False
sample_111,beam,104,50.0,50.0,True,False,False
sample_111,beam,105,50.0,50.0,True,False,False
sample_111,beam,106,50.0,50.0,True,False,False
sample_111,beam,107,50.0,50.0,True,False,False
sample_111,beam,108,50.0,50.0,True,False,False
sample_111,beam,109,50.0,50.0,True,False,False
sample_111,beam,110,40.0,40.0,True,False,False
sample_111,beam,111,50.0,50.0,True,False,False
sample_111,beam,112,50.0,50.0,True,False,False
sample_111,beam,113,50.0,50.0,True,False,False
sample_111,beam,114,50.0,50.0,True,False,False
sample_111,column,0,60.0,50.0,False,False,True
sample_111,column,1,60.0,50.0,False,False,True
sample_111,column,2,60.0,50.0,False,False,True
sample_111,column,3,60.0,50.0,False,False,True
sample_111,column,4,60.0,50.0,False,False,True
sample_111,column,5,60.0,50.0,False,False,True
sample_111,column,6,60.0,50.0,False,False,True
sample_111,column,7,60.0,50.0,False,False,True
sample_111,column,8,60.0,50.0,False,False,True
sample_111,column,9,60.0,50.0,False,False,True
sample_111,column,10,60.0,50.0,False,False,True
sample_111,column,11,60.0,50.0,False,False,True
sample_111,column,12,60.0,50.0,False,False,True
sample_111,column,13,60.0,50.0,False,False,True
sample_111,column,14,60.0,50.0,False,False,True
sample_111,column,15,60.0,50.0,False,False,True
sample_111,column,16,40.0,40.0,True,False,False
sample_111,column,17,60.0,50.0,False,False,True
sample_111,column,18,60.0,50.0,False,False,True
sample_111,column,19,60.0,50.0,False,False,True
sample_111,column,20,60.0,50.0,False,False,True
sample_111,column,21,40.0,40.0,True,False,False
sample_111,column,22,60.0,50.0,False,False,True
sample_111,column,23,60.0,50.0,False,False,True
sample_111,column,24,60.0,50.0,False,False,True
sample_111,column,25,60.0,50.0,False,False,True
sample_111,column,26,50.0,50.0,True,False,False
sample_111,column,27,60.0,50.0,False,False,True
sample_111,column,28,60.0,50.0,False,False,True
sample_111,column,29,60.0,50.0,False,False,True
sample_111,column,30,60.0,50.0,False,False,True
sample_111,column,31,50.0,50.0,True,False,False
sample_111,column,32,60.0,60.0,True,False,False
sample_111,column,33,60.0,60.0,True,False,False
sample_111,column,34,60.0,60.0,True,False,False
sample_111,column,35,60.0,60.0,True,False,False
sample_111,column,36,40.0,40.0,True,False,False
sample_111,column,37,50.0,50.0,True,False,False
sample_111,column,38,50.0,50.0,True,False,False
sample_111,column,39,50.0,50.0,True,False,False
sample_111,column,40,50.0,50.0,True,False,False
sample_111,column,41,50.0,50.0,True,False,False
sample_111,column,42,50.0,50.0,True,False,False
sample_111,column,43,50.0,50.0,True,False,False
sample_111,column,44,50.0,50.0,True,False,False
sample_111,column,45,50.0,50.0,True,False,False
sample_111,column,46,50.0,50.0,True,False,False
sample_111,column,47,50.0,50.0,True,False,False
sample_111,column,48,50.0,50.0,True,False,False
sample_111,column,49,50.0,50.0,True,False,False
sample_111,column,50,50.0,50.0,True,False,False
sample_111,column,51,50.0,50.0,True,False,False
sample_111,column,52,50.0,50.0,True,False,False
sample_111,column,53,50.0,50.0,True,False,False
sample_111,column,54,50.0,50.0,True,False,False
sample_111,column,55,50.0,50.0,True,False,False
sample_111,column,56,50.0,50.0,True,False,False
sample_111,column,57,50.0,50.0,True,False,False
sample_111,column,58,50.0,50.0,True,False,False
sample_111,column,59,50.0,50.0,True,False,False
sample_111,column,60,50.0,50.0,True,False,False
sample_182,beam,0,50.0,30.0,False,False,True
sample_182,beam,1,50.0,30.0,False,False,True
sample_182,beam,2,50.0,30.0,False,False,True
sample_182,beam,3,50.0,30.0,False,False,True
sample_182,beam,4,50.0,30.0,False,False,True
sample_182,beam,5,40.0,30.0,False,False,True
sample_182,beam,6,50.0,30.0,False,False,True
sample_182,beam,7,50.0,30.0,False,False,True
sample_182,beam,8,50.0,30.0,False,False,True
sample_182,beam,9,50.0,30.0,False,False,True
sample_182,beam,10,50.0,30.0,False,False,True
sample_182,beam,11,50.0,30.0,False,False,True
sample_182,beam,12,50.0,30.0,False,False,True
sample_182,beam,13,50.0,30.0,False,False,True
sample_182,beam,14,50.0,30.0,False,False,True
sample_182,beam,15,50.0,35.0,False,False,True
sample_182,beam,16,50.0,35.0,False,False,True
sample_182,beam,17,50.0,35.0,False,False,True
sample_182,beam,18,50.0,35.0,False,False,True
sample_182,beam,19,50.0,35.0,False,False,True
sample_182,beam,20,50.0,35.0,False,False,True
sample_182,beam,21,50.0,35.0,False,False,True
sample_182,beam,22,50.0,35.0,False,False,True
sample_182,beam,23,50.0,35.0,False,False,True
sample_182,beam,24,50.0,35.0,False,False,True
sample_182,beam,25,50.0,35.0,False,False,True
sample_182,beam,26,50.0,35.0,False,False,True
sample_182,beam,27,50.0,35.0,False,False,True
sample_182,beam,28,50.0,35.0,False,False,True
sample_182,beam,29,50.0,35.0,False,False,True
sample_182,beam,30,50.0,35.0,False,False,True
sample_182,beam,31,50.0,35.0,False,False,True
sample_182,beam,32,50.0,35.0,False,False,True
sample_182,beam,33,50.0,35.0,False,False,True
sample_182,beam,34,50.0,35.0,False,False,True
sample_182,beam,35,50.0,35.0,False,False,True
sample_182,beam,36,50.0,35.0,False,False,True
sample_182,beam,37,50.0,35.0,False,False,True
sample_182,beam,38,50.0,35.0,False,False,True
sample_182,beam,39,50.0,35.0,False,False,True
sample_182,beam,40,50.0,35.0,False,False,True
sample_182,beam,41,50.0,35.0,False,False,True
sample_182,beam,42,50.0,35.0,False,False,True
sample_182,beam,43,50.0,35.0,False,False,True
sample_182,beam,44,50.0,35.0,False,False,True
sample_182,beam,45,50.0,35.0,False,False,True
sample_182,beam,46,50.0,35.0,False,False,True
sample_182,beam,47,50.0,35.0,False,False,True
sample_182,beam,48,50.0,35.0,False,False,True
sample_182,beam,49,50.0,35.0,False,False,True
sample_182,beam,50,50.0,35.0,False,False,True
sample_182,beam,51,50.0,35.0,False,False,True
sample_182,beam,52,50.0,35.0,False,False,True
sample_182,beam,53,50.0,35.0,False,False,True
sample_182,beam,54,50.0,35.0,False,False,True
sample_182,beam,55,50.0,35.0,False,False,True
sample_182,beam,56,50.0,35.0,False,False,True
sample_182,beam,57,50.0,35.0,False,False,True
sample_182,beam,58,50.0,35.0,False,False,True
sample_182,beam,59,50.0,30.0,False,False,True
sample_182,beam,60,50.0,30.0,False,False,True
sample_182,beam,61,50.0,30.0,False,False,True
sample_182,beam,62,50.0,30.0,False,False,True
sample_182,beam,63,40.0,30.0,False,False,True
sample_182,beam,64,40.0,30.0,False,False,True
sample_182,beam,65,40.0,30.0,False,False,True
sample_182,beam,66,40.0,30.0,False,False,True
sample_182,beam,67,30.0,30.0,True,False,False
sample_182,beam,68,30.0,30.0,True,False,False
sample_182,beam,69,30.0,30.0,True,False,False
sample_182,beam,70,50.0,35.0,False,False,True
sample_182,beam,71,40.0,30.0,False,False,True
sample_182,beam,72,50.0,35.0,False,False,True
sample_182,beam,73,50.0,35.0,False,False,True
sample_182,beam,74,50.0,35.0,False,False,True
sample_182,beam,75,50.0,35.0,False,False,True
sample_182,beam,76,50.0,35.0,False,False,True
sample_182,beam,77,50.0,35.0,False,False,True
sample_182,beam,78,50.0,35.0,False,False,True
sample_182,beam,79,50.0,35.0,False,False,True
sample_182,beam,80,50.0,35.0,False,False,True
sample_182,beam,81,50.0,35.0,False,False,True
sample_182,beam,82,50.0,35.0,False,False,True
sample_182,beam,83,50.0,35.0,False,False,True
sample_182,beam,84,50.0,35.0,False,False,True
sample_182,beam,85,50.0,35.0,False,False,True
sample_182,beam,86,50.0,35.0,False,False,True
sample_182,beam,87,50.0,35.0,False,False,True
sample_182,beam,88,50.0,35.0,False,False,True
sample_182,beam,89,50.0,35.0,False,False,True
sample_182,beam,90,50.0,35.0,False,False,True
sample_182,beam,91,50.0,35.0,False,False,True
sample_182,beam,92,50.0,35.0,False,False,True
sample_182,beam,93,50.0,35.0,False,False,True
sample_182,beam,94,50.0,35.0,False,False,True
sample_182,beam,95,50.0,35.0,False,False,True
sample_182,beam,96,50.0,35.0,False,False,True
sample_182,beam,97,50.0,35.0,False,False,True
sample_182,beam,98,50.0,35.0,False,False,True
sample_182,beam,99,50.0,35.0,False,False,True
sample_182,beam,100,50.0,30.0,False,False,True
sample_182,beam,101,40.0,30.0,False,False,True
sample_182,beam,102,50.0,30.0,False,False,True
sample_182,beam,103,50.0,30.0,False,False,True
sample_182,beam,104,50.0,30.0,False,False,True
sample_182,beam,105,50.0,30.0,False,False,True
sample_182,beam,106,50.0,30.0,False,False,True
sample_182,beam,107,50.0,30.0,False,False,True
sample_182,beam,108,50.0,30.0,False,False,True
sample_182,beam,109,50.0,30.0,False,False,True
sample_182,beam,110,50.0,30.0,False,False,True
sample_182,beam,111,30.0,30.0,True,False,False
sample_182,beam,112,30.0,30.0,True,False,False
sample_182,beam,113,30.0,30.0,True,False,False
sample_182,beam,114,30.0,30.0,True,False,False
sample_182,beam,115,30.0,30.0,True,False,False
sample_182,beam,116,30.0,30.0,True,False,False
sample_182,beam,117,30.0,30.0,True,False,False
sample_182,beam,118,30.0,30.0,True,False,False
sample_182,beam,119,30.0,30.0,True,False,False
sample_182,beam,120,30.0,30.0,True,False,False
sample_182,beam,121,30.0,30.0,True,False,False
sample_182,beam,122,30.0,30.0,True,False,False
sample_182,beam,123,30.0,30.0,True,False,False
sample_182,beam,124,30.0,30.0,True,False,False
sample_182,beam,125,30.0,30.0,True,False,False
sample_182,beam,126,30.0,30.0,True,False,False
sample_182,beam,127,30.0,30.0,True,False,False
sample_182,beam,128,30.0,30.0,True,False,False
sample_182,beam,129,30.0,30.0,True,False,False
sample_182,beam,130,30.0,30.0,True,False,False
sample_182,beam,131,30.0,30.0,True,False,False
sample_182,beam,132,30.0,30.0,True,False,False
sample_182,beam,133,30.0,30.0,True,False,False
sample_182,beam,134,30.0,30.0,True,False,False
sample_182,beam,135,30.0,30.0,True,False,False
sample_182,beam,136,50.0,30.0,False,False,True
sample_182,beam,137,50.0,30.0,False,False,True
sample_182,beam,138,50.0,30.0,False,False,True
sample_182,beam,139,50.0,30.0,False,False,True
sample_182,beam,140,30.0,30.0,True,False,False
sample_182,beam,141,30.0,30.0,True,False,False
sample_182,beam,142,30.0,30.0,True,False,False
sample_182,beam,143,30.0,30.0,True,False,False
sample_182,beam,144,30.0,30.0,True,False,False
sample_182,beam,145,30.0,30.0,True,False,False
sample_182,beam,146,30.0,30.0,True,False,False
sample_182,beam,147,30.0,30.0,True,False,False
sample_182,beam,148,50.0,30.0,False,False,True
sample_182,beam,149,40.0,30.0,False,False,True
sample_182,beam,150,40.0,30.0,False,False,True
sample_182,beam,151,30.0,30.0,True,False,False
sample_182,column,0,40.0,50.0,True,False,False
sample_182,column,1,40.0,50.0,True,False,False
sample_182,column,2,40.0,50.0,True,False,False
sample_182,column,3,40.0,50.0,True,False,False
sample_182,column,4,40.0,50.0,True,False,False
sample_182,column,5,40.0,50.0,True,False,False
sample_182,column,6,40.0,50.0,True,False,False
sample_182,column,7,40.0,50.0,True,False,False
sample_182,column,8,40.0,50.0,True,False,False
sample_182,column,9,40.0,50.0,True,False,False
sample_182,column,10,40.0,50.0,True,False,False
sample_182,column,11,40.0,50.0,True,False,False
sample_182,column,12,40.0,50.0,True,False,False
sample_182,column,13,40.0,50.0,True,False,False
sample_182,column,14,40.0,50.0,True,False,False
sample_182,column,15,40.0,50.0,True,False,False
sample_182,column,16,40.0,50.0,True,False,False
sample_182,column,17,40.0,50.0,True,False,False
sample_182,column,18,40.0,50.0,True,False,False
sample_182,column,19,40.0,50.0,True,False,False
sample_182,column,20,40.0,50.0,True,False,False
sample_182,column,21,40.0,50.0,True,False,False
sample_182,column,22,40.0,50.0,True,False,False
sample_182,column,23,40.0,50.0,True,False,False
sample_182,column,24,40.0,50.0,True,False,False
sample_182,column,25,40.0,50.0,True,False,False
sample_182,column,26,40.0,50.0,True,False,False
sample_182,column,27,40.0,50.0,True,False,False
sample_182,column,28,40.0,50.0,True,False,False
sample_182,column,29,40.0,50.0,True,False,False
sample_182,column,30,40.0,50.0,True,False,False
sample_182,column,31,40.0,50.0,True,False,False
sample_182,column,32,40.0,50.0,True,False,False
sample_182,column,33,40.0,50.0,True,False,False
sample_182,column,34,40.0,50.0,True,False,False
sample_182,column,35,40.0,50.0,True,False,False
sample_182,column,36,40.0,50.0,True,False,False
sample_182,column,37,40.0,50.0,True,False,False
sample_182,column,38,40.0,50.0,True,False,False
sample_182,column,39,40.0,50.0,True,False,False
sample_182,column,40,40.0,50.0,True,False,False
sample_182,column,41,40.0,50.0,True,False,False
sample_182,column,42,40.0,50.0,True,False,False
sample_182,column,43,40.0,50.0,True,False,False
sample_182,column,44,40.0,50.0,True,False,False
sample_182,column,45,40.0,50.0,True,False,False
sample_182,column,46,40.0,50.0,True,False,False
sample_182,column,47,40.0,50.0,True,False,False
sample_182,column,48,40.0,50.0,True,False,False
sample_182,column,49,40.0,50.0,True,False,False
sample_182,column,50,40.0,50.0,True,False,False
sample_182,column,51,40.0,50.0,True,False,False
sample_182,column,52,40.0,50.0,True,False,False
sample_182,column,53,40.0,50.0,True,False,False
sample_182,column,54,40.0,50.0,True,False,False
sample_182,column,55,40.0,50.0,True,False,False
sample_182,column,56,40.0,50.0,True,False,False
sample_182,column,57,40.0,50.0,True,False,False
sample_182,column,58,40.0,50.0,True,False,False
sample_182,column,59,40.0,50.0,True,False,False
sample_182,column,60,40.0,50.0,True,False,False
sample_182,column,61,40.0,50.0,True,False,False
sample_182,column,62,40.0,50.0,True,False,False
sample_182,column,63,40.0,50.0,True,False,False
sample_182,column,64,40.0,50.0,True,False,False
sample_182,column,65,40.0,50.0,True,False,False
sample_182,column,66,40.0,50.0,True,False,False
sample_182,column,67,40.0,50.0,True,False,False
sample_182,column,68,40.0,50.0,True,False,False
sample_182,column,69,40.0,50.0,True,False,False
sample_182,column,70,40.0,50.0,True,False,False
sample_182,column,71,40.0,50.0,True,False,False
sample_182,column,72,40.0,40.0,True,False,False
sample_182,column,73,40.0,40.0,True,False,False
sample_182,column,74,40.0,40.0,True,False,False
sample_182,column,75,40.0,50.0,True,False,False
sample_182,column,76,40.0,40.0,True,False,False
sample_182,column,77,40.0,40.0,True,False,False
sample_182,column,78,40.0,40.0,True,False,False
sample_182,column,79,40.0,40.0,True,False,False
sample_31,beam,0,40.0,40.0,True,False,False
sample_31,beam,1,50.0,50.0,True,False,False
sample_31,beam,2,50.0,50.0,True,False,False
sample_31,beam,3,65.0,50.0,False,False,True
sample_31,beam,4,30.0,30.0,True,False,False
sample_31,beam,5,65.0,50.0,False,False,True
sample_31,beam,6,65.0,50.0,False,False,True
sample_31,beam,7,65.0,50.0,False,False,True
sample_31,beam,8,50.0,50.0,True,False,False
sample_31,beam,9,50.0,50.0,True,False,False
sample_31,beam,10,50.0,50.0,True,False,False
sample_31,beam,11,50.0,50.0,True,False,False
sample_31,beam,12,50.0,50.0,True,False,False
sample_31,beam,13,50.0,50.0,True,False,False
sample_31,beam,14,50.0,50.0,True,False,False
sample_31,beam,15,50.0,50.0,True,False,False
sample_31,beam,16,50.0,50.0,True,False,False
sample_31,beam,17,50.0,50.0,True,False,False
sample_31,beam,18,50.0,50.0,True,False,False
sample_31,beam,19,50.0,50.0,True,False,False
sample_31,beam,20,40.0,40.0,True,False,False
sample_31,beam,21,50.0,50.0,True,False,False
sample_31,beam,22,50.0,50.0,True,False,False
sample_31,beam,23,50.0,50.0,True,False,False
sample_31,beam,24,50.0,50.0,True,False,False
sample_31,beam,25,50.0,50.0,True,False,False
sample_31,beam,26,50.0,50.0,True,False,False
sample_31,beam,27,50.0,50.0,True,False,False
sample_31,beam,28,50.0,50.0,True,False,False
sample_31,beam,29,50.0,50.0,True,False,False
sample_31,beam,30,50.0,50.0,True,False,False
sample_31,beam,31,40.0,40.0,True,False,False
sample_31,beam,32,50.0,50.0,True,False,False
sample_31,beam,33,50.0,50.0,True,False,False
sample_31,beam,34,50.0,50.0,True,False,False
sample_31,beam,35,50.0,40.0,False,False,True
sample_31,beam,36,55.0,40.0,False,False,True
sample_31,beam,37,50.0,40.0,False,False,True
sample_31,beam,38,50.0,40.0,False,False,True
sample_31,beam,39,55.0,40.0,False,False,True
sample_31,beam,40,50.0,40.0,False,False,True
sample_31,beam,41,55.0,40.0,False,False,True
sample_31,beam,42,50.0,40.0,False,False,True
sample_31,beam,43,50.0,40.0,False,False,True
sample_31,beam,44,55.0,40.0,False,False,True
sample_31,beam,45,50.0,40.0,False,False,True
sample_31,beam,46,55.0,40.0,False,False,True
sample_31,beam,47,50.0,40.0,False,False,True
sample_31,beam,48,50.0,40.0,False,False,True
sample_31,beam,49,55.0,40.0,False,False,True
sample_31,beam,50,50.0,40.0,False,False,True
sample_31,beam,51,55.0,40.0,False,False,True
sample_31,beam,52,50.0,40.0,False,False,True
sample_31,beam,53,50.0,40.0,False,False,True
sample_31,beam,54,55.0,40.0,False,False,True
sample_31,beam,55,50.0,40.0,False,False,True
sample_31,beam,56,55.0,40.0,False,False,True
sample_31,beam,57,40.0,40.0,True,False,False
sample_31,beam,58,50.0,40.0,False,False,True
sample_31,beam,59,50.0,40.0,False,False,True
sample_31,beam,60,55.0,40.0,False,False,True
sample_31,beam,61,50.0,40.0,False,False,True
sample_31,beam,62,55.0,40.0,False,False,True
sample_31,beam,63,50.0,40.0,False,False,True
sample_31,beam,64,50.0,40.0,False,False,True
sample_31,beam,65,55.0,40.0,False,False,True
sample_31,beam,66,50.0,40.0,False,False,True
sample_31,beam,67,55.0,40.0,False,False,True
sample_31,beam,68,40.0,40.0,True,False,False
sample_31,beam,69,50.0,40.0,False,False,True
sample_31,beam,70,50.0,40.0,False,False,True
sample_31,beam,71,55.0,40.0,False,False,True
sample_31,beam,72,50.0,40.0,False,False,True
sample_31,beam,73,55.0,40.0,False,False,True
sample_31,beam,74,50.0,40.0,False,False,True
sample_31,beam,75,50.0,40.0,False,False,True
sample_31,beam,76,55.0,40.0,False,False,True
sample_31,beam,77,55.0,40.0,False,False,True
sample_31,beam,78,50.0,40.0,False,False,True
sample_31,beam,79,50.0,40.0,False,False,True
sample_31,beam,80,55.0,40.0,False,False,True
sample_31,beam,81,10.0,10.0,True,True,False
sample_31,beam,82,10.0,10.0,True,True,False
sample_31,beam,83,10.0,10.0,True,True,False
sample_31,beam,84,10.0,10.0,True,True,False
sample_31,beam,85,50.0,40.0,False,False,True
sample_31,beam,86,50.0,40.0,False,False,True
sample_31,beam,87,50.0,40.0,False,False,True
sample_31,beam,88,50.0,40.0,False,False,True
sample_31,beam,89,30.0,30.0,True,False,False
sample_31,beam,90,50.0,50.0,True,False,False
sample_31,beam,91,50.0,40.0,False,False,True
sample_31,beam,92,50.0,40.0,False,False,True
sample_31,beam,93,50.0,40.0,False,False,True
sample_31,beam,94,30.0,35.0,True,False,False
sample_31,column,0,50.0,60.0,True,False,False
sample_31,column,1,50.0,60.0,True,False,False
sample_31,column,2,50.0,60.0,True,False,False
sample_31,column,3,50.0,60.0,True,False,False
sample_31,column,4,50.0,60.0,True,False,False
sample_31,column,5,50.0,60.0,True,False,False
sample_31,column,6,50.0,60.0,True,False,False
sample_31,column,7,50.0,60.0,True,False,False
sample_31,column,8,50.0,60.0,True,False,False
sample_31,column,9,50.0,60.0,True,False,False
sample_31,column,10,50.0,50.0,True,False,False
sample_31,column,11,50.0,50.0,True,False,False
sample_31,column,12,50.0,50.0,True,False,False
sample_31,column,13,50.0,50.0,True,False,False
sample_31,column,14,50.0,50.0,True,False,False
sample_31,column,15,50.0,50.0,True,False,False
sample_31,column,16,50.0,50.0,True,False,False
sample_31,column,17,50.0,50.0,True,False,False
sample_31,column,18,50.0,50.0,True,False,False
sample_31,column,19,50.0,50.0,True,False,False
sample_31,column,20,50.0,50.0,True,False,False
sample_31,column,21,50.0,50.0,True,False,False
sample_31,column,22,50.0,50.0,True,False,False
sample_31,column,23,50.0,50.0,True,False,False
sample_31,column,24,50.0,50.0,True,False,False
sample_31,column,25,50.0,50.0,True,False,False
sample_31,column,26,50.0,50.0,True,False,False
sample_31,column,27,50.0,50.0,True,False,False
sample_31,column,28,50.0,50.0,True,False,False
sample_31,column,29,50.0,50.0,True,False,False
sample_31,column,30,50.0,50.0,True,False,False
sample_31,column,31,50.0,50.0,True,False,False
sample_31,column,32,50.0,50.0,True,False,False
sample_31,column,33,50.0,50.0,True,False,False
sample_31,column,34,50.0,50.0,True,False,False
sample_31,column,35,50.0,50.0,True,False,False
sample_31,column,36,50.0,50.0,True,False,False
sample_31,column,37,50.0,50.0,True,False,False
sample_31,column,38,50.0,50.0,True,False,False
sample_31,column,39,50.0,50.0,True,False,False
sample_31,column,40,50.0,50.0,True,False,False
sample_31,column,41,50.0,50.0,True,False,False
sample_31,column,42,50.0,50.0,True,False,False
sample_31,column,43,50.0,50.0,True,False,False
sample_31,column,44,50.0,60.0,True,False,False
sample_31,column,45,40.0,50.0,True,False,False
sample_31,column,46,50.0,60.0,True,False,False
sample_31,column,47,50.0,60.0,True,False,False
sample_31,column,48,50.0,60.0,True,False,False
sample_31,column,49,50.0,60.0,True,False,False
sample_31,column,50,50.0,60.0,True,False,False
sample_31,column,51,50.0,60.0,True,False,False
sample_31,column,52,50.0,60.0,True,False,False
sample_31,column,53,50.0,60.0,True,False,False
sample_31,column,54,50.0,60.0,True,False,False
sample_31,column,55,40.0,50.0,True,False,False
sample_31,column,56,40.0,50.0,True,False,False
sample_31,column,57,40.0,50.0,True,False,False
sample_31,column,58,40.0,50.0,True,False,False
sample_31,column,59,40.0,50.0,True,False,False
sample_31,column,60,40.0,50.0,True,False,False
sample_191,beam,0,50.0,40.0,False,False,True
sample_191,beam,1,50.0,40.0,False,False,True
sample_191,beam,2,50.0,50.0,True,False,False
sample_191,beam,3,50.0,50.0,True,False,False
sample_191,beam,4,50.0,50.0,True,False,False
sample_191,beam,5,50.0,40.0,False,False,True
sample_191,beam,6,50.0,40.0,False,False,True
sample_191,beam,7,50.0,50.0,True,False,False
sample_191,beam,8,50.0,50.0,True,False,False
sample_191,beam,9,50.0,50.0,True,False,False
sample_191,beam,10,40.0,30.0,False,False,True
sample_191,beam,11,40.0,30.0,False,False,True
sample_191,beam,12,40.0,30.0,False,False,True
sample_191,beam,13,50.0,40.0,False,False,True
sample_191,beam,14,50.0,40.0,False,False,True
sample_191,beam,15,50.0,40.0,False,False,True
sample_191,beam,16,50.0,40.0,False,False,True
sample_191,beam,17,50.0,40.0,False,False,True
sample_191,beam,18,50.0,50.0,True,False,False
sample_191,beam,19,50.0,50.0,True,False,False
sample_191,beam,20,50.0,50.0,True,False,False
sample_191,beam,21,50.0,50.0,True,False,False
sample_191,beam,22,50.0,50.0,True,False,False
sample_191,beam,23,50.0,50.0,True,False,False
sample_191,beam,24,50.0,50.0,True,False,False
sample_191,beam,25,50.0,50.0,True,False,False
sample_191,beam,26,50.0,50.0,True,False,False
sample_191,beam,27,50.0,50.0,True,False,False
sample_191,beam,28,50.0,40.0,False,False,True
sample_191,beam,29,50.0,40.0,False,False,True
sample_191,beam,30,50.0,50.0,True,False,False
sample_191,beam,31,50.0,50.0,True,False,False
sample_191,beam,32,50.0,50.0,True,False,False
sample_191,beam,33,40.0,30.0,False,False,True
sample_191,beam,34,50.0,40.0,False,False,True
sample_191,beam,35,50.0,40.0,False,False,True
sample_191,beam,36,50.0,50.0,True,False,False
sample_191,beam,37,50.0,50.0,True,False,False
sample_191,beam,38,50.0,50.0,True,False,False
sample_191,beam,39,50.0,40.0,False,False,True
sample_191,beam,40,50.0,40.0,False,False,True
sample_191,beam,41,50.0,40.0,False,False,True
sample_191,beam,42,50.0,40.0,False,False,True
sample_191,beam,43,50.0,40.0,False,False,True
sample_191,beam,44,60.0,50.0,False,False,True
sample_191,beam,45,60.0,50.0,False,False,True
sample_191,beam,46,60.0,50.0,False,False,True
sample_191,beam,47,60.0,50.0,False,False,True
sample_191,beam,48,60.0,50.0,False,False,True
sample_191,beam,49,50.0,40.0,False,False,True
sample_191,beam,50,50.0,40.0,False,False,True
sample_191,beam,51,50.0,40.0,False,False,True
sample_191,beam,52,50.0,40.0,False,False,True
sample_191,beam,53,50.0,40.0,False,False,True
sample_191,beam,54,50.0,40.0,False,False,True
sample_191,beam,55,50.0,40.0,False,False,True
sample_191,beam,56,50.0,50.0,True,False,False
sample_191,beam,57,50.0,50.0,True,False,False
sample_191,beam,58,50.0,50.0,True,False,False
sample_191,beam,59,50.0,40.0,False,False,True
sample_191,beam,60,50.0,40.0,False,False,True
sample_191,beam,61,50.0,50.0,True,False,False
sample_191,beam,62,50.0,50.0,True,False,False
sample_191,beam,63,50.0,50.0,True,False,False
sample_191,beam,64,50.0,50.0,True,False,False
sample_191,beam,65,50.0,50.0,True,False,False
sample_191,beam,66,50.0,50.0,True,False,False
sample_191,beam,67,50.0,50.0,True,False,False
sample_191,beam,68,50.0,50.0,True,False,False
sample_191,beam,69,60.0,50.0,False,False,True
sample_191,beam,70,60.0,50.0,False,False,True
sample_191,beam,71,60.0,50.0,False,False,True
sample_191,beam,72,60.0,50.0,False,False,True
sample_191,beam,73,60.0,50.0,False,False,True
sample_191,beam,74,45.0,30.0,False,False,True
sample_191,beam,75,45.0,30.0,False,False,True
sample_191,beam,76,45.0,30.0,False,False,True
sample_191,beam,77,45.0,30.0,False,False,True
sample_191,beam,78,45.0,30.0,False,False,True
sample_191,beam,79,45.0,30.0,False,False,True
sample_191,beam,80,45.0,30.0,False,False,True
sample_191,beam,81,45.0,30.0,False,False,True
sample_191,beam,82,45.0,30.0,False,False,True
sample_191,beam,83,45.0,30.0,False,False,True
sample_191,beam,84,5.0,5.0,True,True,False
sample_191,beam,85,5.0,5.0,True,True,False
sample_191,beam,86,5.0,5.0,True,True,False
sample_191,beam,87,5.0,5.0,True,True,False
sample_191,beam,88,5.0,5.0,True,True,False
sample_191,beam,89,5.0,5.0,True,True,False
sample_191,beam,90,5.0,5.0,True,True,False
sample_191,beam,91,5.0,5.0,True,True,False
sample_191,beam,92,5.0,5.0,True,True,False
sample_191,beam,93,5.0,5.0,True,True,False
sample_191,beam,94,50.0,40.0,False,False,True
sample_191,beam,95,50.0,40.0,False,False,True
sample_191,beam,96,50.0,50.0,True,False,False
sample_191,beam,97,50.0,50.0,True,False,False
sample_191,beam,98,50.0,50.0,True,False,False
sample_191,beam,99,50.0,40.0,False,False,True
sample_191,beam,100,50.0,40.0,False,False,True
sample_191,beam,101,50.0,50.0,True,False,False
sample_191,beam,102,50.0,50.0,True,False,False
sample_191,beam,103,50.0,50.0,True,False,False
sample_191,beam,104,50.0,40.0,False,False,True
sample_191,beam,105,50.0,40.0,False,False,True
sample_191,beam,106,50.0,50.0,True,False,False
sample_191,beam,107,50.0,50.0,True,False,False
sample_191,beam,108,50.0,50.0,True,False,False
sample_191,column,0,50.0,50.0,True,False,False
sample_191,column,1,50.0,50.0,True,False,False
sample_191,column,2,50.0,50.0,True,False,False
sample_191,column,3,50.0,50.0,True,False,False
sample_191,column,4,50.0,50.0,True,False,False
sample_191,column,5,60.0,50.0,False,False,True
sample_191,column,6,60.0,50.0,False,False,True
sample_191,column,7,60.0,50.0,False,False,True
sample_191,column,8,60.0,50.0,False,False,True
sample_191,column,9,60.0,50.0,False,False,True
sample_191,column,10,50.0,50.0,True,False,False
sample_191,column,11,50.0,50.0,True,False,False
sample_191,column,12,50.0,50.0,True,False,False
sample_191,column,13,50.0,50.0,True,False,False
sample_191,column,14,50.0,50.0,True,False,False
sample_191,column,15,60.0,50.0,False,False,True
sample_191,column,16,60.0,50.0,False,False,True
sample_191,column,17,60.0,50.0,False,False,True
sample_191,column,18,60.0,50.0,False,False,True
sample_191,column,19,60.0,50.0,False,False,True
sample_191,column,20,50.0,50.0,True,False,False
sample_191,column,21,50.0,50.0,True,False,False
sample_191,column,22,50.0,50.0,True,False,False
sample_191,column,23,50.0,50.0,True,False,False
sample_191,column,24,50.0,50.0,True,False,False
sample_191,column,25,50.0,50.0,True,False,False
sample_191,column,26,50.0,50.0,True,False,False
sample_191,column,27,50.0,50.0,True,False,False
sample_191,column,28,50.0,50.0,True,False,False
sample_191,column,29,50.0,50.0,True,False,False
sample_191,column,30,50.0,50.0,True,False,False
sample_191,column,31,50.0,50.0,True,False,False
sample_191,column,32,50.0,50.0,True,False,False
sample_191,column,33,50.0,50.0,True,False,False
sample_191,column,34,50.0,50.0,True,False,False
sample_191,column,35,50.0,50.0,True,False,False
sample_191,column,36,50.0,50.0,True,False,False
sample_191,column,37,50.0,50.0,True,False,False
sample_191,column,38,50.0,50.0,True,False,False
sample_191,column,39,50.0,50.0,True,False,False
sample_191,column,40,60.0,50.0,False,False,True
sample_191,column,41,60.0,50.0,False,False,True
sample_191,column,42,60.0,50.0,False,False,True
sample_191,column,43,60.0,50.0,False,False,True
sample_191,column,44,60.0,50.0,False,False,True
sample_191,column,45,50.0,50.0,True,False,False
sample_191,column,46,50.0,50.0,True,False,False
sample_191,column,47,50.0,50.0,True,False,False
sample_191,column,48,60.0,50.0,False,False,True
sample_191,column,49,60.0,50.0,False,False,True
sample_191,column,50,40.0,40.0,True,False,False
sample_191,column,51,40.0,40.0,True,False,False
sample_191,column,52,40.0,40.0,True,False,False
sample_191,column,53,40.0,40.0,True,False,False
