sample,node_type,node_idx,true_size,true_b,true_h,pred_b_HGT,pred_h_HGT,pred_b_HAN,pred_h_HAN,resid_HGT,resid_HAN,both_mae,cause
sample_39,beam,2,10.0,10.0,10.0,55.013816833496094,48.19958114624024,52.74288177490234,46.19106674194336,41.606698989868164,39.46697425842285,40.536834716796875,A_label_suspect(impossible-small)
sample_39,beam,3,10.0,10.0,10.0,54.53812789916992,47.74710464477539,52.60059356689453,46.06539916992188,41.142616271972656,39.3329963684082,40.23780632019043,A_label_suspect(impossible-small)
sample_191,beam,84,5.0,5.0,5.0,42.440673828125,32.07958984375,40.929725646972656,29.95391082763672,32.2601318359375,30.441818237304688,31.350975036621094,A_label_suspect(impossible-small)
sample_191,beam,85,5.0,5.0,5.0,42.43565368652344,32.059322357177734,40.4853401184082,29.69635581970215,32.247488021850586,30.090847969055176,31.16916847229004,A_label_suspect(impossible-small)
sample_191,beam,86,5.0,5.0,5.0,42.4233283996582,32.0543212890625,40.28082656860352,29.643707275390625,32.23882484436035,29.962266921997074,31.100544929504395,A_label_suspect(impossible-small)
sample_191,beam,87,5.0,5.0,5.0,42.37176132202149,32.044281005859375,40.13917541503906,29.651180267333984,32.20802116394043,29.895177841186523,31.051600456237793,A_label_suspect(impossible-small)
sample_191,beam,88,5.0,5.0,5.0,42.3119010925293,32.08165740966797,39.91742706298828,29.595970153808597,32.19677925109863,29.756698608398438,30.97673797607422,A_label_suspect(impossible-small)
sample_191,beam,89,5.0,5.0,5.0,38.809120178222656,30.60085678100586,37.16241455078125,34.19012451171875,29.704988479614258,30.67626953125,30.19062900543213,A_label_suspect(impossible-small)
sample_191,beam,90,5.0,5.0,5.0,38.6515998840332,30.53934097290039,36.34315872192383,30.98902702331543,29.595470428466797,28.66609287261963,29.130781173706055,A_label_suspect(impossible-small)
sample_191,beam,91,5.0,5.0,5.0,38.53321075439453,30.53866195678711,36.1050910949707,29.97319602966309,29.53593635559082,28.039143562316895,28.7875394821167,A_label_suspect(impossible-small)
sample_192,beam,11,5.0,5.0,5.0,38.35227966308594,31.276933670043945,36.27603149414063,28.446931838989254,29.81460666656494,27.36148166656494,28.588043212890625,A_label_suspect(impossible-small)
sample_191,beam,92,5.0,5.0,5.0,38.4647216796875,30.514389038085938,35.74149703979492,29.013071060180664,29.48955535888672,27.377284049987793,28.433420181274414,A_label_suspect(impossible-small)
sample_191,beam,93,5.0,5.0,5.0,38.38872528076172,30.546146392822266,35.49287414550781,28.59363555908203,29.467435836791992,27.043254852294922,28.255345344543457,A_label_suspect(impossible-small)
sample_31,beam,84,10.0,10.0,10.0,43.17691040039063,32.12974166870117,42.51351547241211,31.375532150268555,27.653326034545902,26.944523811340332,27.298924446105957,A_label_suspect(impossible-small)
sample_31,beam,81,10.0,10.0,10.0,43.181758880615234,32.13585662841797,42.28070831298828,31.246150970458984,27.6588077545166,26.763429641723633,27.211118698120117,A_label_suspect(impossible-small)
sample_31,beam,83,10.0,10.0,10.0,42.931732177734375,31.96704864501953,42.51295471191406,31.32859230041504,27.449390411376953,26.92077350616455,27.185081481933594,A_label_suspect(impossible-small)
sample_31,beam,82,10.0,10.0,10.0,42.23844528198242,31.4949951171875,42.52177047729492,31.267105102539062,26.86672019958496,26.894437789916992,26.880578994750977,A_label_suspect(impossible-small)
sample_6,beam,156,10.0,10.0,10.0,42.0775032043457,36.02665328979492,38.63507843017578,30.43158721923828,29.052078247070312,24.53333282470703,26.792705535888672,A_label_suspect(impossible-small)
sample_6,beam,154,10.0,10.0,10.0,41.933067321777344,36.65201187133789,38.060791015625,30.154232025146484,29.292539596557617,24.107511520385742,26.70002555847168,A_label_suspect(impossible-small)
sample_6,beam,157,10.0,10.0,10.0,41.98574447631836,36.44276428222656,38.0432243347168,30.03911590576172,29.21425437927246,24.041170120239258,26.62771224975586,A_label_suspect(impossible-small)
sample_189,beam,13,70.0,100.0,40.0,57.24717712402344,50.390625,60.97101211547852,53.49579620361328,-16.18109893798828,-12.766595840454098,26.417057991027832,B_underfit(regression-to-mean)
sample_233,beam,247,27.5,30.0,25.0,56.99385452270508,50.08332824707031,54.6701774597168,47.85923767089844,26.038591384887695,23.764707565307617,24.901649475097656,B_underfit(regression-to-mean)
sample_233,beam,290,27.5,30.0,25.0,57.042572021484375,50.143951416015625,54.44306182861328,47.65851974487305,26.09326171875,23.550790786743164,24.822026252746582,B_underfit(regression-to-mean)
sample_233,beam,33,27.5,30.0,25.0,56.88362121582031,49.99651336669922,53.84777069091797,47.12153625488281,25.940067291259766,22.98465347290039,24.462360382080078,B_underfit(regression-to-mean)
sample_240,column,146,80.0,100.0,60.0,52.90679550170898,52.781009674072266,58.75318145751953,57.715965270996094,-27.15609741210938,-21.765426635742188,24.46076202392578,B_underfit(regression-to-mean)
sample_233,beam,204,27.5,30.0,25.0,56.61284255981445,49.67923355102539,53.96517562866211,47.22786712646485,25.646038055419922,23.09652137756348,24.3712797164917,B_underfit(regression-to-mean)
sample_233,beam,9,27.5,30.0,25.0,56.80006408691406,49.87619400024414,53.632591247558594,46.92548370361328,25.8381290435791,22.779037475585938,24.30858325958252,B_underfit(regression-to-mean)
sample_151,beam,212,30.0,30.0,30.0,57.36826705932617,50.494476318359375,56.67262649536133,49.65928268432617,23.931371688842773,23.16595458984375,23.54866313934326,B_underfit(regression-to-mean)
sample_240,column,225,80.0,100.0,60.0,54.81393432617188,54.33745574951172,59.05495834350586,57.85757446289063,-25.4243049621582,-21.543733596801754,23.48401927947998,B_underfit(regression-to-mean)
sample_6,beam,1,10.0,10.0,10.0,38.59645462036133,30.205455780029297,36.49602508544922,28.5927734375,24.400955200195312,22.54439926147461,23.47267723083496,A_label_suspect(impossible-small)
sample_6,beam,2,10.0,10.0,10.0,38.42481994628906,30.09520721435547,36.672489166259766,28.65631866455078,24.260013580322266,22.664403915405273,23.46220874786377,A_label_suspect(impossible-small)
sample_6,beam,0,10.0,10.0,10.0,38.30580520629883,30.027099609375,36.80392074584961,28.70233917236328,24.166452407836914,22.753129959106445,23.45979118347168,A_label_suspect(impossible-small)
sample_6,beam,153,10.0,10.0,10.0,38.84215545654297,30.223915100097656,36.32619094848633,28.42534637451172,24.533035278320312,22.375768661499023,23.454401969909668,A_label_suspect(impossible-small)
sample_6,beam,98,10.0,10.0,10.0,36.41005706787109,29.504608154296875,37.98434066772461,29.788593292236328,22.95733261108398,23.88646697998047,23.421899795532227,A_label_suspect(impossible-small)
sample_6,beam,155,10.0,10.0,10.0,39.735130310058594,33.686519622802734,33.326271057128906,26.92826461791992,26.710824966430664,20.127267837524414,23.41904640197754,A_label_suspect(impossible-small)
sample_233,beam,161,27.5,30.0,25.0,55.40464019775391,48.42912292480469,53.16403579711914,46.52225112915039,24.4168815612793,22.343143463134766,23.38001251220703,B_underfit(regression-to-mean)
sample_6,beam,102,10.0,10.0,10.0,36.54376220703125,29.59225845336914,37.6877326965332,29.61678695678711,23.068010330200195,23.652259826660156,23.360135078430176,A_label_suspect(impossible-small)
sample_240,column,218,80.0,100.0,60.0,55.3745231628418,54.63690185546875,58.99065017700195,57.8198471069336,-24.994287490844727,-21.594751358032223,23.294519424438477,B_underfit(regression-to-mean)
sample_6,beam,101,10.0,10.0,10.0,36.67326736450195,29.664203643798828,37.38264465332031,29.43355941772461,23.16873550415039,23.40810203552246,23.288418769836426,A_label_suspect(impossible-small)
sample_6,beam,99,10.0,10.0,10.0,37.08316040039063,29.86454391479492,36.92662811279297,29.14254570007324,23.473852157592773,23.034586906433105,23.254220008850098,A_label_suspect(impossible-small)
sample_6,beam,100,10.0,10.0,10.0,36.84721755981445,29.75173568725586,37.139678955078125,29.27647399902344,23.299476623535156,23.20807647705078,23.25377655029297,A_label_suspect(impossible-small)
sample_240,column,239,80.0,100.0,60.0,55.6499137878418,54.7825927734375,59.02442169189453,57.85213851928711,-24.78374671936035,-21.56171989440918,23.172733306884766,B_underfit(regression-to-mean)
sample_189,beam,14,32.5,25.0,40.0,57.15117645263672,50.28281784057617,60.78947448730469,53.33174514770508,21.216997146606445,24.560609817504883,22.888803482055664,B_underfit(regression-to-mean)
sample_240,column,147,80.0,100.0,60.0,56.481781005859375,55.3077278137207,58.93635559082031,57.84916687011719,-24.10524559020996,-21.60723876953125,22.856242179870605,B_underfit(regression-to-mean)
sample_251,beam,101,55.0,60.0,50.0,37.16608047485352,29.89822006225586,35.432586669921875,27.60899353027344,-21.46784973144531,-23.479209899902344,22.473529815673828,B_underfit(regression-to-mean)
sample_151,beam,127,60.0,70.0,50.0,40.48609924316406,32.85551452636719,42.57250213623047,34.5556526184082,-23.329193115234375,-21.435922622680664,22.38255786895752,B_underfit(regression-to-mean)
sample_240,column,57,80.0,100.0,60.0,58.29646301269531,56.151100158691406,58.60808563232422,57.570274353027344,-22.77621841430664,-21.91082000732422,22.34351921081543,B_underfit(regression-to-mean)
sample_240,column,226,80.0,100.0,60.0,57.70781707763672,56.07550048828125,59.13102722167969,57.925968170166016,-23.108341217041016,-21.47150230407715,22.289921760559082,B_underfit(regression-to-mean)
sample_151,beam,131,60.0,70.0,50.0,46.88025665283203,37.3265380859375,36.94659423828125,29.92713165283203,-17.896602630615234,-26.56313705444336,22.229869842529297,B_underfit(regression-to-mean)
sample_240,column,148,80.0,100.0,60.0,58.11824417114258,56.21910858154297,59.24268341064453,58.043853759765625,-22.831323623657227,-21.356731414794922,22.094027519226074,B_underfit(regression-to-mean)
sample_233,beam,118,27.5,30.0,25.0,53.34302520751953,46.391578674316406,52.60993957519531,46.029693603515625,22.36730194091797,21.81981658935547,22.09355926513672,B_underfit(regression-to-mean)
sample_240,column,219,80.0,100.0,60.0,58.35727691650391,56.502220153808594,59.070594787597656,57.89304733276367,-22.570251464843746,-21.518178939819336,22.044215202331543,B_underfit(regression-to-mean)
sample_240,column,240,80.0,100.0,60.0,58.39765167236328,56.42075729370117,59.10356140136719,57.92169189453125,-22.590795516967773,-21.48737335205078,22.039084434509277,B_underfit(regression-to-mean)
sample_240,column,176,80.0,100.0,60.0,58.364784240722656,56.42633056640625,59.27224349975586,58.06746292114258,-22.604442596435547,-21.33014678955078,21.967294692993164,B_underfit(regression-to-mean)
sample_6,beam,3,10.0,10.0,10.0,37.478294372558594,29.735280990600582,34.17506790161133,26.43372344970703,23.60678768157959,20.30439567565918,21.955592155456543,A_label_suspect(impossible-small)
sample_39,beam,6,10.0,10.0,10.0,37.02521514892578,29.773361206054688,33.61517333984375,26.980892181396484,23.399288177490234,20.298032760620117,21.848660469055176,A_label_suspect(impossible-small)
sample_39,beam,7,10.0,10.0,10.0,36.84022903442383,29.66130828857422,33.82892227172852,27.04117774963379,23.250768661499023,20.435050010681156,21.842909812927246,A_label_suspect(impossible-small)
sample_6,beam,151,10.0,10.0,10.0,38.07709884643555,30.04491424560547,33.08423614501953,26.11062812805176,24.061006546020508,19.597432136535645,21.829218864440918,A_label_suspect(impossible-small)
sample_39,beam,1,10.0,10.0,10.0,37.12487030029297,29.8597354888916,33.359130859375,26.907665252685547,23.492302894592285,20.133398056030273,21.81284999847412,A_label_suspect(impossible-small)
sample_6,beam,150,10.0,10.0,10.0,38.280059814453125,30.13587951660156,32.83485412597656,25.995569229125977,24.207969665527344,19.41521167755127,21.81159019470215,A_label_suspect(impossible-small)
sample_6,beam,149,10.0,10.0,10.0,38.53467178344727,30.265893936157227,32.502532958984375,25.93909072875977,24.40028285980225,19.22081184387207,21.810547828674316,A_label_suspect(impossible-small)
sample_6,beam,152,10.0,10.0,10.0,37.84092712402344,29.928260803222656,33.23478698730469,26.14536666870117,23.884593963623047,19.69007682800293,21.78733539581299,A_label_suspect(impossible-small)
sample_39,beam,11,10.0,10.0,10.0,36.60845947265625,29.53166007995605,33.897125244140625,27.06043815612793,23.070059776306152,20.478781700134277,21.77442169189453,A_label_suspect(impossible-small)
sample_39,beam,0,10.0,10.0,10.0,36.41350555419922,29.451290130615234,34.01841735839844,27.120655059814453,22.932397842407227,20.569536209106445,21.750967025756836,A_label_suspect(impossible-small)
sample_6,beam,148,10.0,10.0,10.0,37.56416702270508,29.763450622558597,33.41005325317383,26.20025062561035,23.663808822631836,19.80515193939209,21.73448085784912,A_label_suspect(impossible-small)
sample_240,column,227,80.0,100.0,60.0,59.151893615722656,56.92007827758789,59.26315689086914,58.04141616821289,-21.964014053344727,-21.347713470458984,21.655863761901855,B_underfit(regression-to-mean)
sample_251,beam,103,55.0,60.0,50.0,36.894981384277344,29.805376052856445,37.66115188598633,29.194730758666992,-21.649821281433105,-21.57205867767334,21.61094093322754,B_underfit(regression-to-mean)
sample_240,column,220,80.0,100.0,60.0,59.69580459594727,57.2470817565918,59.21989059448242,58.01913833618164,-21.528556823730465,-21.38048553466797,21.45452117919922,B_underfit(regression-to-mean)
sample_240,column,149,80.0,100.0,60.0,59.61114883422852,57.08709716796875,59.459503173828125,58.21747589111328,-21.650876998901364,-21.161510467529297,21.406193733215332,B_underfit(regression-to-mean)
sample_240,column,241,80.0,100.0,60.0,59.90060424804688,57.228065490722656,59.23497009277344,58.048858642578125,-21.43566513061523,-21.35808563232422,21.396875381469727,B_underfit(regression-to-mean)
sample_233,beam,274,33.5,37.0,30.0,57.28376007080078,50.39194107055664,59.61462020874024,52.26946258544922,20.33785057067871,22.44204139709473,21.38994598388672,B_underfit(regression-to-mean)
sample_233,beam,271,33.5,37.0,30.0,57.09870529174805,50.23408889770508,59.47338485717773,52.14596939086914,20.166397094726562,22.309677124023434,21.238037109375,B_underfit(regression-to-mean)
sample_151,beam,216,30.0,30.0,30.0,57.06121826171875,50.21697235107422,52.11088943481445,45.43033981323242,23.639095306396484,18.770614624023438,21.20485496520996,B_underfit(regression-to-mean)
sample_240,column,232,80.0,100.0,60.0,60.75194549560547,57.7174186706543,59.020633697509766,57.85371017456055,-20.765317916870117,-21.562828063964844,21.16407299041748,B_underfit(regression-to-mean)
sample_233,beam,317,33.5,37.0,30.0,57.21582412719727,50.31906509399414,59.11375427246094,51.82579803466797,20.267444610595707,21.969776153564453,21.118610382080078,B_underfit(regression-to-mean)
sample_240,beam,401,70.0,70.0,70.0,51.81485748291016,45.13024139404297,52.59593963623047,46.04151153564453,-21.527450561523434,-20.6812744140625,21.10436248779297,B_underfit(regression-to-mean)
sample_6,beam,144,10.0,10.0,10.0,38.85717391967773,30.97879981994629,29.725215911865234,24.54170227050781,24.917986869812008,17.133459091186523,21.025723457336426,A_label_suspect(impossible-small)
sample_233,beam,231,33.5,37.0,30.0,57.20166778564453,50.30122756958008,58.8778190612793,51.61406326293945,20.251447677612305,21.745941162109375,20.99869441986084,B_underfit(regression-to-mean)
sample_240,column,228,80.0,100.0,60.0,60.77440643310547,57.74101257324219,59.42707061767578,58.19101333618164,-20.742290496826172,-21.19095802307129,20.96662425994873,B_underfit(regression-to-mean)
sample_233,beam,257,33.5,37.0,30.0,57.30312347412109,50.41266250610352,58.6631965637207,51.42369079589844,20.357892990112305,21.54344367980957,20.950668334960938,B_underfit(regression-to-mean)
sample_240,column,161,80.0,100.0,60.0,61.28110504150391,57.84892272949219,59.13816833496094,57.972129821777344,-20.43498611450195,-21.44485092163086,20.939918518066406,B_underfit(regression-to-mean)
sample_111,beam,1,27.5,30.0,25.0,52.35523223876953,45.461517333984375,51.12630844116211,44.70749282836914,21.408374786376953,20.416900634765625,20.91263771057129,B_underfit(regression-to-mean)
sample_240,column,177,80.0,100.0,60.0,61.03522872924805,57.777000427246094,59.377418518066406,58.16484069824219,-20.59388542175293,-21.228870391845703,20.911377906799316,B_underfit(regression-to-mean)
sample_233,beam,314,33.5,37.0,30.0,57.09977340698242,50.24077224731445,58.75804138183594,51.508602142333984,20.170272827148438,21.63332176208496,20.9017972946167,B_underfit(regression-to-mean)
sample_233,beam,228,33.5,37.0,30.0,57.01485443115234,50.14249801635742,58.81111526489258,51.553497314453125,20.07867622375488,21.68230628967285,20.880491256713867,B_underfit(regression-to-mean)
sample_240,column,221,80.0,100.0,60.0,61.088748931884766,57.89989471435547,59.39497375488281,58.16465759277344,-20.505678176879883,-21.220184326171875,20.86293125152588,B_underfit(regression-to-mean)
sample_240,column,242,80.0,100.0,60.0,61.12504577636719,57.85318374633789,59.42145156860352,58.22989273071289,-20.51088523864746,-21.174327850341793,20.84260654449463,B_underfit(regression-to-mean)
sample_6,beam,145,10.0,10.0,10.0,38.61764526367188,30.59754180908203,29.708765029907227,24.346759796142575,24.607593536376957,17.027762413024902,20.817678451538086,A_label_suspect(impossible-small)
sample_240,column,211,80.0,100.0,60.0,61.69721221923828,58.02680206298828,59.11115264892578,57.89638519287109,-20.13799285888672,-21.496231079101566,20.81711196899414,B_underfit(regression-to-mean)
sample_233,beam,300,33.5,37.0,30.0,57.364501953125,50.48262023925781,58.21382141113281,51.02241134643555,20.423561096191406,21.11811637878418,20.770838737487793,B_underfit(regression-to-mean)
sample_6,beam,146,10.0,10.0,10.0,38.34728240966797,30.34256362915039,29.882776260375977,24.403409957885746,24.34492301940918,17.14309310913086,20.74400806427002,A_label_suspect(impossible-small)
sample_251,beam,105,55.0,60.0,50.0,36.68529891967773,29.76214599609375,39.74700546264648,30.86443519592285,-21.77627754211426,-19.694279670715336,20.735278129577637,B_underfit(regression-to-mean)
sample_240,column,150,80.0,100.0,60.0,61.11560821533203,57.87030792236328,59.68410873413086,58.413387298583984,-20.507041931152344,-20.951251983642578,20.72914695739746,B_underfit(regression-to-mean)
sample_6,beam,143,10.0,10.0,10.0,37.73418045043945,29.99407958984375,30.422365188598636,24.68852424621582,23.8641300201416,17.555444717407227,20.709787368774414,A_label_suspect(impossible-small)
sample_6,beam,147,10.0,10.0,10.0,37.97124862670898,30.08617401123047,30.187862396240234,24.58384132385254,24.028711318969723,17.385851860046387,20.707282066345215,A_label_suspect(impossible-small)
sample_233,beam,58,33.5,37.0,30.0,56.84447860717773,49.97657012939453,58.60136413574219,51.367286682128906,19.91052436828613,21.484325408935547,20.69742488861084,B_underfit(regression-to-mean)
sample_233,beam,59,33.5,37.0,30.0,56.76325225830078,49.85081481933594,58.694671630859375,51.44800567626953,19.80703353881836,21.571338653564453,20.689186096191406,B_underfit(regression-to-mean)
sample_240,column,233,80.0,100.0,60.0,62.06127166748047,58.348968505859375,59.13203811645508,57.94365310668945,-19.794879913330078,-21.462154388427734,20.628517150878906,B_underfit(regression-to-mean)
sample_240,column,58,80.0,100.0,60.0,62.14933395385742,58.42367935180664,59.06742477416992,57.88319396972656,-19.71349334716797,-21.524690628051758,20.619091987609863,B_underfit(regression-to-mean)
sample_240,column,178,80.0,100.0,60.0,61.65047454833984,58.08147430419922,59.51076126098633,58.28841018676758,-20.134025573730472,-21.100414276123047,20.617219924926758,B_underfit(regression-to-mean)
sample_233,beam,185,33.5,37.0,30.0,56.84656524658203,49.95883941650391,58.38352584838867,51.17082214355469,19.902702331542972,21.27717399597168,20.589938163757324,B_underfit(regression-to-mean)
sample_233,beam,188,33.5,37.0,30.0,57.000144958496094,50.0914192199707,58.22516632080078,51.03145599365234,20.0457820892334,21.12831115722656,20.58704662322998,B_underfit(regression-to-mean)
sample_240,column,229,80.0,100.0,60.0,61.63839721679688,58.16455078125,59.637882232666016,58.40778732299805,-20.09852600097656,-20.97716522216797,20.537845611572266,B_underfit(regression-to-mean)
sample_240,column,162,80.0,100.0,60.0,62.18844985961914,58.34867477416992,59.25558471679688,58.08366775512695,-19.73143768310547,-21.330373764038082,20.530905723571777,B_underfit(regression-to-mean)
sample_240,column,212,80.0,100.0,60.0,62.380592346191406,58.31291961669922,59.22285079956055,57.98785781860352,-19.653244018554688,-21.394645690917965,20.523944854736328,B_underfit(regression-to-mean)
sample_240,column,222,80.0,100.0,60.0,61.76737594604492,58.22737121582031,59.62218475341797,58.38014221191406,-20.002626419067383,-20.998836517333984,20.500731468200684,B_underfit(regression-to-mean)
sample_240,column,243,80.0,100.0,60.0,61.73937225341797,58.17694091796875,59.64104080200195,58.46234130859375,-20.04184341430664,-20.94830894470215,20.495076179504395,B_underfit(regression-to-mean)
sample_240,column,234,80.0,100.0,60.0,62.43632507324219,58.49585723876953,59.308441162109375,58.111209869384766,-19.53390884399414,-21.29017448425293,20.412041664123535,B_underfit(regression-to-mean)
sample_233,beam,214,33.5,37.0,30.0,57.17866897583008,50.28713607788086,57.64282989501953,50.51204299926758,20.23290252685547,20.577436447143555,20.40516948699951,B_underfit(regression-to-mean)
sample_240,column,213,80.0,100.0,60.0,62.59000778198242,58.38497161865234,59.39899063110352,58.137577056884766,-19.51251029968262,-21.231716156005856,20.37211322784424,B_underfit(regression-to-mean)
sample_240,column,130,80.0,100.0,60.0,62.63247680664063,58.43260955810547,59.31266403198242,58.13697052001953,-19.46745681762695,-21.275182723999023,20.37131977081299,B_underfit(regression-to-mean)
sample_240,column,163,80.0,100.0,60.0,62.44214630126953,58.46786117553711,59.45008850097656,58.23391342163086,-19.54499626159668,-21.15799903869629,20.351497650146484,B_underfit(regression-to-mean)
sample_240,column,179,80.0,100.0,60.0,62.0713119506836,58.30680847167969,59.75517654418945,58.51300048828125,-19.810939788818356,-20.86591148376465,20.338425636291504,B_underfit(regression-to-mean)
sample_240,column,138,80.0,100.0,60.0,63.1645393371582,58.06056213378906,59.27903366088867,58.17080307006836,-19.387449264526367,-21.275081634521484,20.331265449523926,B_underfit(regression-to-mean)
sample_233,beam,48,33.5,37.0,30.0,57.23445892333984,50.36892318725586,57.41290664672852,50.30245208740234,20.301691055297848,20.35767936706543,20.32968521118164,B_underfit(regression-to-mean)
sample_240,column,230,80.0,100.0,60.0,61.94048309326172,58.29816818237305,59.85507583618164,58.59172439575195,-19.880674362182617,-20.776599884033203,20.32863712310791,B_underfit(regression-to-mean)
sample_240,column,169,80.0,100.0,60.0,62.49386596679688,58.44046401977539,59.50077819824219,58.26570892333984,-19.532835006713864,-21.116756439208988,20.324795722961426,B_underfit(regression-to-mean)
sample_240,column,151,80.0,100.0,60.0,61.822696685791016,58.24114227294922,60.014102935791016,58.68481063842773,-19.968080520629883,-20.65054321289063,20.309311866760254,B_underfit(regression-to-mean)
sample_240,column,246,80.0,100.0,60.0,62.915626525878906,58.39522171020508,59.420780181884766,58.12261581420898,-19.344575881958008,-21.22830200195313,20.286438941955566,B_underfit(regression-to-mean)
sample_240,column,223,80.0,100.0,60.0,62.10041809082031,58.34965515136719,59.84905624389648,58.55772399902344,-19.77496337890625,-20.796609878540043,20.285786628723145,B_underfit(regression-to-mean)
sample_240,column,244,80.0,100.0,60.0,61.993202209472656,58.32011795043945,59.89280319213867,58.68476104736328,-19.843339920043945,-20.711217880249023,20.277278900146484,B_underfit(regression-to-mean)
sample_233,beam,269,33.5,37.0,30.0,56.88455581665039,50.00591659545898,57.651641845703125,50.52294158935547,19.945236206054684,20.587291717529297,20.266263961791992,B_underfit(regression-to-mean)
sample_240,column,154,80.0,100.0,60.0,62.77291488647461,58.42691802978516,59.506961822509766,58.22833633422852,-19.400083541870114,-21.132350921630856,20.26621723175049,B_underfit(regression-to-mean)
sample_240,column,65,80.0,100.0,60.0,63.21746826171875,58.16948318481445,59.36497497558594,58.18960189819336,-19.3065242767334,-21.22271156311035,20.264617919921875,B_underfit(regression-to-mean)
sample_240,column,59,80.0,100.0,60.0,62.571075439453125,58.67729187011719,59.49312210083008,58.20124435424805,-19.375816345214844,-21.152816772460938,20.26431655883789,B_underfit(regression-to-mean)
sample_233,beam,19,33.5,37.0,30.0,57.07008743286133,50.18358612060547,57.447540283203125,50.32577896118164,20.1268367767334,20.386659622192383,20.25674819946289,B_underfit(regression-to-mean)
sample_240,column,247,80.0,100.0,60.0,62.96907806396485,58.425201416015625,59.49347686767578,58.21205520629883,-19.302860260009762,-21.147233963012695,20.22504711151123,B_underfit(regression-to-mean)
sample_240,column,235,80.0,100.0,60.0,62.69743347167969,58.60640335083008,59.49928283691406,58.30776596069336,-19.348081588745117,-21.09647560119629,20.222278594970703,B_underfit(regression-to-mean)
sample_240,column,214,80.0,100.0,60.0,62.78849029541016,58.43639373779297,59.58138656616211,58.311161041259766,-19.387557983398434,-21.053726196289062,20.22064208984375,B_underfit(regression-to-mean)
sample_240,column,170,80.0,100.0,60.0,62.66156768798828,58.53599166870117,59.5853157043457,58.34742736816406,-19.401220321655273,-21.033628463745117,20.2174243927002,B_underfit(regression-to-mean)
sample_240,column,139,80.0,100.0,60.0,63.22969436645508,58.13692855834961,59.50466537475586,58.27277755737305,-19.316688537597656,-21.111278533935547,20.2139835357666,B_underfit(regression-to-mean)
sample_240,column,164,80.0,100.0,60.0,62.60253143310547,58.52749633789063,59.640018463134766,58.38688278198242,-19.43498611450195,-20.986549377441406,20.21076774597168,B_underfit(regression-to-mean)
sample_240,column,231,80.0,100.0,60.0,62.14980697631836,58.410675048828125,59.94831085205078,58.68009948730469,-19.719758987426758,-20.685794830322266,20.20277690887451,B_underfit(regression-to-mean)
sample_240,column,66,80.0,100.0,60.0,63.23057556152344,58.14715194702149,59.5416259765625,58.27896881103516,-19.311136245727536,-21.08970260620117,20.200419425964355,B_underfit(regression-to-mean)
sample_240,column,131,80.0,100.0,60.0,62.98136138916016,58.58811950683594,59.45077133178711,58.24132537841797,-19.21525955200195,-21.15395164489746,20.184605598449707,B_underfit(regression-to-mean)
sample_240,column,155,80.0,100.0,60.0,62.88964080810547,58.475982666015625,59.58721160888672,58.329345703125,-19.317188262939453,-21.04172134399414,20.179454803466797,B_underfit(regression-to-mean)
sample_240,column,224,80.0,100.0,60.0,62.3006477355957,58.451961517333984,59.93339538574219,58.63058090209961,-19.623695373535156,-20.7180118560791,20.17085361480713,B_underfit(regression-to-mean)
sample_240,column,245,80.0,100.0,60.0,62.18061065673828,58.41533660888672,59.97347640991211,58.76473617553711,-19.7020263671875,-20.63089370727539,20.166460037231445,B_underfit(regression-to-mean)
sample_240,column,101,80.0,100.0,60.0,63.10483169555664,58.460086822509766,59.49781036376953,58.27815628051758,-19.217540740966797,-21.112016677856445,20.16477870941162,B_underfit(regression-to-mean)
sample_233,beam,145,33.5,37.0,30.0,56.48312377929688,49.55988693237305,57.87822341918945,50.719482421875,19.521505355834964,20.798852920532227,20.160179138183594,B_underfit(regression-to-mean)
sample_240,column,248,80.0,100.0,60.0,63.03651428222656,58.43709945678711,59.63145065307617,58.35328674316406,-19.263193130493164,-21.007631301879883,20.135412216186523,B_underfit(regression-to-mean)
sample_240,column,183,80.0,100.0,60.0,63.07169342041016,58.39827346801758,59.67405700683594,58.331809997558594,-19.26501655578613,-20.997066497802734,20.131041526794434,B_underfit(regression-to-mean)
sample_240,column,49,80.0,100.0,60.0,63.037933349609375,58.55470657348633,59.58827972412109,58.32615661621094,-19.20368003845215,-21.042781829833988,20.123230934143066,B_underfit(regression-to-mean)
sample_233,beam,142,33.5,37.0,30.0,56.41275787353516,49.49878692626953,57.85602569580078,50.69743347167969,19.455772399902347,20.776729583740234,20.11625099182129,B_underfit(regression-to-mean)
sample_240,column,171,80.0,100.0,60.0,62.749000549316406,58.5563850402832,59.76646423339844,58.48258209228516,-19.347307205200195,-20.8754768371582,20.1113920211792,B_underfit(regression-to-mean)
sample_240,column,180,80.0,100.0,60.0,62.30589294433594,58.45390701293945,60.036277770996094,58.76897811889648,-19.620100021362305,-20.597372055053714,20.108736038208008,B_underfit(regression-to-mean)
sample_240,column,156,80.0,100.0,60.0,62.9666748046875,58.47407150268555,59.733055114746094,58.44563293457031,-19.279626846313477,-20.910655975341797,20.09514141082764,B_underfit(regression-to-mean)
sample_240,column,102,80.0,100.0,60.0,63.20770263671875,58.43077850341797,59.62477493286133,58.36167907714844,-19.18075942993164,-21.006772994995117,20.09376621246338,B_underfit(regression-to-mean)
sample_240,column,0,80.0,100.0,60.0,62.91290664672852,58.57526779174805,59.79834747314453,58.38905334472656,-19.255912780761715,-20.906299591064453,20.081106185913086,B_underfit(regression-to-mean)
sample_240,column,152,80.0,100.0,60.0,62.088966369628906,58.38399505615234,60.28782653808594,58.93189239501953,-19.76351928710938,-20.390140533447266,20.07682991027832,B_underfit(regression-to-mean)
sample_240,column,236,80.0,100.0,60.0,62.79742431640625,58.642333984375,59.73807907104492,58.554935455322266,-19.280120849609375,-20.853492736816406,20.06680679321289,B_underfit(regression-to-mean)
sample_240,column,60,80.0,100.0,60.0,62.69864654541016,58.77256393432617,59.80415344238281,58.46065139770508,-19.264394760131832,-20.867597579956055,20.065996170043945,B_underfit(regression-to-mean)
sample_240,column,215,80.0,100.0,60.0,62.87284469604492,58.48976135253906,59.839805603027344,58.53685760498047,-19.318696975708008,-20.811668395996094,20.06518268585205,B_underfit(regression-to-mean)
sample_240,column,184,80.0,100.0,60.0,63.10606384277344,58.4256477355957,59.77912902832031,58.44370269775391,-19.23414421081543,-20.888584136962887,20.06136417388916,B_underfit(regression-to-mean)
sample_240,column,132,80.0,100.0,60.0,63.01496887207031,58.578880310058594,59.72388458251953,58.44976806640625,-19.203075408935547,-20.91317367553711,20.058124542236328,B_underfit(regression-to-mean)
sample_240,column,50,80.0,100.0,60.0,63.15145111083984,58.54596710205078,59.70125198364258,58.380165100097656,-19.15129089355469,-20.959291458129883,20.055291175842285,B_underfit(regression-to-mean)
sample_240,column,7,80.0,100.0,60.0,63.034210205078125,58.45712661743164,59.868412017822266,58.44007873535156,-19.254331588745117,-20.845754623413086,20.050043106079105,B_underfit(regression-to-mean)
sample_240,column,197,80.0,100.0,60.0,63.18491363525391,58.33737564086914,59.85176086425781,58.45863723754883,-19.238855361938473,-20.84480094909668,20.041828155517578,B_underfit(regression-to-mean)
sample_240,column,204,80.0,100.0,60.0,63.171653747558594,58.32769775390625,59.87053680419922,58.47144317626953,-19.250324249267578,-20.829010009765625,20.0396671295166,B_underfit(regression-to-mean)
sample_240,column,67,80.0,100.0,60.0,63.23406982421875,58.178009033203125,59.88927459716797,58.55657196044922,-19.293960571289062,-20.777076721191406,20.035518646240234,B_underfit(regression-to-mean)
sample_240,column,165,80.0,100.0,60.0,62.742218017578125,58.57572937011719,59.92787551879883,58.61585998535156,-19.341026306152344,-20.728132247924805,20.034579277038574,B_underfit(regression-to-mean)
sample_240,column,35,80.0,100.0,60.0,63.185245513916016,58.30633544921875,59.87313079833984,58.55233383178711,-19.254209518432617,-20.787267684936527,20.02073860168457,B_underfit(regression-to-mean)
sample_240,column,80,80.0,100.0,60.0,62.90559005737305,58.65386199951172,59.88840866088867,58.48412322998047,-19.220273971557617,-20.81373405456543,20.017004013061523,B_underfit(regression-to-mean)
sample_240,column,190,80.0,100.0,60.0,63.18648147583008,58.37387847900391,59.90544509887695,58.491729736328125,-19.219820022583004,-20.80141258239746,20.010616302490234,B_underfit(regression-to-mean)
sample_240,column,1,80.0,100.0,60.0,62.95575714111328,58.587013244628906,59.9248275756836,58.495365142822266,-19.228614807128906,-20.789903640747067,20.00925922393799,B_underfit(regression-to-mean)
sample_240,column,249,80.0,100.0,60.0,63.09801483154297,58.458984375,59.85659790039063,58.55392074584961,-19.221500396728516,-20.79474067687988,20.0081205368042,B_underfit(regression-to-mean)
sample_240,column,140,80.0,100.0,60.0,63.23261642456055,58.17239761352539,59.93828582763672,58.64720916748047,-19.29749298095703,-20.707252502441406,20.00237274169922,B_underfit(regression-to-mean)
sample_233,beam,312,33.5,37.0,30.0,56.80630493164063,49.92514801025391,57.17573928833008,50.10062026977539,19.865726470947273,20.138179779052734,20.001953125,B_underfit(regression-to-mean)
sample_240,column,42,80.0,100.0,60.0,63.16874694824219,58.33360290527344,59.94295501708984,58.626163482666016,-19.248825073242188,-20.715440750122074,19.98213291168213,B_underfit(regression-to-mean)
sample_240,column,8,80.0,100.0,60.0,63.05366897583008,58.48198318481445,60.00094604492188,58.55115509033203,-19.232173919677734,-20.723949432373043,19.97806167602539,B_underfit(regression-to-mean)
sample_240,column,198,80.0,100.0,60.0,63.1982536315918,58.36312103271485,59.9665412902832,58.56681060791016,-19.219312667846676,-20.733324050903317,19.976318359375,B_underfit(regression-to-mean)
sample_240,column,116,80.0,100.0,60.0,63.18725204467773,58.38312149047852,59.95721054077149,58.58540725708008,-19.214813232421875,-20.728691101074215,19.971752166748047,B_underfit(regression-to-mean)
sample_240,column,205,80.0,100.0,60.0,63.18933868408203,58.35622787475586,59.9878158569336,58.5835075378418,-19.227216720581055,-20.7143383026123,19.97077751159668,B_underfit(regression-to-mean)
sample_240,column,36,80.0,100.0,60.0,63.19086456298828,58.32694625854492,59.97425842285156,58.64275360107422,-19.2410945892334,-20.69149398803711,19.966294288635254,B_underfit(regression-to-mean)
sample_240,column,185,80.0,100.0,60.0,63.14851760864258,58.42703628540039,59.96137619018555,58.60033798217773,-19.212223052978516,-20.719142913818363,19.965682983398438,B_underfit(regression-to-mean)
sample_240,column,123,80.0,100.0,60.0,63.16888427734375,58.3686752319336,59.99675750732422,58.623348236083984,-19.231220245361325,-20.6899471282959,19.960583686828613,B_underfit(regression-to-mean)
sample_240,column,81,80.0,100.0,60.0,62.94898223876953,58.67028045654297,59.99525451660156,58.57057571411133,-19.19036865234375,-20.717084884643555,19.953726768493652,B_underfit(regression-to-mean)
sample_240,column,172,80.0,100.0,60.0,62.8502197265625,58.58012390136719,60.04128646850586,58.71700668334961,-19.284828186035156,-20.620853424072266,19.95284080505371,B_underfit(regression-to-mean)
sample_240,column,216,80.0,100.0,60.0,62.90315246582031,58.50566482543945,60.06722640991211,58.71333694458008,-19.295591354370117,-20.609718322753906,19.95265483856201,B_underfit(regression-to-mean)
sample_240,column,109,80.0,100.0,60.0,63.19280242919922,58.4243392944336,59.97275924682617,58.604339599609375,-19.19142913818359,-20.711450576782227,19.95143985748291,B_underfit(regression-to-mean)
sample_240,column,103,80.0,100.0,60.0,63.21163558959961,58.43769073486328,59.9522819519043,58.59479904174805,-19.175336837768555,-20.726459503173828,19.95089817047119,B_underfit(regression-to-mean)
sample_240,column,191,80.0,100.0,60.0,63.20508575439453,58.39059448242188,60.0156135559082,58.59554672241211,-19.202159881591793,-20.694419860839844,19.94828987121582,B_underfit(regression-to-mean)
sample_233,beam,171,33.5,37.0,30.0,56.64864730834961,49.74195861816406,57.24385070800781,50.15715026855469,19.695302963256836,20.20050048828125,19.947901725769043,B_underfit(regression-to-mean)
sample_240,column,157,80.0,100.0,60.0,63.045555114746094,58.48323059082031,60.02013397216797,58.67518997192383,-19.235607147216797,-20.6523380279541,19.94397258758545,B_underfit(regression-to-mean)
sample_240,column,237,80.0,100.0,60.0,62.85664749145508,58.65953826904297,59.972904205322266,58.76433181762695,-19.241907119750977,-20.63138198852539,19.936644554138184,B_underfit(regression-to-mean)
sample_240,column,133,80.0,100.0,60.0,63.04075622558594,58.56695556640625,60.00703048706055,58.65203094482422,-19.196144104003906,-20.670469284057617,19.93330669403076,B_underfit(regression-to-mean)
sample_240,column,43,80.0,100.0,60.0,63.17707061767578,58.35527038574219,60.03206634521485,58.70361328125,-19.233829498291016,-20.632160186767575,19.932994842529297,B_underfit(regression-to-mean)
sample_240,column,94,80.0,100.0,60.0,63.06636428833008,58.55134582519531,60.022796630859375,58.62957382202149,-19.191144943237305,-20.673814773559567,19.932479858398438,B_underfit(regression-to-mean)
sample_240,column,28,80.0,100.0,60.0,63.2169189453125,58.30908203125,60.067779541015625,58.69316101074219,-19.23699951171875,-20.619529724121094,19.928264617919922,B_underfit(regression-to-mean)
sample_240,column,87,80.0,100.0,60.0,63.20940399169922,58.35171508789063,60.07856369018555,58.64875793457031,-19.219440460205075,-20.63633918762207,19.927889823913574,B_underfit(regression-to-mean)
sample_240,column,153,80.0,100.0,60.0,62.35020446777344,58.51189804077149,60.41869354248047,59.04310989379883,-19.568948745727536,-20.26909828186035,19.919023513793945,B_underfit(regression-to-mean)
sample_240,column,51,80.0,100.0,60.0,63.15926361083984,58.54521179199219,60.026363372802734,58.63131332397461,-19.147762298583988,-20.671161651611328,19.909461975097656,B_underfit(regression-to-mean)
sample_240,column,117,80.0,100.0,60.0,63.200469970703125,58.40155029296875,60.06870269775391,58.6927604675293,-19.198989868164062,-20.619268417358395,19.90912914276123,B_underfit(regression-to-mean)
sample_151,column,56,65.0,70.0,60.0,46.49976348876953,47.32406997680664,43.20236206054688,43.34832000732422,-18.088083267211914,-21.72465896606445,19.906371116638184,B_underfit(regression-to-mean)
sample_240,column,181,80.0,100.0,60.0,62.4691162109375,58.52904891967773,60.34118270874024,59.03755569458008,-19.500917434692386,-20.31063079833984,19.905774116516113,B_underfit(regression-to-mean)
sample_240,column,217,80.0,100.0,60.0,62.9306869506836,58.52446746826172,60.148563385009766,58.78070831298828,-19.27242279052734,-20.535364151000977,19.90389347076416,B_underfit(regression-to-mean)
sample_240,column,21,80.0,100.0,60.0,63.22321319580078,58.3216552734375,60.149295806884766,58.70358276367188,-19.22756576538086,-20.573560714721676,19.90056324005127,B_underfit(regression-to-mean)
sample_240,column,124,80.0,100.0,60.0,63.187774658203125,58.39460754394531,60.10604095458984,58.73188781738281,-19.20880889892578,-20.581035614013675,19.894922256469727,B_underfit(regression-to-mean)
sample_240,column,110,80.0,100.0,60.0,63.201622009277344,58.44892501831055,60.08016586303711,58.70474243164063,-19.174726486206055,-20.60754585266113,19.891136169433594,B_underfit(regression-to-mean)
sample_240,column,73,80.0,100.0,60.0,63.19298553466797,58.41692352294922,60.142425537109375,58.69327545166016,-19.195045471191406,-20.58214950561523,19.88859748840332,B_underfit(regression-to-mean)
sample_240,column,68,80.0,100.0,60.0,63.23150634765625,58.19556427001953,60.22530364990234,58.81010055541992,-19.28646469116211,-20.48229789733887,19.88438129425049,B_underfit(regression-to-mean)
sample_240,column,95,80.0,100.0,60.0,63.08219146728516,58.54838943481445,60.11893081665039,58.71434020996094,-19.18470954895019,-20.583364486694336,19.884037017822266,B_underfit(regression-to-mean)
sample_240,column,238,80.0,100.0,60.0,62.88325119018555,58.67096328735352,60.06219100952149,58.84946441650391,-19.222892761230465,-20.544172286987298,19.883532524108887,B_underfit(regression-to-mean)
sample_240,column,88,80.0,100.0,60.0,63.21401596069336,58.359336853027344,60.16948699951172,58.72760009765625,-19.21332359313965,-20.551456451416016,19.882390022277832,B_underfit(regression-to-mean)
sample_240,column,29,80.0,100.0,60.0,63.21824264526367,58.32596206665039,60.15383529663086,58.773807525634766,-19.22789764404297,-20.536178588867188,19.882038116455078,B_underfit(regression-to-mean)
sample_240,column,250,80.0,100.0,60.0,63.11603546142578,58.47434616088867,60.11273956298828,58.77669906616211,-19.204809188842773,-20.555280685424805,19.88004493713379,B_underfit(regression-to-mean)
sample_111,column,16,40.0,40.0,40.0,62.15773010253906,58.320098876953125,60.06106948852539,58.96608352661133,20.238914489746094,19.51357650756836,19.876245498657227,B_underfit(regression-to-mean)
sample_240,column,166,80.0,100.0,60.0,62.81130599975586,58.60535430908203,60.214454650878906,58.864376068115234,-19.291669845581055,-20.46058464050293,19.876127243041992,B_underfit(regression-to-mean)
sample_240,column,14,80.0,100.0,60.0,63.191192626953125,58.40281295776367,60.20980072021485,58.71767425537109,-19.2029972076416,-20.53626251220703,19.869629859924316,B_underfit(regression-to-mean)
sample_240,column,199,80.0,100.0,60.0,63.21931076049805,58.37418365478516,60.17795181274414,58.75469970703125,-19.203252792358395,-20.533674240112305,19.86846351623535,B_underfit(regression-to-mean)
sample_240,column,206,80.0,100.0,60.0,63.20859146118164,58.36573791503906,60.19132995605469,58.773887634277344,-19.21283531188965,-20.517391204833984,19.865113258361816,B_underfit(regression-to-mean)
sample_240,column,82,80.0,100.0,60.0,62.94719696044922,58.64872741699219,60.213165283203125,58.73455047607422,-19.202037811279297,-20.526142120361328,19.864089965820312,B_underfit(regression-to-mean)
sample_251,beam,107,55.0,60.0,50.0,36.54170608520508,29.753494262695312,41.6361198425293,32.62602996826172,-21.852399826049805,-17.868925094604492,19.86066246032715,B_underfit(regression-to-mean)
sample_240,column,61,80.0,100.0,60.0,62.76559829711914,58.80367660522461,60.21896743774414,58.777488708496094,-19.215362548828125,-20.501771926879883,19.858567237854004,B_underfit(regression-to-mean)
sample_240,column,2,80.0,100.0,60.0,62.97107696533203,58.56863784790039,60.26346206665039,58.76557159423828,-19.23014259338379,-20.485483169555664,19.857812881469727,B_underfit(regression-to-mean)
sample_240,column,141,80.0,100.0,60.0,63.235687255859375,58.18677520751953,60.25154495239258,58.90599060058594,-19.288768768310547,-20.421232223510742,19.855000495910645,B_underfit(regression-to-mean)
sample_240,column,22,80.0,100.0,60.0,63.22690582275391,58.32926177978516,60.235137939453125,58.79048156738281,-19.22191619873046,-20.48719024658203,19.85455322265625,B_underfit(regression-to-mean)
sample_240,column,37,80.0,100.0,60.0,63.19656753540039,58.32829284667969,60.22665023803711,58.84735107421875,-19.23756980895996,-20.46299934387207,19.850284576416016,B_underfit(regression-to-mean)
sample_240,column,192,80.0,100.0,60.0,63.22077178955078,58.39947128295898,60.2243766784668,58.77714538574219,-19.18987846374512,-20.499238967895508,19.844558715820312,B_underfit(regression-to-mean)
sample_240,column,74,80.0,100.0,60.0,63.19848251342773,58.425331115722656,60.23504257202149,58.785587310791016,-19.18809318542481,-20.489685058593746,19.838889122009277,B_underfit(regression-to-mean)
sample_240,column,186,80.0,100.0,60.0,63.18413543701172,58.435977935791016,60.23473739624024,58.82609558105469,-19.189943313598633,-20.469583511352536,19.829763412475586,B_underfit(regression-to-mean)
sample_111,column,21,40.0,40.0,40.0,62.0021858215332,58.28098678588867,60.04536437988281,58.96246719360352,20.141586303710938,19.503915786743168,19.82275104522705,B_underfit(regression-to-mean)
sample_240,column,9,80.0,100.0,60.0,63.04724884033203,58.47533798217773,60.3491096496582,58.84056091308594,-19.23870658874512,-20.40516471862793,19.821935653686523,B_underfit(regression-to-mean)
sample_240,column,104,80.0,100.0,60.0,63.21195983886719,58.434906005859375,60.24994659423828,58.82209014892578,-19.17656707763672,-20.46398162841797,19.820274353027344,B_underfit(regression-to-mean)
sample_240,column,118,80.0,100.0,60.0,63.21276092529297,58.399715423583984,60.2607536315918,58.85427474975586,-19.193761825561523,-20.442485809326172,19.818123817443848,B_underfit(regression-to-mean)
sample_240,column,15,80.0,100.0,60.0,63.18398284912109,58.41907501220703,60.31016159057617,58.818458557128906,-19.19847106933594,-20.43568992614746,19.8170804977417,B_underfit(regression-to-mean)
sample_240,column,44,80.0,100.0,60.0,63.18316650390625,58.354042053222656,60.29450607299805,58.91033172607422,-19.231395721435547,-20.397581100463867,19.814488410949707,B_underfit(regression-to-mean)
sample_240,column,182,80.0,100.0,60.0,62.59445190429688,58.580711364746094,60.464111328125,59.13806915283203,-19.412418365478512,-20.198909759521484,19.8056640625,B_underfit(regression-to-mean)
sample_240,column,158,80.0,100.0,60.0,63.068450927734375,58.505367279052734,60.30739212036133,58.91416549682617,-19.213090896606445,-20.38922119140625,19.801156044006348,B_underfit(regression-to-mean)
sample_240,column,96,80.0,100.0,60.0,63.09883499145508,58.52586364746094,60.30932235717773,58.86467361450195,-19.187650680541992,-20.41300201416016,19.800326347351074,B_underfit(regression-to-mean)
sample_233,beam,226,33.5,37.0,30.0,56.58534622192383,49.69910430908203,56.98171615600586,49.92172622680664,19.64222526550293,19.95172119140625,19.79697322845459,B_underfit(regression-to-mean)
sample_240,column,111,80.0,100.0,60.0,63.2091064453125,58.44535446166992,60.28690719604492,58.87913513183594,-19.17276954650879,-20.41697883605957,19.79487419128418,B_underfit(regression-to-mean)
sample_240,column,125,80.0,100.0,60.0,63.20590972900391,58.39717864990234,60.32840347290039,58.92056655883789,-19.198455810546875,-20.37551498413086,19.786985397338867,B_underfit(regression-to-mean)
sample_240,column,89,80.0,100.0,60.0,63.2144889831543,58.35239028930664,60.38819122314453,58.90445709228516,-19.21656036376953,-20.353675842285153,19.785118103027344,B_underfit(regression-to-mean)
sample_240,column,52,80.0,100.0,60.0,63.15504837036133,58.53459930419922,60.3235969543457,58.85683822631836,-19.155176162719727,-20.40978240966797,19.782479286193848,B_underfit(regression-to-mean)
sample_240,column,173,80.0,100.0,60.0,62.88731384277344,58.59799957275391,60.37500381469727,59.0259017944336,-19.257343292236325,-20.299547195434563,19.77844524383545,B_underfit(regression-to-mean)
sample_240,column,134,80.0,100.0,60.0,63.08528900146485,58.56588363647461,60.32851409912109,58.91526412963867,-19.17441368103027,-20.37811088562012,19.7762622833252,B_underfit(regression-to-mean)
sample_111,beam,0,27.5,30.0,25.0,50.00234222412109,43.25377655029297,51.11874008178711,44.70404815673828,19.128059387207028,20.411394119262695,19.769726753234863,B_underfit(regression-to-mean)
sample_240,column,251,80.0,100.0,60.0,63.12672805786133,58.47819900512695,60.340110778808594,58.978294372558594,-19.19753646850586,-20.340797424316406,19.769166946411133,B_underfit(regression-to-mean)
sample_240,column,30,80.0,100.0,60.0,63.21957015991211,58.32583236694336,60.43317031860352,59.001556396484375,-19.227298736572266,-20.28263664245605,19.75496768951416,B_underfit(regression-to-mean)
sample_240,column,23,80.0,100.0,60.0,63.21332550048828,58.338172912597656,60.51826477050781,59.0184326171875,-19.22425079345703,-20.231651306152344,19.727951049804688,B_underfit(regression-to-mean)
sample_151,beam,128,60.0,70.0,50.0,40.18619918823242,32.36106872558594,48.05009460449219,40.50053405761719,-23.72636604309082,-15.724685668945312,19.725525856018066,B_underfit(regression-to-mean)
sample_240,column,75,80.0,100.0,60.0,63.19244003295898,58.42267227172852,60.49453353881836,58.99913787841797,-19.19244384765625,-20.253164291381836,19.722804069519043,B_underfit(regression-to-mean)
sample_240,column,252,80.0,100.0,60.0,63.13006210327149,58.49664688110352,60.43862533569336,59.053184509277344,-19.186645507812493,-20.25409507751465,19.720370292663574,B_underfit(regression-to-mean)
sample_240,column,200,80.0,100.0,60.0,63.232269287109375,58.38468170166016,60.52302169799805,59.03270721435547,-19.19152450561523,-20.222135543823242,19.70683002471924,B_underfit(regression-to-mean)
sample_240,column,207,80.0,100.0,60.0,63.22400665283203,58.3760986328125,60.539527893066406,59.05205535888672,-19.199947357177734,-20.204208374023438,19.702077865600586,B_underfit(regression-to-mean)
sample_240,column,167,80.0,100.0,60.0,62.87380599975586,58.62114334106445,60.547245025634766,59.16752243041992,-19.252525329589844,-20.142616271972656,19.69757080078125,B_underfit(regression-to-mean)
sample_240,column,16,80.0,100.0,60.0,63.164039611816406,58.42203140258789,60.58285140991211,59.04412841796875,-19.20696449279785,-20.18651008605957,19.69673728942871,B_underfit(regression-to-mean)
sample_240,column,69,80.0,100.0,60.0,63.22775268554688,58.223243713378906,60.63835144042969,59.13042449951172,-19.274501800537106,-20.115612030029297,19.695056915283203,B_underfit(regression-to-mean)
sample_240,column,83,80.0,100.0,60.0,62.9673080444336,58.64525985717773,60.59685897827149,59.06470489501953,-19.193716049194336,-20.16921806335449,19.681467056274414,B_underfit(regression-to-mean)
sample_240,column,193,80.0,100.0,60.0,63.22827911376953,58.41031646728516,60.57513427734375,59.06288909912109,-19.180702209472653,-20.18098831176758,19.680845260620117,B_underfit(regression-to-mean)
sample_240,column,142,80.0,100.0,60.0,63.24712371826172,58.204925537109375,60.62692642211914,59.20585632324219,-19.273975372314453,-20.083608627319336,19.678791999816895,B_underfit(regression-to-mean)
sample_240,column,187,80.0,100.0,60.0,63.182525634765625,58.459320068359375,60.560508728027344,59.090599060058594,-19.1790771484375,-20.17444610595703,19.676761627197266,B_underfit(regression-to-mean)
sample_240,column,38,80.0,100.0,60.0,63.188812255859375,58.34506607055664,60.63251495361328,59.15731430053711,-19.233060836791992,-20.105085372924805,19.6690731048584,B_underfit(regression-to-mean)
sample_203,beam,16,35.0,30.0,40.0,57.244388580322266,50.39604949951172,59.1552963256836,51.87309646606445,18.820219039916992,20.514196395874027,19.667207717895508,B_underfit(regression-to-mean)
sample_240,column,105,80.0,100.0,60.0,63.2127685546875,58.43257522583008,60.61042022705078,59.10387420654297,-19.17732810974121,-20.142852783203125,19.660090446472168,B_underfit(regression-to-mean)
sample_240,column,3,80.0,100.0,60.0,62.985130310058594,58.56123733520508,60.70711898803711,59.14271545410156,-19.226816177368164,-20.075082778930664,19.650949478149414,B_underfit(regression-to-mean)
sample_240,column,159,80.0,100.0,60.0,63.09208297729492,58.51073455810547,60.62397003173828,59.17194366455078,-19.198591232299805,-20.10204315185547,19.650317192077637,B_underfit(regression-to-mean)
sample_240,column,45,80.0,100.0,60.0,63.18351364135742,58.36285781860352,60.668739318847656,59.18983459472656,-19.226814270019528,-20.07071304321289,19.64876365661621,B_underfit(regression-to-mean)
sample_240,column,119,80.0,100.0,60.0,63.2228889465332,58.40605163574219,60.6451416015625,59.15315246582031,-19.185529708862305,-20.100852966308594,19.64319133758545,B_underfit(regression-to-mean)
sample_240,column,168,80.0,100.0,60.0,62.9118766784668,58.64072036743164,60.67473220825195,59.27839279174805,-19.22370147705078,-20.0234375,19.62356948852539,B_underfit(regression-to-mean)
sample_240,column,10,80.0,100.0,60.0,63.05208587646485,58.47523498535156,60.777286529541016,59.20294570922852,-19.236339569091793,-20.00988388061523,19.623111724853516,B_underfit(regression-to-mean)
sample_240,column,112,80.0,100.0,60.0,63.21841049194336,58.44593048095703,60.67021179199219,59.17380142211914,-19.167829513549805,-20.077993392944336,19.62291145324707,B_underfit(regression-to-mean)
sample_240,column,126,80.0,100.0,60.0,63.21486282348633,58.40154266357422,60.69426345825195,59.1994514465332,-19.191797256469727,-20.053142547607422,19.622469902038574,B_underfit(regression-to-mean)
sample_240,column,97,80.0,100.0,60.0,63.13469314575195,58.51604461669922,60.68388748168945,59.17797088623047,-19.174631118774414,-20.06907081604004,19.621850967407227,B_underfit(regression-to-mean)
sample_240,column,90,80.0,100.0,60.0,63.21520233154297,58.35455322265625,60.760009765625,59.21688079833984,-19.21512222290039,-20.01155471801758,19.613338470458984,B_underfit(regression-to-mean)
sample_240,column,62,80.0,100.0,60.0,62.88038635253906,58.826419830322266,60.69269943237305,59.14788436889648,-19.146596908569336,-20.079708099365238,19.613152503967285,B_underfit(regression-to-mean)
sample_240,column,53,80.0,100.0,60.0,63.141597747802734,58.536598205566406,60.72613525390625,59.17402648925781,-19.16090202331543,-20.04991912841797,19.6054105758667,B_underfit(regression-to-mean)
sample_240,column,174,80.0,100.0,60.0,62.92692184448242,58.60987091064453,60.7368278503418,59.340576171875,-19.231603622436523,-19.9612979888916,19.596450805664062,B_underfit(regression-to-mean)
sample_240,column,135,80.0,100.0,60.0,63.10355758666992,58.57447052001953,60.71410369873047,59.23349380493164,-19.160985946655273,-20.026201248168945,19.59359359741211,B_underfit(regression-to-mean)
sample_240,column,160,80.0,100.0,60.0,63.09819030761719,58.5310173034668,60.74071502685547,59.26944351196289,-19.185396194458008,-19.99492073059082,19.590158462524414,B_underfit(regression-to-mean)
sample_240,column,31,80.0,100.0,60.0,63.21104431152344,58.33936309814453,60.84193420410156,59.31377410888672,-19.224796295166016,-19.92214584350586,19.573471069335938,B_underfit(regression-to-mean)
sample_240,column,208,80.0,100.0,60.0,63.22421646118164,58.40238952636719,60.82749938964844,59.28236770629883,-19.186697006225586,-19.945066452026367,19.565881729125977,B_underfit(regression-to-mean)
sample_240,column,201,80.0,100.0,60.0,63.23139953613281,58.40896224975586,60.83278274536133,59.280235290527344,-19.179819107055664,-19.943490982055664,19.561655044555664,B_underfit(regression-to-mean)
sample_233,beam,99,33.5,37.0,30.0,55.70365905761719,48.77900314331055,57.43627166748047,50.32255935668945,18.741331100463867,20.37941551208496,19.560373306274414,B_underfit(regression-to-mean)
sample_240,column,188,80.0,100.0,60.0,63.17560958862305,58.466087341308594,60.8379135131836,59.29582214355469,-19.17915153503418,-19.933132171630856,19.55614185333252,B_underfit(regression-to-mean)
sample_240,column,24,80.0,100.0,60.0,63.19320297241211,58.35786056518555,60.92719268798828,59.314208984375,-19.224468231201172,-19.87929916381836,19.551883697509766,B_underfit(regression-to-mean)
sample_240,column,76,80.0,100.0,60.0,63.18603515625,58.42733001708984,60.87257385253906,59.31144714355469,-19.19331741333008,-19.907989501953125,19.5506534576416,B_underfit(regression-to-mean)
sample_240,column,194,80.0,100.0,60.0,63.22932815551758,58.427284240722656,60.88613128662109,59.31406784057617,-19.171693801879883,-19.89990043640137,19.535797119140625,B_underfit(regression-to-mean)
sample_240,column,175,80.0,100.0,60.0,62.95671844482422,58.621864318847656,60.855255126953125,59.44621658325195,-19.210708618164062,-19.84926414489746,19.52998638153076,B_underfit(regression-to-mean)
sample_240,column,17,80.0,100.0,60.0,63.15625,58.42240524291992,60.97160339355469,59.33220672607422,-19.21067237854004,-19.848094940185547,19.529383659362793,B_underfit(regression-to-mean)
sample_240,column,189,80.0,100.0,60.0,63.157676696777344,58.47639846801758,60.932594299316406,59.361328125,-19.18296241760254,-19.853038787841797,19.518000602722168,B_underfit(regression-to-mean)
sample_240,column,70,80.0,100.0,60.0,63.22266387939453,58.247554779052734,61.06012344360352,59.440162658691406,-19.264890670776367,-19.749856948852536,19.507373809814453,B_underfit(regression-to-mean)
sample_233,beam,102,33.5,37.0,30.0,55.51991653442383,48.62242889404297,57.50187301635742,50.38426208496094,18.5711727142334,20.44306755065918,19.50712013244629,B_underfit(regression-to-mean)
sample_240,column,143,80.0,100.0,60.0,63.24751281738281,58.24016952514648,61.00127029418945,59.51171112060547,-19.256158828735355,-19.74350929260254,19.499834060668945,B_underfit(regression-to-mean)
sample_240,column,120,80.0,100.0,60.0,63.21407699584961,58.436256408691406,60.96685028076172,59.40444946289063,-19.174833297729492,-19.814350128173825,19.49459171295166,B_underfit(regression-to-mean)
sample_240,column,106,80.0,100.0,60.0,63.21495056152344,58.446659088134766,60.969947814941406,59.39188766479492,-19.1691951751709,-19.819082260131836,19.494138717651367,B_underfit(regression-to-mean)
sample_240,column,39,80.0,100.0,60.0,63.1865463256836,58.35143280029297,61.05800247192383,59.43156814575195,-19.231010437011715,-19.75521469116211,19.493112564086914,B_underfit(regression-to-mean)
sample_240,column,46,80.0,100.0,60.0,63.17900848388672,58.37619018554688,61.06837844848633,59.43606948852539,-19.2224006652832,-19.74777603149414,19.485088348388672,B_underfit(regression-to-mean)
sample_240,column,84,80.0,100.0,60.0,62.98497009277344,58.65578079223633,61.01809310913086,59.40977478027344,-19.179624557495117,-19.78606605529785,19.482845306396484,B_underfit(regression-to-mean)
sample_240,column,127,80.0,100.0,60.0,63.20945358276367,58.43105697631836,61.01702117919922,59.427730560302734,-19.179744720458984,-19.777624130249023,19.478684425354004,B_underfit(regression-to-mean)
sample_240,column,113,80.0,100.0,60.0,63.21064758300781,58.46924591064453,61.001163482666016,59.435733795166016,-19.160053253173828,-19.781551361083984,19.470802307128906,B_underfit(regression-to-mean)
sample_240,column,209,80.0,100.0,60.0,63.225318908691406,58.40766906738281,61.09781265258789,59.45991516113281,-19.18350601196289,-19.72113609313965,19.45232105255127,B_underfit(regression-to-mean)
sample_240,column,4,80.0,100.0,60.0,63.00815582275391,58.57415008544922,61.13931274414063,59.49463653564453,-19.208847045898434,-19.68302536010742,19.445936203002933,B_underfit(regression-to-mean)
sample_240,column,202,80.0,100.0,60.0,63.23028564453125,58.4116325378418,61.110477447509766,59.469757080078125,-19.179040908813477,-19.709882736206055,19.444461822509766,B_underfit(regression-to-mean)
sample_240,column,98,80.0,100.0,60.0,63.141357421875,58.530738830566406,61.07260513305664,59.50102233886719,-19.163951873779297,-19.713186264038086,19.43856906890869,B_underfit(regression-to-mean)
sample_240,column,136,80.0,100.0,60.0,63.11837387084961,58.577239990234375,61.04558944702149,59.52146911621094,-19.152193069458008,-19.716470718383786,19.4343318939209,B_underfit(regression-to-mean)
sample_240,column,63,80.0,100.0,60.0,62.91655731201172,58.81645584106445,61.10132598876953,59.45133209228516,-19.133493423461914,-19.723670959472653,19.428582191467285,B_underfit(regression-to-mean)
sample_240,column,91,80.0,100.0,60.0,63.21846771240234,58.3701286315918,61.16826248168945,59.53604507446289,-19.205701828002933,-19.647846221923828,19.42677402496338,B_underfit(regression-to-mean)
sample_240,column,11,80.0,100.0,60.0,63.06934356689453,58.48973846435547,61.1960334777832,59.54110336303711,-19.220458984375,-19.631431579589844,19.425945281982422,B_underfit(regression-to-mean)
sample_240,column,54,80.0,100.0,60.0,63.15053176879883,58.538875579833984,61.14673614501953,59.47065353393555,-19.155296325683594,-19.69130516052246,19.423300743103027,B_underfit(regression-to-mean)
sample_240,column,210,80.0,100.0,60.0,63.20893859863281,58.41630554199219,61.19259643554688,59.51557540893555,-19.1873779296875,-19.645914077758786,19.416646003723145,B_underfit(regression-to-mean)
sample_240,column,195,80.0,100.0,60.0,63.229530334472656,58.43238830566406,61.18184661865234,59.52132034301758,-19.16904067993164,-19.648416519165043,19.40872859954834,B_underfit(regression-to-mean)
sample_240,column,203,80.0,100.0,60.0,63.20985794067383,58.42755508422852,61.21364974975586,59.532257080078125,-19.181293487548825,-19.627046585083008,19.404170036315918,B_underfit(regression-to-mean)
sample_240,column,32,80.0,100.0,60.0,63.20579147338867,58.35032653808594,61.272499084472656,59.60453414916992,-19.221940994262695,-19.56148338317871,19.391712188720703,B_underfit(regression-to-mean)
sample_233,beam,56,33.5,37.0,30.0,56.390113830566406,49.459110260009766,56.335540771484375,49.347930908203125,19.424612045288086,19.34173583984375,19.383173942565918,B_underfit(regression-to-mean)
sample_240,column,25,80.0,100.0,60.0,63.19116973876953,58.36631774902344,61.334083557128906,59.59576416015625,-19.221256256103516,-19.535076141357422,19.378166198730472,B_underfit(regression-to-mean)
sample_240,column,137,80.0,100.0,60.0,63.12546157836914,58.594146728515625,61.162139892578125,59.62241363525391,-19.140195846557617,-19.60772323608398,19.3739595413208,B_underfit(regression-to-mean)
sample_240,column,121,80.0,100.0,60.0,63.20530319213867,58.447021484375,61.26495742797852,59.60462188720703,-19.173837661743164,-19.565210342407223,19.369524002075195,B_underfit(regression-to-mean)
sample_240,column,196,80.0,100.0,60.0,63.21247100830078,58.448333740234375,61.27728271484375,59.58755493164063,-19.169597625732422,-19.56758117675781,19.368589401245117,B_underfit(regression-to-mean)
sample_240,column,128,80.0,100.0,60.0,63.204200744628906,58.44303131103516,61.29110336303711,59.60368347167969,-19.176383972167965,-19.5526065826416,19.364495277404785,B_underfit(regression-to-mean)
sample_240,column,77,80.0,100.0,60.0,63.19077682495117,58.44055938720703,61.29791259765625,59.62012481689453,-19.1843318939209,-19.54098129272461,19.362656593322754,B_underfit(regression-to-mean)
sample_240,column,18,80.0,100.0,60.0,63.16141128540039,58.43189239501953,61.35934829711914,59.61003112792969,-19.20334815979004,-19.515310287475586,19.359329223632812,B_underfit(regression-to-mean)
sample_240,column,64,80.0,100.0,60.0,62.92652893066406,58.8085823059082,61.27378845214844,59.5620231628418,-19.132444381713867,-19.582094192504883,19.357269287109375,B_underfit(regression-to-mean)
sample_240,column,144,80.0,100.0,60.0,63.24405670166016,58.254520416259766,61.31266021728516,59.77080154418945,-19.250711441040036,-19.45826911926269,19.354490280151367,B_underfit(regression-to-mean)
sample_240,column,47,80.0,100.0,60.0,63.17314147949219,58.38128662109375,61.40493774414063,59.63228225708008,-19.22278594970703,-19.481389999389645,19.35208797454834,B_underfit(regression-to-mean)
sample_240,column,40,80.0,100.0,60.0,63.17638397216797,58.35693740844727,61.421836853027344,59.64981460571289,-19.23333930969238,-19.464174270629883,19.348756790161133,B_underfit(regression-to-mean)
sample_240,column,71,80.0,100.0,60.0,63.21586990356445,58.25849533081055,61.444366455078125,59.70654296875,-19.2628173828125,-19.424545288085938,19.34368133544922,B_underfit(regression-to-mean)
sample_240,column,107,80.0,100.0,60.0,63.21611404418945,58.44768524169922,61.32649612426758,59.65374374389648,-19.168100357055664,-19.509880065917972,19.338990211486816,B_underfit(regression-to-mean)
sample_243,beam,155,50.0,50.0,50.0,36.68740463256836,29.17259979248047,31.38211250305176,25.4189510345459,-17.069997787475586,-21.599468231201172,19.33473300933838,B_underfit(regression-to-mean)
sample_240,column,114,80.0,100.0,60.0,63.20742034912109,58.476749420166016,61.32783508300781,59.6685791015625,-19.15791511535645,-19.501792907714844,19.329854011535645,B_underfit(regression-to-mean)
sample_240,column,129,80.0,100.0,60.0,63.18423080444336,58.45148086547852,61.38751983642578,59.66140365600586,-19.18214416503906,-19.47553825378418,19.32884120941162,B_underfit(regression-to-mean)
sample_240,column,122,80.0,100.0,60.0,63.1858024597168,58.45977020263672,61.37099838256836,59.66917419433594,-19.177213668823242,-19.47991371154785,19.328563690185547,B_underfit(regression-to-mean)
sample_243,beam,10,50.0,50.0,50.0,37.0545539855957,29.37826538085937,31.031021118164062,25.239654541015625,-16.78359031677246,-21.864662170410156,19.32412624359131,B_underfit(regression-to-mean)
sample_240,column,85,80.0,100.0,60.0,62.99547958374024,58.653564453125,61.38639450073242,59.68893814086914,-19.17547798156738,-19.46233367919922,19.3189058303833,B_underfit(regression-to-mean)
sample_243,beam,50,50.0,50.0,50.0,36.75005722045898,29.23501968383789,31.31587219238281,25.42957878112793,-17.007461547851566,-21.62727451324463,19.317367553710938,B_underfit(regression-to-mean)
sample_243,beam,152,50.0,50.0,50.0,36.99477005004883,29.294919967651367,31.189607620239254,25.29798698425293,-16.855154991149902,-21.756202697753906,19.305679321289062,B_underfit(regression-to-mean)
sample_240,column,48,80.0,100.0,60.0,63.16747283935547,58.39723205566406,61.52954864501953,59.69263458251953,-19.217647552490234,-19.38890838623047,19.30327796936035,B_underfit(regression-to-mean)
sample_240,column,145,80.0,100.0,60.0,63.236141204833984,58.27101516723633,61.44842529296875,59.85986709594727,-19.246421813964844,-19.34585380554199,19.296137809753418,B_underfit(regression-to-mean)
sample_240,column,41,80.0,100.0,60.0,63.15756988525391,58.38873672485352,61.56386566162109,59.71600341796875,-19.226846694946282,-19.36006546020508,19.293456077575684,B_underfit(regression-to-mean)
sample_240,column,72,80.0,100.0,60.0,63.202396392822266,58.28702545166016,61.5755729675293,59.7886962890625,-19.255289077758786,-19.3178653717041,19.286577224731445,B_underfit(regression-to-mean)
sample_240,column,5,80.0,100.0,60.0,63.017826080322266,58.57108688354492,61.50293731689453,59.76487731933594,-19.205543518066406,-19.366092681884766,19.285818099975586,B_underfit(regression-to-mean)
sample_240,column,115,80.0,100.0,60.0,63.19325256347656,58.4852180480957,61.44425201416016,59.744239807128906,-19.160764694213867,-19.405754089355465,19.283259391784668,B_underfit(regression-to-mean)
sample_240,column,99,80.0,100.0,60.0,63.151947021484375,58.53536987304688,61.42142868041992,59.77069091796875,-19.15634155273437,-19.403940200805664,19.28014087677002,B_underfit(regression-to-mean)
sample_240,column,108,80.0,100.0,60.0,63.204856872558594,58.46546173095703,61.46294784545898,59.74720001220703,-19.164840698242188,-19.394926071166996,19.27988338470459,B_underfit(regression-to-mean)
sample_240,column,12,80.0,100.0,60.0,63.068695068359375,58.49461364746094,61.5410385131836,59.80488586425781,-19.218345642089844,-19.327037811279293,19.27269172668457,B_underfit(regression-to-mean)
sample_240,column,92,80.0,100.0,60.0,63.21739196777344,58.3759880065918,61.519657135009766,59.79823303222656,-19.203310012817383,-19.341054916381836,19.27218246459961,B_underfit(regression-to-mean)
sample_240,column,55,80.0,100.0,60.0,63.149662017822266,58.537147521972656,61.51710891723633,59.725196838378906,-19.15659523010254,-19.378847122192383,19.26772117614746,B_underfit(regression-to-mean)
sample_240,column,86,80.0,100.0,60.0,62.99588394165039,58.65505599975586,61.52584838867188,59.78261184692383,-19.174530029296875,-19.345769882202145,19.26014995574951,B_underfit(regression-to-mean)
sample_151,beam,129,60.0,70.0,50.0,40.23704147338867,32.23603820800781,48.952545166015625,41.55923843383789,-23.763460159301758,-14.744108200073242,19.2537841796875,B_underfit(regression-to-mean)
sample_240,column,33,80.0,100.0,60.0,63.19577026367188,58.3573112487793,61.626014709472656,59.82696533203125,-19.22345924377441,-19.273509979248047,19.24848461151123,B_underfit(regression-to-mean)
sample_243,beam,158,50.0,50.0,50.0,36.48946380615234,29.168292999267575,31.75929450988769,25.635108947753903,-17.171121597290046,-21.302798271179203,19.236960411071777,B_underfit(regression-to-mean)
sample_240,column,26,80.0,100.0,60.0,63.1862907409668,58.372188568115234,61.675140380859375,59.82417678833008,-19.220760345458984,-19.250341415405273,19.23555088043213,B_underfit(regression-to-mean)
sample_243,beam,7,50.0,50.0,50.0,37.371726989746094,29.57988166809082,30.93690490722656,25.17682838439941,-16.524195671081543,-21.943133354187015,19.233665466308594,B_underfit(regression-to-mean)
sample_203,beam,15,35.0,30.0,40.0,56.829959869384766,50.00535202026367,58.66338348388672,51.43521881103516,18.41765594482422,20.04930114746094,19.233478546142578,B_underfit(regression-to-mean)
sample_243,beam,53,50.0,50.0,50.0,36.58143615722656,29.208553314208984,31.663494110107425,25.627405166625977,-17.105005264282227,-21.3545503616333,19.229777336120605,B_underfit(regression-to-mean)
sample_240,column,6,80.0,100.0,60.0,63.0133056640625,58.57819747924805,61.64210510253906,59.8520736694336,-19.204248428344727,-19.25291061401367,19.2285795211792,B_underfit(regression-to-mean)
sample_240,column,93,80.0,100.0,60.0,63.20824813842773,58.3955078125,61.64280700683594,59.87868881225586,-19.198122024536136,-19.2392520904541,19.218687057495117,B_underfit(regression-to-mean)
sample_240,column,100,80.0,100.0,60.0,63.16181564331055,58.551979064941406,61.5533332824707,59.860626220703125,-19.143102645874023,-19.293020248413086,19.218061447143555,B_underfit(regression-to-mean)
sample_240,column,19,80.0,100.0,60.0,63.15925598144531,58.43428421020508,61.6910285949707,59.84575271606445,-19.203229904174805,-19.231609344482422,19.217419624328613,B_underfit(regression-to-mean)
sample_240,column,13,80.0,100.0,60.0,63.06158065795898,58.50766372680664,61.67552947998047,59.88877487182617,-19.21537780761719,-19.21784782409668,19.216612815856934,B_underfit(regression-to-mean)
sample_240,column,56,80.0,100.0,60.0,63.133766174316406,58.559364318847656,61.65187072753906,59.805118560791016,-19.15343475341797,-19.27150535583496,19.212470054626465,B_underfit(regression-to-mean)
sample_240,column,78,80.0,100.0,60.0,63.19015884399414,58.44307327270508,61.644805908203125,59.87566757202149,-19.18338394165039,-19.23976325988769,19.211573600769043,B_underfit(regression-to-mean)
sample_243,beam,4,50.0,50.0,50.0,37.73256301879883,29.810436248779297,30.649200439453125,25.01398468017578,-16.228500366210938,-22.168407440185547,19.198453903198242,B_underfit(regression-to-mean)
sample_243,beam,149,50.0,50.0,50.0,37.23671722412109,29.471939086914062,31.187746047973636,25.31602668762207,-16.645671844482425,-21.74811363220215,19.196892738342285,B_underfit(regression-to-mean)
sample_240,column,34,80.0,100.0,60.0,63.17782974243164,58.38330078125,61.7630729675293,59.89446640014648,-19.21943473815918,-19.171230316162113,19.195332527160645,B_underfit(regression-to-mean)
sample_240,column,27,80.0,100.0,60.0,63.17314910888672,58.39462661743164,61.809078216552734,59.9013671875,-19.21611213684082,-19.144777297973633,19.180444717407227,B_underfit(regression-to-mean)
sample_243,beam,1,50.0,50.0,50.0,38.030181884765625,30.030345916748047,30.33062744140625,24.928485870361328,-15.969736099243164,-22.37044334411621,19.170089721679688,B_underfit(regression-to-mean)
sample_240,column,20,80.0,100.0,60.0,63.15019607543945,58.45183563232422,61.81787109375,59.92561721801758,-19.198984146118164,-19.12825584411621,19.163619995117188,B_underfit(regression-to-mean)
sample_240,column,79,80.0,100.0,60.0,63.17920684814453,58.46293258666992,61.7789306640625,59.95641326904297,-19.178930282592773,-19.132328033447266,19.15562915802002,B_underfit(regression-to-mean)
sample_203,beam,14,35.0,30.0,40.0,56.505184173583984,49.71746063232422,58.78944778442383,51.54747009277344,18.1113224029541,20.168458938598633,19.139890670776367,B_underfit(regression-to-mean)
sample_243,beam,146,50.0,50.0,50.0,37.57440948486328,29.64632797241211,30.98133659362793,25.257015228271484,-16.389631271362305,-21.880824089050293,19.135228157043457,B_underfit(regression-to-mean)
sample_233,beam,75,27.5,30.0,25.0,49.52726745605469,42.90095138549805,50.20557403564453,43.875396728515625,18.714109420776367,19.540485382080078,19.127297401428223,B_underfit(regression-to-mean)
sample_243,beam,143,50.0,50.0,50.0,37.83056640625,29.843839645385746,30.781192779541016,25.312183380126957,-16.16279697418213,-21.953311920166016,19.058053970336914,B_underfit(regression-to-mean)
sample_233,beam,183,33.5,37.0,30.0,55.55036544799805,48.67951202392578,56.29863739013672,49.31040573120117,18.614938735961914,19.304521560668945,18.95973014831543,B_underfit(regression-to-mean)
sample_233,beam,128,33.5,37.0,30.0,55.148681640625,48.230010986328125,56.4640007019043,49.45882797241211,18.189346313476562,19.461414337158203,18.825380325317383,B_underfit(regression-to-mean)
sample_111,column,36,40.0,40.0,40.0,59.237674713134766,57.07880783081055,59.85915756225586,58.80107116699219,18.158241271972656,19.330114364624023,18.74417781829834,B_underfit(regression-to-mean)
sample_151,beam,61,60.0,70.0,50.0,41.40055847167969,36.23002624511719,47.42070007324219,40.46718597412109,-21.184707641601562,-16.056056976318363,18.62038230895996,B_underfit(regression-to-mean)
sample_235,beam,0,30.0,30.0,30.0,50.05895233154297,43.57215118408203,53.67583847045898,46.83903503417969,16.8155517578125,20.257436752319332,18.536494255065918,B_underfit(regression-to-mean)
sample_251,beam,39,50.0,60.0,40.0,36.885719299316406,29.338111877441406,33.89387512207031,25.955522537231445,-16.888084411621094,-20.07530117034912,18.481693267822266,B_underfit(regression-to-mean)
sample_251,beam,97,50.0,50.0,50.0,37.55693817138672,29.966541290283203,32.86890411376953,25.83052635192871,-16.23826026916504,-20.65028476715088,18.4442720413208,B_underfit(regression-to-mean)
sample_203,beam,13,35.0,30.0,40.0,55.2933235168457,48.56652069091797,58.51595687866211,51.30229949951172,16.929922103881836,19.909128189086914,18.419525146484375,B_underfit(regression-to-mean)
sample_251,beam,91,50.0,60.0,40.0,36.42045974731445,29.07366943359375,34.604225158691406,26.38947868347168,-17.2529354095459,-19.503148078918457,18.37804126739502,B_underfit(regression-to-mean)
sample_251,beam,87,50.0,60.0,40.0,36.558048248291016,29.149436950683597,34.501792907714844,26.30935478210449,-17.146257400512695,-19.594426155090332,18.370341300964355,B_underfit(regression-to-mean)
sample_251,beam,60,50.0,60.0,40.0,36.73064804077149,29.24863052368164,34.39124298095703,26.249794006347656,-17.010360717773434,-19.679481506347656,18.344921112060547,B_underfit(regression-to-mean)
sample_189,column,62,32.5,25.0,40.0,54.319461822509766,52.53425979614258,48.36468124389648,48.02052688598633,20.926860809326172,15.692604064941403,18.30973243713379,B_underfit(regression-to-mean)
sample_233,beam,20,33.5,37.0,30.0,56.84435272216797,49.96103286743164,53.4983024597168,46.78291320800781,19.902692794799805,16.640607833862305,18.271650314331055,B_underfit(regression-to-mean)
sample_251,beam,99,50.0,50.0,50.0,37.36729431152344,29.93006896972656,34.194580078125,26.686037063598636,-16.351318359375,-19.559691429138184,17.95550537109375,B_underfit(regression-to-mean)
sample_240,beam,400,70.0,70.0,70.0,56.41923904418945,49.61941146850586,54.478065490722656,47.71742630004883,-16.980674743652344,-18.902254104614258,17.9414644241333,B_underfit(regression-to-mean)
sample_240,beam,205,70.0,70.0,70.0,55.21374130249024,48.4975700378418,55.8494987487793,48.93146514892578,-18.14434432983398,-17.60951805114746,17.876931190490723,B_underfit(regression-to-mean)
sample_233,beam,140,33.5,37.0,30.0,53.52299499511719,46.69378662109375,55.79058456420898,48.85362243652344,16.60839080810547,18.822103500366207,17.71524715423584,B_underfit(regression-to-mean)
sample_179,beam,80,55.0,60.0,50.0,39.55750274658203,32.045658111572266,43.32324981689453,34.4318962097168,-19.19841957092285,-16.122426986694336,17.660423278808594,B_underfit(regression-to-mean)
sample_189,beam,20,35.0,40.0,30.0,56.78480911254883,49.824012756347656,55.302345275878906,48.46039581298828,18.304410934448242,16.881370544433594,17.592890739440918,B_underfit(regression-to-mean)
sample_151,beam,130,60.0,70.0,50.0,40.19013214111328,32.089630126953125,52.41363143920898,45.17094421386719,-23.860118865966797,-11.207712173461918,17.533915519714355,B_underfit(regression-to-mean)
sample_31,beam,26,50.0,50.0,50.0,38.73654174804688,30.64643859863281,33.54719161987305,27.07441711425781,-15.308509826660154,-19.68919563293457,17.498852729797363,B_underfit(regression-to-mean)
sample_31,beam,14,50.0,50.0,50.0,38.96597290039063,30.36003875732422,33.78171920776367,26.906612396240234,-15.336994171142575,-19.655834197998047,17.496414184570312,B_underfit(regression-to-mean)
sample_203,beam,12,35.0,30.0,40.0,53.4474983215332,46.79022979736328,58.31076049804688,51.11704254150391,15.118864059448242,19.713901519775398,17.416382789611816,B_underfit(regression-to-mean)
sample_240,beam,198,70.0,70.0,70.0,56.07742691040039,49.2863655090332,56.57938003540039,49.58122253417969,-17.318103790283203,-16.91969871520996,17.118901252746582,B_underfit(regression-to-mean)
sample_240,beam,206,70.0,70.0,70.0,56.34804534912109,49.54945373535156,56.45455932617188,49.47080993652344,-17.051250457763675,-17.03731536865234,17.044282913208008,B_underfit(regression-to-mean)
sample_151,beam,62,60.0,70.0,50.0,41.92569732666016,36.5600471496582,50.24906921386719,43.15596008300781,-20.757127761840817,-13.2974853515625,17.02730655670166,B_underfit(regression-to-mean)
sample_151,beam,163,50.0,70.0,30.0,38.44011306762695,31.74542808532715,36.26185607910156,28.97528076171875,-14.90722942352295,-17.381431579589844,17.017044067382812,B_underfit(regression-to-mean)
sample_240,beam,191,70.0,70.0,70.0,56.078392028808594,49.24751663208008,56.86603164672852,49.83623123168945,-17.337045669555664,-16.648868560791012,16.99295711517334,B_underfit(regression-to-mean)
sample_179,beam,81,55.0,60.0,50.0,38.256622314453125,30.814075469970703,45.5778923034668,37.57429504394531,-20.464651107788086,-13.423906326293945,16.944278717041016,B_underfit(regression-to-mean)
sample_42,beam,162,50.0,50.0,50.0,36.74215316772461,29.31949234008789,37.54108428955078,28.713525772094727,-16.96917724609375,-16.872694969177246,16.920936584472656,B_underfit(regression-to-mean)
sample_251,beam,204,50.0,60.0,40.0,37.69655227661133,29.52252197265625,37.54158782958984,27.868072509765625,-16.39046287536621,-17.29516983032227,16.84281635284424,B_underfit(regression-to-mean)
sample_240,beam,199,70.0,70.0,70.0,56.40478515625,49.59808349609375,56.82939529418945,49.80438995361328,-16.998565673828125,-16.683107376098633,16.84083652496338,B_underfit(regression-to-mean)
sample_240,beam,192,70.0,70.0,70.0,56.50172805786133,49.656585693359375,56.9067268371582,49.87324905395508,-16.92084312438965,-16.61001205444336,16.765427589416504,B_underfit(regression-to-mean)
sample_240,beam,220,70.0,70.0,70.0,56.20640182495117,49.424434661865234,57.18831634521485,50.122589111328125,-17.184581756591797,-16.344547271728512,16.764564514160156,B_underfit(regression-to-mean)
sample_151,beam,91,50.0,70.0,30.0,49.73566436767578,43.17527389526367,48.97966766357422,42.58724594116211,-3.5445308685302734,-4.216543197631836,16.761796951293945,B_underfit(regression-to-mean)
sample_151,beam,99,50.0,70.0,30.0,49.69979476928711,43.15755081176758,51.17526626586914,44.702430725097656,-3.5713272094726562,-2.0611515045166016,16.746230125427246,B_underfit(regression-to-mean)
sample_151,beam,166,50.0,70.0,30.0,52.559478759765625,45.362525939941406,40.0068473815918,34.09246063232422,-1.0389976501464844,-12.950345993041992,16.72216510772705,B_underfit(regression-to-mean)
sample_251,beam,196,50.0,60.0,40.0,37.950439453125,29.62187957763672,37.67108154296875,27.91440963745117,-16.21384048461914,-17.20725440979004,16.71054744720459,B_underfit(regression-to-mean)
sample_240,beam,207,70.0,70.0,70.0,56.73356246948242,49.92243957519531,56.83417892456055,49.80916213989258,-16.671998977661133,-16.678329467773438,16.675164222717285,B_underfit(regression-to-mean)
sample_240,beam,298,70.0,70.0,70.0,57.166805267333984,50.32585144042969,56.3985595703125,49.4208869934082,-16.253671646118164,-17.09027671813965,16.671974182128906,B_underfit(regression-to-mean)
sample_151,beam,188,50.0,70.0,30.0,38.928218841552734,31.68795394897461,37.29087829589844,31.14877319335937,-14.691913604736328,-15.780174255371096,16.654407501220703,B_underfit(regression-to-mean)
sample_151,beam,167,50.0,70.0,30.0,48.65546417236328,42.00603485107422,52.93616485595703,46.19419479370117,-4.66925048828125,-0.43482017517089844,16.65215015411377,B_underfit(regression-to-mean)
sample_240,beam,221,70.0,70.0,70.0,56.52677917480469,49.73299026489258,57.13849258422852,50.07883071899414,-16.870115280151367,-16.39133834838867,16.63072681427002,B_underfit(regression-to-mean)
sample_151,beam,64,60.0,70.0,50.0,53.48280334472656,46.20967483520508,39.98093032836914,33.904178619384766,-10.15376091003418,-23.057445526123047,16.605603218078613,B_underfit(regression-to-mean)
sample_233,beam,97,33.5,37.0,30.0,51.72856521606445,44.922401428222656,55.179176330566406,48.30724334716797,14.825483322143555,18.243209838867188,16.53434658050537,B_underfit(regression-to-mean)
sample_151,beam,102,50.0,70.0,30.0,57.56514739990234,50.709938049316406,57.312496185302734,50.249778747558594,4.1375427246093714,3.781137466430664,16.52051830291748,B_underfit(regression-to-mean)
sample_151,beam,94,50.0,70.0,30.0,57.55329513549805,50.69987487792969,57.45530700683594,50.37823867797852,4.126585006713867,3.91677284240723,16.517377853393555,B_underfit(regression-to-mean)
sample_251,beam,195,50.0,60.0,40.0,38.17167663574219,29.722129821777344,37.984317779541016,28.06790542602539,-16.053096771240234,-16.973888397216797,16.513492584228516,B_underfit(regression-to-mean)
sample_151,beam,194,50.0,70.0,30.0,57.36463165283203,50.48292922973633,57.200626373291016,50.10275268554688,3.9237804412841797,3.651689529418949,16.50510597229004,B_underfit(regression-to-mean)
sample_240,beam,386,70.0,70.0,70.0,56.57400131225586,49.80265808105469,57.3436164855957,50.26105117797852,-16.811670303344727,-16.197666168212887,16.50466823577881,B_underfit(regression-to-mean)
sample_240,beam,200,70.0,70.0,70.0,56.779056549072266,49.96412658691406,57.15071105957031,50.09043884277344,-16.628408432006836,-16.379425048828125,16.50391674041748,B_underfit(regression-to-mean)
sample_151,beam,193,50.0,70.0,30.0,57.34639358520508,50.46136474609375,57.430320739746094,50.31596374511719,3.903879165649414,3.8731422424316406,16.50015354156494,B_underfit(regression-to-mean)
sample_151,beam,238,50.0,70.0,30.0,57.41876602172852,50.55839538574219,57.78466796875,50.64402389526367,3.988580703735355,4.214345932006836,16.499746322631836,B_underfit(regression-to-mean)
sample_151,beam,104,50.0,70.0,30.0,57.47608184814453,50.61476135253906,57.911277770996094,50.75643539428711,4.045421600341797,4.333856582641602,16.495959281921387,B_underfit(regression-to-mean)
sample_151,beam,90,50.0,70.0,30.0,57.412864685058594,50.55311965942383,57.904441833496094,50.74332809448242,3.982992172241211,4.323884963989258,16.49478530883789,B_underfit(regression-to-mean)
sample_151,beam,105,50.0,70.0,30.0,57.50392150878906,50.64533615112305,58.07086181640625,50.89665222167969,4.074628829956055,4.483757019042969,16.491801261901855,B_underfit(regression-to-mean)
sample_151,beam,192,50.0,70.0,30.0,57.364013671875,50.48199081420898,57.85149383544922,50.70000457763672,3.9230022430419886,4.275749206542969,16.49162197113037,B_underfit(regression-to-mean)
sample_151,beam,168,50.0,70.0,30.0,57.41537094116211,50.531681060791016,57.99493789672852,50.84463882446289,3.9735260009765625,4.419788360595707,16.49150276184082,B_underfit(regression-to-mean)
sample_151,beam,169,50.0,70.0,30.0,57.53276062011719,50.65275573730469,58.07252883911133,50.91226196289063,4.0927581787109375,4.49239540100098,16.4899320602417,B_underfit(regression-to-mean)
sample_151,beam,98,50.0,70.0,30.0,57.395015716552734,50.53504180908203,58.29762268066406,51.10400390625,3.965028762817383,4.700813293457031,16.48660182952881,B_underfit(regression-to-mean)
sample_151,beam,237,50.0,70.0,30.0,57.45317459106445,50.58524703979492,58.20037078857422,51.0123291015625,4.0192108154296875,4.606349945068359,16.486007690429688,B_underfit(regression-to-mean)
sample_151,beam,103,50.0,70.0,30.0,57.52954864501953,50.66510009765625,58.41099548339844,51.20465087890625,4.097324371337891,4.807823181152344,16.482301712036133,B_underfit(regression-to-mean)
sample_151,beam,97,50.0,70.0,30.0,57.48392868041992,50.627174377441406,58.70835494995117,51.46736907958984,4.055551528930664,5.087862014770504,16.47556495666504,B_underfit(regression-to-mean)
sample_151,beam,96,50.0,70.0,30.0,57.475074768066406,50.61719131469727,58.77757263183594,51.535919189453125,4.0461330413818395,5.156745910644531,16.47511577606201,B_underfit(regression-to-mean)
sample_151,beam,89,50.0,70.0,30.0,57.43518829345703,50.57223129272461,58.81437683105469,51.56989288330078,4.00370979309082,5.192134857177734,16.473139762878418,B_underfit(regression-to-mean)
sample_151,beam,101,50.0,70.0,30.0,57.01157379150391,50.13689041137695,58.833621978759766,51.58660125732422,3.5742321014404332,5.210111618041992,16.469573974609375,B_underfit(regression-to-mean)
sample_151,beam,93,50.0,70.0,30.0,56.98800659179688,50.11921691894531,58.89495086669922,51.6414680480957,3.5536117553710973,5.268209457397461,16.46943187713623,B_underfit(regression-to-mean)
sample_151,beam,95,50.0,70.0,30.0,57.53579330444336,50.6747932434082,59.1712646484375,51.88752365112305,4.105293273925781,5.529394149780273,16.463814735412598,B_underfit(regression-to-mean)
sample_240,beam,193,70.0,70.0,70.0,56.814754486083984,49.96794509887695,57.217586517333984,50.15010833740234,-16.60865020751953,-16.31615257263184,16.462401390075684,B_underfit(regression-to-mean)
sample_151,beam,88,50.0,70.0,30.0,57.51791000366211,50.65719604492188,59.62335205078125,52.29634094238281,4.087553024291996,5.959846496582031,16.453068733215332,B_underfit(regression-to-mean)
sample_151,column,41,65.0,70.0,60.0,48.212059020996094,48.78057861328125,48.38760757446289,48.89323425292969,-16.503681182861328,-16.35957908630371,16.43163013458252,B_underfit(regression-to-mean)
sample_240,beam,387,70.0,70.0,70.0,56.81502914428711,50.03238296508789,57.28142929077149,50.20637893676758,-16.5762939453125,-16.256095886230465,16.416194915771484,B_underfit(regression-to-mean)
sample_240,beam,222,70.0,70.0,70.0,56.86488342285156,50.0598030090332,57.32540893554688,50.24515914916992,-16.537656784057617,-16.214715957641598,16.37618637084961,B_underfit(regression-to-mean)
sample_151,beam,1,60.0,70.0,50.0,44.13372802734375,36.968048095703125,50.16242218017578,43.37483596801758,-19.449111938476562,-13.23137092590332,16.34024143218994,B_underfit(regression-to-mean)
sample_240,beam,208,70.0,70.0,70.0,56.98334503173828,50.1610107421875,57.29556274414063,50.21957015991211,-16.42782211303711,-16.24243354797363,16.33512783050537,B_underfit(regression-to-mean)
sample_251,beam,109,50.0,50.0,50.0,36.3898811340332,29.620800018310547,38.63615036010742,30.07829093933105,-16.994659423828125,-15.642779350280763,16.318719387054443,B_underfit(regression-to-mean)
sample_151,beam,191,50.0,70.0,30.0,44.76345443725586,34.978050231933594,35.477264404296875,29.542091369628903,-10.129247665405273,-17.49032211303711,16.29881000518799,B_underfit(regression-to-mean)
sample_251,beam,194,50.0,60.0,40.0,38.52049255371094,29.89691925048828,38.25416564941406,28.20057678222656,-15.79129409790039,-16.772628784179688,16.28196144104004,B_underfit(regression-to-mean)
sample_240,beam,201,70.0,70.0,70.0,57.001739501953125,50.1689453125,57.410682678222656,50.32129669189453,-16.414657592773438,-16.134010314941406,16.274333953857422,B_underfit(regression-to-mean)
sample_240,beam,194,70.0,70.0,70.0,56.98046112060547,50.1286735534668,57.52797317504883,50.42537689208984,-16.445432662963867,-16.023324966430668,16.234378814697266,B_underfit(regression-to-mean)
sample_240,beam,388,70.0,70.0,70.0,57.129638671875,50.30254364013672,57.47492218017578,50.37868881225586,-16.28390884399414,-16.07319450378418,16.17855167388916,B_underfit(regression-to-mean)
sample_203,beam,9,35.0,30.0,40.0,51.47288513183594,44.88118362426758,57.71078109741211,50.583744049072266,13.177034378051758,19.147262573242188,16.162148475646973,B_underfit(regression-to-mean)
sample_235,beam,17,65.0,80.0,50.0,49.96230697631836,43.56878280639648,54.28786849975586,47.53703308105469,-18.23445510864258,-14.087549209594727,16.161002159118652,B_underfit(regression-to-mean)
sample_151,beam,164,50.0,70.0,30.0,39.24016952514648,32.82592010498047,41.89384460449219,32.938209533691406,-13.966955184936527,-12.583972930908203,16.1575288772583,B_underfit(regression-to-mean)
sample_240,beam,209,70.0,70.0,70.0,57.14998245239258,50.31645965576172,57.50279998779297,50.40397644042969,-16.26677894592285,-16.046611785888672,16.15669536590576,B_underfit(regression-to-mean)
sample_240,beam,299,70.0,70.0,70.0,57.35897064208984,50.5068359375,57.337886810302734,50.25681686401367,-16.06709671020508,-16.202648162841797,16.134872436523438,B_underfit(regression-to-mean)
sample_240,beam,223,70.0,70.0,70.0,57.07448959350586,50.24705505371094,57.63496398925781,50.520164489746094,-16.3392276763916,-15.922435760498047,16.130831718444824,B_underfit(regression-to-mean)
sample_146,beam,77,50.0,50.0,50.0,38.77552032470703,31.92891311645508,36.302024841308594,28.494049072265625,-14.647783279418944,-17.60196304321289,16.124873161315918,B_underfit(regression-to-mean)
sample_240,beam,202,70.0,70.0,70.0,57.14030075073242,50.29791259765625,57.6104736328125,50.49893569946289,-16.280893325805664,-15.945295333862305,16.113094329833984,B_underfit(regression-to-mean)
sample_31,beam,1,50.0,50.0,50.0,38.15140914916992,30.024120330810547,38.06055450439453,29.40323829650879,-15.912235260009766,-16.26810359954834,16.09016990661621,B_underfit(regression-to-mean)
sample_151,beam,189,50.0,70.0,30.0,38.963714599609375,31.55248641967773,41.060997009277344,32.82218933105469,-14.741899490356447,-13.058406829833984,16.087491035461426,B_underfit(regression-to-mean)
sample_240,beam,195,70.0,70.0,70.0,57.10529708862305,50.25297164916992,57.74050521850586,50.61396408081055,-16.320865631103516,-15.822765350341797,16.071815490722656,B_underfit(regression-to-mean)
sample_179,beam,78,55.0,60.0,50.0,40.21558380126953,32.312294006347656,45.97452163696289,37.24995803833008,-18.736061096191406,-13.387760162353516,16.06191062927246,B_underfit(regression-to-mean)
sample_151,beam,165,50.0,70.0,30.0,39.62883758544922,33.004493713378906,46.44711685180664,37.28048706054688,-13.683334350585938,-8.136198043823239,16.05225658416748,B_underfit(regression-to-mean)
sample_151,beam,77,60.0,70.0,50.0,43.519134521484375,38.51325988769531,50.26499176025391,43.53292465209961,-18.983802795410156,-13.101041793823239,16.0424222946167,B_underfit(regression-to-mean)
sample_240,beam,210,70.0,70.0,70.0,57.246238708496094,50.408294677734375,57.744930267333984,50.61879348754883,-16.172733306884766,-15.818138122558594,15.99543571472168,B_underfit(regression-to-mean)
sample_240,beam,389,70.0,70.0,70.0,57.26350402832031,50.42349624633789,57.7279052734375,50.60375595092773,-16.1564998626709,-15.834169387817386,15.99533462524414,B_underfit(regression-to-mean)
sample_240,beam,224,70.0,70.0,70.0,57.19962310791016,50.36519241333008,57.81702423095703,50.682159423828125,-16.21759223937988,-15.750408172607422,15.984000205993652,B_underfit(regression-to-mean)
sample_42,beam,71,50.0,50.0,50.0,37.34394073486328,29.727821350097656,39.32939529418945,29.704566955566406,-16.46411895751953,-15.48301887512207,15.9735689163208,B_underfit(regression-to-mean)
sample_240,beam,203,70.0,70.0,70.0,57.23628616333008,50.390869140625,57.81678771972656,50.68199920654297,-16.18642234802246,-15.750606536865234,15.968514442443848,B_underfit(regression-to-mean)
sample_240,beam,196,70.0,70.0,70.0,57.19263458251953,50.33942413330078,57.930152893066406,50.78195190429688,-16.233970642089844,-15.643947601318356,15.938959121704102,B_underfit(regression-to-mean)
sample_151,beam,84,50.0,70.0,30.0,42.54151916503906,34.36453628540039,46.42229461669922,38.3265495300293,-11.546972274780273,-7.625577926635742,15.931818008422852,B_underfit(regression-to-mean)
sample_240,beam,156,70.0,70.0,70.0,57.25551986694336,50.37735748291016,57.928497314453125,50.78024291992188,-16.18356132507324,-15.645629882812496,15.914595603942871,B_underfit(regression-to-mean)
sample_146,beam,76,50.0,50.0,50.0,38.99712371826172,31.831886291503903,36.730262756347656,28.811153411865234,-14.58549499511719,-17.229291915893555,15.907393455505371,B_underfit(regression-to-mean)
sample_240,beam,211,70.0,70.0,70.0,57.29275131225586,50.45320129394531,57.90415954589844,50.75956344604492,-16.127023696899414,-15.66813850402832,15.897581100463867,B_underfit(regression-to-mean)
sample_240,beam,204,70.0,70.0,70.0,57.29092025756836,50.445091247558594,57.927127838134766,50.77938461303711,-16.131994247436523,-15.646743774414062,15.889369010925293,B_underfit(regression-to-mean)
sample_146,beam,75,50.0,50.0,50.0,39.04376220703125,31.939456939697266,36.6931037902832,28.830307006835938,-14.508390426635742,-17.23829460144043,15.873342514038086,B_underfit(regression-to-mean)
sample_240,beam,390,70.0,70.0,70.0,57.35013198852539,50.50606155395508,57.92457580566406,50.77877807617188,-16.071903228759766,-15.648323059082028,15.860113143920898,B_underfit(regression-to-mean)
sample_240,beam,313,70.0,70.0,70.0,57.527130126953125,50.67110824584961,57.75178909301758,50.627716064453125,-15.900880813598633,-15.810247421264648,15.85556411743164,B_underfit(regression-to-mean)
sample_240,beam,225,70.0,70.0,70.0,57.280391693115234,50.4422607421875,58.011138916015625,50.8545150756836,-16.138673782348633,-15.567173004150387,15.852923393249512,B_underfit(regression-to-mean)
sample_240,beam,197,70.0,70.0,70.0,57.22894287109375,50.37610626220703,58.087738037109375,50.92133712768555,-16.19747543334961,-15.495462417602539,15.846468925476074,B_underfit(regression-to-mean)
sample_240,beam,306,70.0,70.0,70.0,57.54879760742188,50.69130706787109,57.76108169555664,50.63191604614258,-15.879947662353516,-15.80350112915039,15.841724395751953,B_underfit(regression-to-mean)
sample_240,beam,170,70.0,70.0,70.0,57.24448394775391,50.38327407836914,58.09731674194336,50.92893981933594,-16.186120986938473,-15.486871719360352,15.836496353149414,B_underfit(regression-to-mean)
sample_240,beam,300,70.0,70.0,70.0,57.46990203857422,50.61531829833984,57.90355682373047,50.76191329956055,-15.957389831542972,-15.667264938354492,15.81232738494873,B_underfit(regression-to-mean)
sample_179,beam,79,55.0,60.0,50.0,40.228614807128906,33.100765228271484,45.98743438720703,37.456661224365234,-18.335309982299805,-13.277952194213867,15.806631088256836,B_underfit(regression-to-mean)
sample_240,beam,157,70.0,70.0,70.0,57.34443664550781,50.46857452392578,58.11458587646485,50.947486877441406,-16.093494415283203,-15.468963623046871,15.781229019165039,B_underfit(regression-to-mean)
sample_151,beam,190,50.0,70.0,30.0,38.65930938720703,31.39187240600586,44.46892547607422,34.82878494262695,-14.974409103393555,-10.351144790649414,15.77310562133789,B_underfit(regression-to-mean)
sample_146,beam,74,50.0,50.0,50.0,39.15013885498047,32.136173248291016,36.75858688354492,28.87808990478516,-14.356843948364258,-17.18166160583496,15.76925277709961,B_underfit(regression-to-mean)
sample_240,beam,226,70.0,70.0,70.0,57.321590423583984,50.48208236694336,58.156349182128906,50.98298263549805,-16.098163604736328,-15.430334091186523,15.764248847961426,B_underfit(regression-to-mean)
sample_240,beam,391,70.0,70.0,70.0,57.4049072265625,50.55838394165039,58.13309860229492,50.96384811401367,-16.018354415893555,-15.451526641845703,15.734940528869629,B_underfit(regression-to-mean)
sample_151,beam,85,50.0,70.0,30.0,43.93631362915039,35.17041778564453,52.00789642333984,43.61000442504883,-10.446634292602539,-2.1910495758056676,15.709053039550781,B_underfit(regression-to-mean)
sample_240,beam,184,70.0,70.0,70.0,57.41137313842773,50.55680084228516,58.19319915771485,51.01861572265625,-16.015913009643555,-15.39409255981445,15.705002784729004,B_underfit(regression-to-mean)
sample_240,beam,171,70.0,70.0,70.0,57.35190963745117,50.48866271972656,58.33479309082031,51.14192581176758,-16.079713821411133,-15.261640548706055,15.670677185058594,B_underfit(regression-to-mean)
sample_240,beam,392,70.0,70.0,70.0,57.434818267822266,50.58709716796875,58.28082656860352,51.09474563598633,-15.989042282104492,-15.312213897705075,15.650628089904785,B_underfit(regression-to-mean)
sample_240,beam,301,70.0,70.0,70.0,57.51385498046875,50.65629959106445,58.22797393798828,51.050819396972656,-15.914922714233398,-15.360603332519531,15.637763023376465,B_underfit(regression-to-mean)
sample_146,beam,73,50.0,50.0,50.0,39.11574172973633,32.39852523803711,36.92361068725586,29.085351943969727,-14.242866516113281,-16.995518684387207,15.619192123413086,B_underfit(regression-to-mean)
sample_240,beam,185,70.0,70.0,70.0,57.48799514770508,50.63143157958984,58.30364990234375,51.11763381958008,-15.940286636352543,-15.289358139038086,15.614822387695312,B_underfit(regression-to-mean)
sample_151,beam,86,50.0,70.0,30.0,44.794830322265625,35.48021697998047,53.65274810791016,45.42388534545898,-9.862476348876953,-0.4616832733154297,15.614130973815918,B_underfit(regression-to-mean)
sample_240,beam,314,70.0,70.0,70.0,57.566993713378906,50.70676040649414,58.232383728027344,51.05186462402344,-15.863122940063477,-15.35787582397461,15.610499382019043,B_underfit(regression-to-mean)
sample_240,beam,158,70.0,70.0,70.0,57.403717041015625,50.531768798828125,58.50836944580078,51.29798126220703,-16.032257080078125,-15.096824645996094,15.56454086303711,B_underfit(regression-to-mean)
sample_31,beam,90,50.0,50.0,50.0,38.43218231201172,30.526782989501957,38.87031555175781,30.05248260498047,-15.520517349243162,-15.53860092163086,15.529559135437012,B_underfit(regression-to-mean)
sample_240,beam,302,70.0,70.0,70.0,57.54302215576172,50.68339920043945,58.47462463378906,51.26972198486328,-15.886789321899414,-15.127826690673828,15.507308006286621,B_underfit(regression-to-mean)
sample_240,beam,172,70.0,70.0,70.0,57.40163803100586,50.53973007202149,58.627532958984375,51.40263366699219,-16.029315948486325,-14.984916687011719,15.507116317749023,B_underfit(regression-to-mean)
sample_240,beam,186,70.0,70.0,70.0,57.53040313720703,50.672794342041016,58.53997421264648,51.327919006347656,-15.898401260375977,-15.066053390502933,15.482227325439453,B_underfit(regression-to-mean)
sample_240,beam,307,70.0,70.0,70.0,57.5979118347168,50.736515045166016,58.47272491455078,51.26692962646485,-15.832786560058594,-15.130172729492184,15.48147964477539,B_underfit(regression-to-mean)
sample_240,beam,177,70.0,70.0,70.0,57.54674530029297,50.68840026855469,58.721073150634766,51.48655319213867,-15.882427215576172,-14.896186828613281,15.389307022094727,B_underfit(regression-to-mean)
sample_240,beam,173,70.0,70.0,70.0,57.43220138549805,50.57265853881836,58.88158416748047,51.6283073425293,-15.997570037841797,-14.745054244995117,15.371312141418457,B_underfit(regression-to-mean)
sample_240,beam,303,70.0,70.0,70.0,57.55340576171875,50.69404602050781,58.77388381958008,51.53507614135742,-15.876274108886719,-14.84552001953125,15.360897064208984,B_underfit(regression-to-mean)
sample_240,beam,187,70.0,70.0,70.0,57.54634094238281,50.68846893310547,58.79220581054688,51.55155944824219,-15.88259506225586,-14.828117370605465,15.355356216430664,B_underfit(regression-to-mean)
sample_240,beam,159,70.0,70.0,70.0,57.42833709716797,50.56001663208008,58.93445587158203,51.67637634277344,-16.005823135375977,-14.694583892822266,15.350203514099121,B_underfit(regression-to-mean)
sample_240,beam,321,70.0,70.0,70.0,57.5707893371582,50.70865631103516,58.80577087402344,51.56267166137695,-15.860277175903317,-14.815778732299805,15.338027954101562,B_underfit(regression-to-mean)
sample_118,beam,378,50.0,50.0,50.0,37.455787658691406,29.7818660736084,40.91216278076172,30.554828643798828,-16.381173133850098,-14.266504287719727,15.323838233947754,B_underfit(regression-to-mean)
sample_179,beam,166,37.5,50.0,25.0,57.09202575683594,50.26740264892578,55.39479446411133,48.53416442871094,16.17971420288086,14.464479446411133,15.322096824645996,B_underfit(regression-to-mean)
sample_233,beam,85,33.5,37.0,30.0,50.457252502441406,43.569923400878906,53.97414016723633,47.236629486083984,13.513587951660156,17.105384826660156,15.309486389160156,B_underfit(regression-to-mean)
sample_240,beam,315,70.0,70.0,70.0,57.59099197387695,50.72979736328125,58.88386154174805,51.63291931152344,-15.839605331420898,-14.741609573364258,15.290607452392578,B_underfit(regression-to-mean)
sample_240,beam,308,70.0,70.0,70.0,57.613502502441406,50.75079727172852,58.882904052734375,51.63217926025391,-15.817850112915036,-14.742458343505856,15.28015422821045,B_underfit(regression-to-mean)
sample_240,beam,178,70.0,70.0,70.0,57.58317947387695,50.72339630126953,58.92060089111328,51.66489410400391,-15.846712112426758,-14.707252502441403,15.276982307434082,B_underfit(regression-to-mean)
sample_251,column,1,30.0,30.0,30.0,47.62896347045898,48.17943572998047,42.52202224731445,42.71652221679688,17.904199600219723,12.619272232055668,15.261735916137695,B_underfit(regression-to-mean)
sample_240,beam,304,70.0,70.0,70.0,57.56422805786133,50.70450592041016,59.00006866455078,51.735233306884766,-15.865633010864254,-14.632349014282227,15.248991012573242,B_underfit(regression-to-mean)
sample_240,beam,269,70.0,70.0,70.0,57.63107299804688,50.77101135253906,58.97084045410156,51.71306610107422,-15.798957824707028,-14.65804672241211,15.22850227355957,B_underfit(regression-to-mean)
sample_240,beam,174,70.0,70.0,70.0,57.45513534545898,50.59610748291016,59.1779899597168,51.8912239074707,-15.97437858581543,-14.46539306640625,15.21988582611084,B_underfit(regression-to-mean)
sample_240,beam,188,70.0,70.0,70.0,57.55451202392578,50.69606018066406,59.08760070800781,51.81320190429688,-15.874713897705078,-14.549598693847653,15.212156295776367,B_underfit(regression-to-mean)
sample_240,beam,393,70.0,70.0,70.0,57.62813568115234,50.77061462402344,59.01527404785156,51.75276947021485,-15.800624847412113,-14.615978240966793,15.208301544189453,B_underfit(regression-to-mean)
sample_240,beam,270,70.0,70.0,70.0,57.64269256591797,50.78125762939453,59.02427673339844,51.76054382324219,-15.78802490234375,-14.607589721679688,15.197807312011719,B_underfit(regression-to-mean)
sample_240,beam,394,70.0,70.0,70.0,57.637977600097656,50.77940368652344,59.05858612060547,51.79140090942383,-15.791309356689453,-14.575006484985352,15.183157920837402,B_underfit(regression-to-mean)
sample_240,beam,305,70.0,70.0,70.0,57.5699348449707,50.7100715637207,59.15861892700195,51.87554931640625,-15.859996795654297,-14.482915878295898,15.171456336975098,B_underfit(regression-to-mean)
sample_240,beam,160,70.0,70.0,70.0,57.46311569213867,50.59699630737305,59.27626419067383,51.97979736328125,-15.96994400024414,-14.371969223022461,15.1709566116333,B_underfit(regression-to-mean)
sample_240,beam,179,70.0,70.0,70.0,57.595947265625,50.73626708984375,59.13555908203125,51.85610961914063,-15.833892822265625,-14.504165649414059,15.169029235839844,B_underfit(regression-to-mean)
sample_240,beam,309,70.0,70.0,70.0,57.62086868286133,50.75786590576172,59.1499137878418,51.869178771972656,-15.810632705688477,-14.490453720092773,15.150543212890625,B_underfit(regression-to-mean)
sample_240,beam,271,70.0,70.0,70.0,57.65586853027344,50.79218292236328,59.2074089050293,51.923301696777344,-15.77597427368164,-14.43464469909668,15.10530948638916,B_underfit(regression-to-mean)
sample_240,beam,395,70.0,70.0,70.0,57.64992141723633,50.78878784179688,59.21387100219727,51.92927551269531,-15.780645370483395,-14.428426742553707,15.104536056518555,B_underfit(regression-to-mean)
sample_240,beam,189,70.0,70.0,70.0,57.56391143798828,50.70465469360352,59.31021881103516,52.01044464111328,-15.865716934204098,-14.339668273925778,15.102692604064941,B_underfit(regression-to-mean)
sample_240,beam,175,70.0,70.0,70.0,57.48452377319336,50.62567901611328,59.40152740478516,52.089637756347656,-15.94489860534668,-14.25441741943359,15.099658012390137,B_underfit(regression-to-mean)
sample_240,beam,316,70.0,70.0,70.0,57.60409927368164,50.74298858642578,59.28286361694336,51.98796844482422,-15.826456069946289,-14.364583969116211,15.09552001953125,B_underfit(regression-to-mean)
sample_240,beam,180,70.0,70.0,70.0,57.60414505004883,50.7446517944336,59.38101196289063,52.07392883300781,-15.825601577758786,-14.272529602050778,15.049065589904783,B_underfit(regression-to-mean)
sample_240,beam,322,70.0,70.0,70.0,57.61853790283203,50.75566864013672,59.367618560791016,52.06356430053711,-15.812896728515625,-14.284408569335938,15.048652648925781,B_underfit(regression-to-mean)
sample_203,beam,11,35.0,30.0,40.0,50.32459259033203,43.82558822631836,56.515174865722656,49.5249252319336,12.075090408325195,18.02005004882813,15.04757022857666,B_underfit(regression-to-mean)
sample_240,beam,161,70.0,70.0,70.0,57.493282318115234,50.62834548950195,59.51474380493164,52.19204330444336,-15.939186096191406,-14.1466064453125,15.042896270751953,B_underfit(regression-to-mean)
sample_240,beam,163,70.0,70.0,70.0,57.64898681640625,50.78853988647461,59.34786224365234,52.04870223999024,-15.78123664855957,-14.301717758178711,15.04147720336914,B_underfit(regression-to-mean)
sample_240,beam,190,70.0,70.0,70.0,57.56703567504883,50.70875930786133,59.50496292114258,52.183372497558594,-15.862102508544922,-14.155832290649414,15.008967399597168,B_underfit(regression-to-mean)
sample_240,beam,176,70.0,70.0,70.0,57.49188232421875,50.63515472412109,59.6032829284668,52.26887130737305,-15.936481475830082,-14.063922882080078,15.000202178955078,B_underfit(regression-to-mean)
sample_151,beam,78,60.0,70.0,50.0,44.46533966064453,39.33225631713867,51.48170471191406,44.72325134277344,-18.1012020111084,-11.89752197265625,14.999361991882324,B_underfit(regression-to-mean)
sample_240,beam,310,70.0,70.0,70.0,57.6229248046875,50.76053237915039,59.47636413574219,52.15891647338867,-15.808271408081055,-14.18235969543457,14.995315551757812,B_underfit(regression-to-mean)
sample_240,beam,396,70.0,70.0,70.0,57.655311584472656,50.79220581054688,59.47020721435547,52.156768798828125,-15.77624130249023,-14.186511993408203,14.981376647949219,B_underfit(regression-to-mean)
sample_240,beam,272,70.0,70.0,70.0,57.66106033325195,50.796295166015625,59.47739791870117,52.16302108764648,-15.771322250366211,-14.179790496826175,14.975556373596191,B_underfit(regression-to-mean)
sample_235,column,36,55.0,70.0,40.0,48.23374176025391,49.0884017944336,51.564674377441406,50.600730895996094,-6.338928222656243,-3.91729736328125,14.972679138183594,B_underfit(regression-to-mean)
sample_240,beam,317,70.0,70.0,70.0,57.60702133178711,50.74665832519531,59.54273223876953,52.21894073486328,-15.823160171508789,-14.119163513183594,14.971161842346191,B_underfit(regression-to-mean)
sample_179,beam,131,37.5,50.0,25.0,56.82361602783203,50.00541687011719,54.925819396972656,48.12542343139648,15.91451644897461,14.025621414184567,14.97006893157959,B_underfit(regression-to-mean)
sample_240,beam,162,70.0,70.0,70.0,57.49403381347656,50.63113021850586,59.6748046875,52.33413696289063,-15.937417984008789,-13.995529174804684,14.966473579406738,B_underfit(regression-to-mean)
sample_10,beam,111,70.0,80.0,60.0,57.63695907592773,50.76744842529297,59.5313720703125,52.20954895019531,-15.797796249389652,-14.129539489746094,14.963667869567871,B_underfit(regression-to-mean)
sample_240,beam,164,70.0,70.0,70.0,57.66313934326172,50.80086517333984,59.53424072265625,52.2152099609375,-15.767997741699222,-14.125274658203125,14.946636199951172,B_underfit(regression-to-mean)
sample_240,beam,181,70.0,70.0,70.0,57.603118896484375,50.74386978149414,59.665565490722656,52.32651901245117,-15.826505661010742,-14.003957748413086,14.915231704711914,B_underfit(regression-to-mean)
sample_240,beam,323,70.0,70.0,70.0,57.62764739990234,50.76658248901367,59.66680145263672,52.330039978027344,-15.802885055541996,-14.001579284667969,14.90223217010498,B_underfit(regression-to-mean)
sample_240,beam,397,70.0,70.0,70.0,57.647647857666016,50.7861328125,59.697750091552734,52.35859680175781,-15.783109664916992,-13.971826553344727,14.87746810913086,B_underfit(regression-to-mean)
sample_240,beam,311,70.0,70.0,70.0,57.62763977050781,50.765380859375,59.72608184814453,52.38091278076172,-15.803489685058594,-13.946502685546875,14.874996185302734,B_underfit(regression-to-mean)
sample_208,beam,79,27.5,30.0,25.0,44.036407470703125,39.654541015625,45.79905700683594,39.97431564331055,14.345474243164062,15.386686325073242,14.866080284118652,B_underfit(regression-to-mean)
sample_240,beam,262,70.0,70.0,70.0,57.70043563842773,50.84021759033203,59.67842102050781,52.34270477294922,-15.72967338562012,-13.989437103271484,14.8595552444458,B_underfit(regression-to-mean)
sample_240,beam,273,70.0,70.0,70.0,57.65455627441406,50.790672302246094,59.74283599853516,52.39834976196289,-15.777385711669922,-13.929407119750973,14.85339641571045,B_underfit(regression-to-mean)
sample_240,beam,276,70.0,70.0,70.0,57.71537399291992,50.85297393798828,59.692264556884766,52.35464096069336,-15.715826034545898,-13.976547241210938,14.846186637878418,B_underfit(regression-to-mean)
sample_240,beam,255,70.0,70.0,70.0,57.705039978027344,50.84498596191406,59.70732116699219,52.36775970458984,-15.724987030029297,-13.962459564208988,14.84372329711914,B_underfit(regression-to-mean)
sample_240,beam,263,70.0,70.0,70.0,57.70198059082031,50.84100341796875,59.739532470703125,52.39694213867188,-15.728507995605469,-13.931762695312496,14.830135345458984,B_underfit(regression-to-mean)
sample_10,beam,170,70.0,80.0,60.0,57.60560989379883,50.73974609375,59.85834884643555,52.49863052368164,-15.827322006225586,-13.821510314941406,14.824416160583496,B_underfit(regression-to-mean)
sample_233,beam,7,66.0,72.0,60.0,56.932350158691406,50.03874206542969,52.15494537353516,45.59990692138672,-12.514453887939453,-17.12257385253906,14.818513870239258,B_underfit(regression-to-mean)
sample_240,beam,182,70.0,70.0,70.0,57.60696792602539,50.74720764160156,59.8774528503418,52.51461410522461,-15.822912216186523,-13.803966522216797,14.81343936920166,B_underfit(regression-to-mean)
sample_240,beam,165,70.0,70.0,70.0,57.668556213378906,50.806915283203125,59.81163024902344,52.462013244628906,-15.762264251708984,-13.863178253173828,14.812721252441406,B_underfit(regression-to-mean)
sample_240,beam,256,70.0,70.0,70.0,57.70552062988281,50.84588623046875,59.77749633789063,52.43022918701172,-15.724296569824219,-13.896137237548825,14.810216903686523,B_underfit(regression-to-mean)
sample_240,beam,318,70.0,70.0,70.0,57.608375549316406,50.7486686706543,59.88416290283203,52.52250671386719,-15.821477890014648,-13.79666519165039,14.80907154083252,B_underfit(regression-to-mean)
sample_240,beam,312,70.0,70.0,70.0,57.62692260742188,50.76520919799805,59.872833251953125,52.51099395751953,-15.803934097290036,-13.808086395263672,14.806010246276855,B_underfit(regression-to-mean)
sample_240,beam,277,70.0,70.0,70.0,57.71631622314453,50.85274505615234,59.785118103027344,52.437255859375,-15.715469360351566,-13.888813018798828,14.802141189575195,B_underfit(regression-to-mean)
sample_240,beam,283,70.0,70.0,70.0,57.716064453125,50.853981018066406,59.78750991821289,52.43782806396485,-15.714977264404297,-13.88733100891113,14.801154136657715,B_underfit(regression-to-mean)
sample_151,beam,2,60.0,70.0,50.0,45.83584976196289,38.220176696777344,51.780494689941406,44.96393966674805,-17.971986770629883,-11.627782821655273,14.799884796142578,B_underfit(regression-to-mean)
sample_240,beam,398,70.0,70.0,70.0,57.64630889892578,50.78489685058594,59.87615203857422,52.51688766479492,-15.78439712524414,-13.80348014831543,14.793938636779785,B_underfit(regression-to-mean)
sample_240,beam,324,70.0,70.0,70.0,57.622825622558594,50.76329040527344,59.90109252929688,52.538536071777344,-15.806941986083984,-13.780185699462887,14.793563842773438,B_underfit(regression-to-mean)
sample_240,beam,274,70.0,70.0,70.0,57.65191268920898,50.788368225097656,59.935977935791016,52.56983947753906,-15.779859542846683,-13.747091293334961,14.76347541809082,B_underfit(regression-to-mean)
sample_240,beam,335,70.0,70.0,70.0,57.81367874145508,50.94750595092773,59.78619766235352,52.438846588134766,-15.619407653808597,-13.887477874755856,14.753442764282227,B_underfit(regression-to-mean)
sample_240,beam,284,70.0,70.0,70.0,57.71619415283203,50.853736877441406,59.89404296875,52.532936096191406,-15.715034484863281,-13.786510467529297,14.750772476196289,B_underfit(regression-to-mean)
sample_240,beam,264,70.0,70.0,70.0,57.703269958496094,50.84120559692383,59.92860412597656,52.56493377685547,-15.727762222290039,-13.753231048583984,14.740496635437012,B_underfit(regression-to-mean)
sample_240,beam,183,70.0,70.0,70.0,57.60760498046875,50.74888610839844,60.05840301513672,52.67567443847656,-15.821754455566406,-13.63296127319336,14.727357864379883,B_underfit(regression-to-mean)
sample_240,beam,399,70.0,70.0,70.0,57.644309997558594,50.78310012817383,60.04292297363281,52.66511535644531,-15.786294937133789,-13.645980834960938,14.716137886047363,B_underfit(regression-to-mean)
sample_240,beam,278,70.0,70.0,70.0,57.71469879150391,50.85023880004883,59.97890853881836,52.60951232910156,-15.71753120422363,-13.705789566040039,14.711660385131836,B_underfit(regression-to-mean)
sample_240,beam,257,70.0,70.0,70.0,57.7073974609375,50.84712600708008,59.98714447021485,52.61663436889648,-15.722738265991211,-13.698110580444336,14.710424423217773,B_underfit(regression-to-mean)
sample_240,beam,319,70.0,70.0,70.0,57.61559295654297,50.75571060180664,60.128448486328125,52.73996353149414,-15.814348220825195,-13.565793991088867,14.690071105957031,B_underfit(regression-to-mean)
sample_240,beam,328,70.0,70.0,70.0,57.74359893798828,50.87728118896485,60.00076675415039,52.62715530395508,-15.689559936523434,-13.686038970947266,14.687799453735352,B_underfit(regression-to-mean)
sample_240,beam,275,70.0,70.0,70.0,57.65092849731445,50.787593841552734,60.10469436645508,52.7198486328125,-15.780738830566406,-13.587728500366211,14.684233665466309,B_underfit(regression-to-mean)
sample_240,beam,166,70.0,70.0,70.0,57.66493988037109,50.804630279541016,60.11976623535156,52.7358512878418,-15.765214920043949,-13.57219123840332,14.668703079223633,B_underfit(regression-to-mean)
sample_240,beam,285,70.0,70.0,70.0,57.71430969238281,50.85128021240234,60.096527099609375,52.71324157714844,-15.717205047607425,-13.595115661621094,14.656160354614258,B_underfit(regression-to-mean)
sample_240,beam,325,70.0,70.0,70.0,57.62705993652344,50.7677001953125,60.25292205810547,52.85149383544922,-15.802619934082031,-13.447792053222656,14.625205993652344,B_underfit(regression-to-mean)
sample_240,beam,329,70.0,70.0,70.0,57.7451400756836,50.87750244140625,60.13727569580078,52.74934005737305,-15.688678741455075,-13.556692123413086,14.622685432434082,B_underfit(regression-to-mean)
sample_240,beam,320,70.0,70.0,70.0,57.61457824707031,50.75476837158203,60.27645492553711,52.87165832519531,-15.815326690673828,-13.425943374633789,14.620635032653809,B_underfit(regression-to-mean)
sample_240,beam,265,70.0,70.0,70.0,57.70336532592773,50.84020233154297,60.22248458862305,52.82648468017578,-15.728216171264652,-13.475515365600586,14.601865768432617,B_underfit(regression-to-mean)
sample_203,beam,175,40.0,30.0,50.0,57.43798065185547,50.588600158691406,58.810020446777344,51.56173706054688,14.013290405273438,15.185878753662113,14.599584579467773,B_underfit(regression-to-mean)
sample_240,beam,279,70.0,70.0,70.0,57.71466064453125,50.84864044189453,60.2512321472168,52.85210418701172,-15.71834945678711,-13.448331832885742,14.583340644836426,B_underfit(regression-to-mean)
sample_240,beam,258,70.0,70.0,70.0,57.707969665527344,50.84666442871094,60.28702545166016,52.88348007202149,-15.72268295288086,-13.414747238159173,14.56871509552002,B_underfit(regression-to-mean)
sample_240,beam,330,70.0,70.0,70.0,57.738128662109375,50.87063980102539,60.2979850769043,52.89249420166016,-15.695615768432617,-13.40476036071777,14.550188064575194,B_underfit(regression-to-mean)
sample_10,beam,90,25.0,25.0,25.0,45.01850509643555,33.767974853515625,45.20384979248047,34.18364715576172,14.393239974975586,14.693748474121094,14.54349422454834,B_underfit(regression-to-mean)
sample_203,beam,174,40.0,30.0,50.0,57.41010284423828,50.558841705322266,58.71971130371094,51.48112487792969,13.984472274780273,15.100418090820312,14.542445182800293,B_underfit(regression-to-mean)
sample_240,beam,286,70.0,70.0,70.0,57.71343994140625,50.8499755859375,60.34820556640625,52.93753433227539,-15.718292236328125,-13.35713005065918,14.537711143493652,B_underfit(regression-to-mean)
sample_240,beam,167,70.0,70.0,70.0,57.66450500488281,50.80451202392578,60.42843627929688,53.01057052612305,-15.765491485595703,-13.280496597290036,14.522994041442871,B_underfit(regression-to-mean)
sample_240,beam,326,70.0,70.0,70.0,57.62762451171875,50.76838302612305,60.51190185546875,53.08273696899414,-15.801996231079102,-13.202680587768555,14.502338409423828,B_underfit(regression-to-mean)
sample_10,beam,91,25.0,25.0,25.0,45.07565307617188,33.85913848876953,45.001346588134766,33.98960494995117,14.467395782470707,14.495475769042969,14.481435775756836,B_underfit(regression-to-mean)
sample_240,beam,266,70.0,70.0,70.0,57.6929931640625,50.831329345703125,60.49954605102539,53.07340240478516,-15.737838745117188,-13.213525772094723,14.475682258605957,B_underfit(regression-to-mean)
sample_240,beam,280,70.0,70.0,70.0,57.70343780517578,50.83934020996094,60.524322509765625,53.09553527832031,-15.72861099243164,-13.190071105957031,14.459341049194336,B_underfit(regression-to-mean)
sample_240,beam,331,70.0,70.0,70.0,57.73013305664063,50.86363220214844,60.50955581665039,53.08141326904297,-15.703117370605465,-13.20451545715332,14.453816413879395,B_underfit(regression-to-mean)
sample_179,column,109,55.0,70.0,40.0,54.14322280883789,52.69189453125,51.871620178222656,51.10809326171875,-1.5824413299560547,-3.510143280029297,14.446286201477053,B_underfit(regression-to-mean)
sample_235,column,37,55.0,70.0,40.0,49.99594879150391,50.13095474243164,53.155391693115234,50.78763198852539,-4.936548233032223,-3.0284881591796875,14.441811561584473,B_underfit(regression-to-mean)
sample_203,beam,177,40.0,30.0,50.0,57.36201477050781,50.5208740234375,58.54185485839844,51.32022857666016,13.941444396972656,14.9310417175293,14.436243057250977,B_underfit(regression-to-mean)
sample_240,beam,327,70.0,70.0,70.0,57.62438201904297,50.76531219482422,60.65732955932617,53.21207427978516,-15.805152893066406,-13.065298080444332,14.435225486755371,B_underfit(regression-to-mean)
sample_240,beam,259,70.0,70.0,70.0,57.69676971435547,50.83708953857422,60.58561706542969,53.14962005615234,-15.733070373535156,-13.132381439208988,14.43272590637207,B_underfit(regression-to-mean)
sample_240,beam,168,70.0,70.0,70.0,57.66469192504883,50.80438232421875,60.6326904296875,53.19222259521485,-15.765462875366211,-13.087543487548825,14.42650318145752,B_underfit(regression-to-mean)
sample_10,beam,89,25.0,25.0,25.0,44.7325439453125,33.50048828125,45.25753402709961,34.174373626708984,14.11651611328125,14.715953826904297,14.416234970092773,B_underfit(regression-to-mean)
sample_203,beam,176,40.0,30.0,50.0,57.40031051635742,50.55595016479492,58.458763122558594,51.24803924560547,13.978130340576172,14.853401184082031,14.415765762329102,B_underfit(regression-to-mean)
sample_240,beam,287,70.0,70.0,70.0,57.7027587890625,50.84044647216797,60.636756896972656,53.19474792480469,-15.728397369384766,-13.084247589111328,14.406322479248047,B_underfit(regression-to-mean)
sample_240,beam,267,70.0,70.0,70.0,57.689727783203125,50.82845687866211,60.68211364746094,53.23619079589844,-15.740907669067383,-13.040847778320312,14.390877723693848,B_underfit(regression-to-mean)
sample_240,beam,336,70.0,70.0,70.0,57.799163818359375,50.93192672729492,60.57288360595703,53.1416244506836,-15.634454727172852,-13.142745971679684,14.38860034942627,B_underfit(regression-to-mean)
sample_203,beam,10,35.0,30.0,40.0,49.82892608642578,43.38287353515625,55.59236526489258,48.71507263183594,11.605899810791016,17.153718948364258,14.379809379577637,B_underfit(regression-to-mean)
sample_240,beam,281,70.0,70.0,70.0,57.69843673706055,50.8349609375,60.70881652832031,53.26003646850586,-15.733301162719727,-13.015573501586914,14.37443733215332,B_underfit(regression-to-mean)
sample_240,beam,169,70.0,70.0,70.0,57.66173553466797,50.80248260498047,60.793678283691406,53.33540344238281,-15.767890930175781,-12.93545913696289,14.351675033569336,B_underfit(regression-to-mean)
sample_240,beam,260,70.0,70.0,70.0,57.69379806518555,50.83466720581055,60.79575347900391,53.337158203125,-15.735767364501953,-12.933544158935543,14.33465576171875,B_underfit(regression-to-mean)
sample_240,beam,332,70.0,70.0,70.0,57.724029541015625,50.85787963867188,60.77233505249024,53.31562805175781,-15.709045410156246,-12.956018447875973,14.332531929016113,B_underfit(regression-to-mean)
sample_203,beam,173,40.0,30.0,50.0,57.353328704833984,50.4991340637207,58.33467864990234,51.13703155517578,13.926231384277344,14.735855102539059,14.331043243408203,B_underfit(regression-to-mean)
sample_240,beam,268,70.0,70.0,70.0,57.68711853027344,50.826133728027344,60.83844757080078,53.37556838989258,-15.74337387084961,-12.89299201965332,14.318182945251465,B_underfit(regression-to-mean)
sample_179,beam,94,37.5,50.0,25.0,56.15915298461914,49.35761642456055,54.222782135009766,47.507625579833984,15.258384704589844,13.365203857421875,14.31179428100586,B_underfit(regression-to-mean)
sample_240,beam,282,70.0,70.0,70.0,57.69571304321289,50.832557678222656,60.85352325439453,53.38887786865234,-15.735864639282227,-12.878799438476566,14.307332038879395,B_underfit(regression-to-mean)
sample_240,beam,288,70.0,70.0,70.0,57.69755554199219,50.8359603881836,60.85413360595703,53.38874816894531,-15.733242034912106,-12.878559112548828,14.305900573730469,B_underfit(regression-to-mean)
sample_233,beam,42,66.0,72.0,60.0,56.537391662597656,49.63053131103516,53.685150146484375,46.97782516479492,-12.91603851318359,-15.668512344360352,14.292275428771973,B_underfit(regression-to-mean)
sample_151,beam,0,60.0,70.0,50.0,47.64817428588867,40.8248405456543,50.58926773071289,43.79583740234375,-15.763492584228516,-12.80744743347168,14.285470008850098,B_underfit(regression-to-mean)
sample_240,beam,261,70.0,70.0,70.0,57.69034576416016,50.83175659179688,60.97533416748047,53.497318267822266,-15.738948822021477,-12.763673782348633,14.251311302185059,B_underfit(regression-to-mean)
sample_10,beam,92,25.0,25.0,25.0,44.82622146606445,33.747642517089844,44.71554946899414,33.66417694091797,14.286931991577148,14.189863204956055,14.238397598266602,B_underfit(regression-to-mean)
sample_240,beam,333,70.0,70.0,70.0,57.71904373168945,50.853248596191406,60.9779052734375,53.49899291992188,-15.71385383605957,-12.761550903320309,14.237702369689941,B_underfit(regression-to-mean)
sample_240,beam,337,70.0,70.0,70.0,57.790809631347656,50.9235725402832,60.92292022705078,53.45452117919922,-15.64280891418457,-12.811279296875,14.227044105529785,B_underfit(regression-to-mean)
sample_233,beam,219,66.0,72.0,60.0,56.13460159301758,49.25786209106445,54.23518371582031,47.467247009277344,-13.303768157958984,-15.148784637451172,14.226276397705078,B_underfit(regression-to-mean)
sample_240,beam,289,70.0,70.0,70.0,57.69397735595703,50.83286285400391,61.026466369628906,53.542442321777344,-15.736579895019528,-12.715545654296875,14.226062774658203,B_underfit(regression-to-mean)
sample_240,beam,334,70.0,70.0,70.0,57.71522521972656,50.85017395019531,61.12215042114258,53.62748718261719,-15.717300415039062,-12.625181198120117,14.17124080657959,B_underfit(regression-to-mean)
sample_189,beam,12,35.0,40.0,30.0,50.871280670166016,43.94830703735352,54.23200988769531,47.51651763916016,12.40979385375977,15.874263763427738,14.14202880859375,B_underfit(regression-to-mean)
sample_233,beam,218,66.0,72.0,60.0,56.5651969909668,49.66788482666016,54.00294494628906,47.260440826416016,-12.88345909118652,-15.368307113647461,14.125883102416992,B_underfit(regression-to-mean)
sample_151,column,42,65.0,70.0,60.0,50.48841857910156,50.55142593383789,51.231689453125,51.2781867980957,-14.480077743530273,-13.745061874389648,14.112569808959961,B_underfit(regression-to-mean)
sample_240,beam,338,70.0,70.0,70.0,57.78517150878906,50.91739654541016,61.19182205200195,53.69490814208984,-15.648715972900387,-12.556634902954105,14.102675437927246,B_underfit(regression-to-mean)
sample_179,beam,201,42.5,60.0,25.0,57.28520202636719,50.44887924194336,56.36238861083984,49.385196685791016,11.367040634155273,10.373792648315426,14.046621322631836,B_underfit(regression-to-mean)
sample_179,beam,203,42.5,60.0,25.0,57.3713493347168,50.52761459350586,56.39501953125,49.41150665283203,11.449481964111328,10.403263092041016,14.043188095092773,B_underfit(regression-to-mean)
sample_233,beam,41,66.0,72.0,60.0,56.919464111328125,50.04590606689453,53.79802703857422,47.0738639831543,-12.517314910888672,-15.564054489135742,14.040684700012207,B_underfit(regression-to-mean)
sample_233,beam,46,66.0,72.0,60.0,56.18090057373047,49.273048400878906,54.63275909423828,47.81954193115234,-13.273025512695312,-14.773849487304691,14.0234375,B_underfit(regression-to-mean)
sample_203,beam,172,40.0,30.0,50.0,57.21852493286133,50.36104965209961,57.80517578125,50.66537094116211,13.789787292480469,14.235273361206055,14.012530326843262,B_underfit(regression-to-mean)
sample_10,beam,85,25.0,25.0,25.0,43.94539642333984,32.96698760986328,44.97362518310547,34.06647872924805,13.456192016601559,14.520051956176758,13.98812198638916,B_underfit(regression-to-mean)
sample_240,beam,339,70.0,70.0,70.0,57.77674102783203,50.91015625,61.47858047485352,53.95087432861328,-15.656551361083984,-12.285272598266598,13.970911979675293,B_underfit(regression-to-mean)
sample_251,beam,27,45.0,50.0,40.0,37.23052215576172,29.52725982666016,32.30350875854492,25.074127197265625,-11.62110900878906,-16.311182022094727,13.966145515441895,B_underfit(regression-to-mean)
sample_10,beam,86,25.0,25.0,25.0,43.93302917480469,33.067081451416016,44.864532470703125,33.99441909790039,13.500055313110352,14.429475784301758,13.964765548706055,B_underfit(regression-to-mean)
sample_10,beam,88,25.0,25.0,25.0,43.85579299926758,32.774688720703125,45.17607498168945,33.975318908691406,13.315240859985352,14.57569694519043,13.94546890258789,B_underfit(regression-to-mean)
sample_235,column,38,55.0,70.0,40.0,49.700801849365234,49.87411117553711,54.78481674194336,50.37999725341797,-5.212543487548828,-2.417593002319336,13.942122459411621,B_underfit(regression-to-mean)
sample_233,beam,262,66.0,72.0,60.0,56.61669921875,49.70668411254883,54.35601806640625,47.57942962646485,-12.838308334350586,-15.03227615356445,13.93529224395752,B_underfit(regression-to-mean)
sample_182,beam,151,30.0,30.0,30.0,47.39310073852539,41.27943420410156,46.25843048095703,40.80428695678711,14.336267471313477,13.53135871887207,13.933813095092773,B_underfit(regression-to-mean)
sample_10,beam,158,70.0,80.0,60.0,57.72792816162109,50.86589431762695,61.63761138916016,54.09131622314453,-15.70308876037598,-12.135536193847653,13.919312477111816,B_underfit(regression-to-mean)
sample_251,beam,94,45.0,50.0,40.0,36.25920486450195,29.006969451904297,33.40242385864258,25.72616958618164,-12.366912841796875,-15.43570327758789,13.901308059692383,B_underfit(regression-to-mean)
sample_233,beam,305,66.0,72.0,60.0,56.6859130859375,49.76960372924805,54.37626647949219,47.59708023071289,-12.772241592407227,-15.013326644897461,13.892784118652344,B_underfit(regression-to-mean)
sample_10,beam,98,70.0,80.0,60.0,57.7554931640625,50.89094924926758,61.68689727783203,54.1382064819336,-15.676778793334961,-12.087448120117184,13.882113456726074,B_underfit(regression-to-mean)
sample_240,beam,340,70.0,70.0,70.0,57.77206802368164,50.90608978271485,61.68939971923828,54.13885116577149,-15.660921096801754,-12.085874557495114,13.873397827148438,B_underfit(regression-to-mean)
sample_31,beam,89,30.0,30.0,30.0,47.10951232910156,41.07073974609375,46.642208099365234,40.509056091308594,14.090126037597656,13.575632095336914,13.832879066467285,B_underfit(regression-to-mean)
sample_10,beam,84,25.0,25.0,25.0,43.69462585449219,32.713111877441406,44.942752838134766,33.94495391845703,13.203868865966797,14.443853378295898,13.823861122131348,B_underfit(regression-to-mean)
sample_240,beam,341,70.0,70.0,70.0,57.771244049072266,50.90574645996094,61.84575271606445,54.27819061279297,-15.661504745483398,-11.938028335571289,13.799766540527344,B_underfit(regression-to-mean)
sample_179,column,111,55.0,70.0,40.0,60.56514358520508,56.19395446777344,57.175411224365234,56.7138671875,3.379549026489258,1.9446392059326172,13.791816711425781,B_underfit(regression-to-mean)
sample_233,beam,221,66.0,72.0,60.0,56.34259033203125,49.45936965942383,54.99884796142578,48.1434211730957,-13.099020004272461,-14.428865432739258,13.76394271850586,B_underfit(regression-to-mean)
sample_233,beam,23,66.0,72.0,60.0,56.741432189941406,49.81154251098633,54.70251083374024,47.89149856567383,-12.723512649536133,-14.702995300292965,13.71325397491455,B_underfit(regression-to-mean)
sample_233,beam,51,66.0,72.0,60.0,56.38736724853516,49.5024642944336,55.07964324951172,48.21327590942383,-13.055084228515618,-14.353540420532227,13.704312324523926,B_underfit(regression-to-mean)
sample_182,beam,69,30.0,30.0,30.0,47.14323043823242,41.169715881347656,45.85406875610352,40.62527847290039,14.156473159790039,13.239673614501957,13.698073387145996,B_underfit(regression-to-mean)
sample_233,beam,261,66.0,72.0,60.0,56.8820686340332,49.98738098144531,54.590065002441406,47.78713607788086,-12.565275192260742,-14.811399459838867,13.688337326049805,B_underfit(regression-to-mean)
sample_10,beam,87,25.0,25.0,25.0,43.630821228027344,32.93846893310547,44.49391555786133,33.65890121459961,13.284645080566406,14.076408386230469,13.680526733398438,B_underfit(regression-to-mean)
sample_251,beam,33,45.0,50.0,40.0,37.04680633544922,29.42648696899414,33.28003692626953,25.588380813598636,-11.76335334777832,-15.565791130065916,13.66457223892212,B_underfit(regression-to-mean)
sample_208,beam,82,27.5,30.0,25.0,42.05769348144531,33.00374221801758,48.48134994506836,40.8618278503418,10.030717849731445,17.171588897705078,13.601153373718262,B_underfit(regression-to-mean)
sample_233,beam,304,66.0,72.0,60.0,56.98131561279297,50.088523864746094,54.68536376953125,47.87255096435547,-12.465080261230469,-14.72104263305664,13.593061447143555,B_underfit(regression-to-mean)
sample_233,beam,2,66.0,72.0,60.0,56.80405426025391,49.89105987548828,54.91133880615234,48.06923675537109,-12.652442932128903,-14.509712219238288,13.581077575683594,B_underfit(regression-to-mean)
sample_233,beam,222,66.0,72.0,60.0,56.656436920166016,49.79020690917969,55.066688537597656,48.19855499267578,-12.776678085327148,-14.367378234863281,13.572028160095215,B_underfit(regression-to-mean)
sample_233,beam,332,56.0,62.0,50.0,47.65757751464844,41.5075569152832,42.7739143371582,37.77798843383789,-11.41743278503418,-15.724048614501953,13.570740699768066,B_underfit(regression-to-mean)
sample_195,beam,71,60.0,60.0,60.0,49.45171356201172,42.836181640625,49.83727264404297,43.61543655395508,-13.85605239868164,-13.273645401000977,13.564848899841309,B_underfit(regression-to-mean)
sample_233,beam,264,66.0,72.0,60.0,56.61032485961914,49.71955490112305,55.17583465576172,48.30281448364258,-12.835060119628906,-14.260675430297852,13.547867774963379,B_underfit(regression-to-mean)
sample_233,beam,307,66.0,72.0,60.0,56.58926010131836,49.696434020996094,55.263893127441406,48.3865852355957,-12.857152938842773,-14.174760818481445,13.515956878662108,B_underfit(regression-to-mean)
sample_189,beam,6,32.5,25.0,40.0,47.679229736328125,41.26971435546875,50.82204818725586,44.261993408203125,11.974472045898438,15.042020797729492,13.508246421813965,B_underfit(regression-to-mean)
sample_10,beam,171,65.0,75.0,55.0,52.09833908081055,45.347801208496094,57.83700180053711,50.69355773925781,-16.27692985534668,-10.734720230102539,13.50582504272461,B_underfit(regression-to-mean)
sample_195,beam,78,60.0,60.0,60.0,49.21372222900391,42.606876373291016,50.2334213256836,43.99193572998047,-14.089700698852536,-12.887321472167965,13.488511085510254,B_underfit(regression-to-mean)
sample_203,beam,171,40.0,30.0,50.0,56.73885345458984,49.89591598510742,56.69573211669922,49.6787109375,13.31738471984863,13.18722152709961,13.46498966217041,B_underfit(regression-to-mean)
sample_251,beam,58,35.0,40.0,30.0,54.639766693115234,47.98615646362305,48.51113128662109,42.59123229980469,16.31296157836914,10.551181793212887,13.432071685791016,B_underfit(regression-to-mean)
sample_192,beam,24,30.0,35.0,25.0,46.30268096923828,40.83950805664063,46.2287712097168,40.33221435546875,13.571094512939457,13.280492782592773,13.425793647766112,B_underfit(regression-to-mean)
sample_235,beam,11,65.0,80.0,50.0,53.75152206420898,47.106571197509766,56.261810302734375,49.29200744628906,-14.570953369140629,-12.223091125488281,13.397022247314451,B_underfit(regression-to-mean)
sample_10,beam,83,25.0,25.0,25.0,42.89134216308594,32.13969421386719,44.78344345092773,33.6994514465332,12.515518188476562,14.241447448730465,13.378482818603516,B_underfit(regression-to-mean)
sample_189,column,63,47.5,35.0,60.0,58.601200103759766,56.3721809387207,59.85585403442383,58.597206115722656,9.986690521240234,11.726530075073242,13.371916770935059,B_underfit(regression-to-mean)
sample_189,beam,10,35.0,40.0,30.0,49.34923553466797,42.75486373901367,54.01649475097656,47.32436752319336,11.05204963684082,15.670431137084961,13.36124038696289,B_underfit(regression-to-mean)
sample_203,beam,170,40.0,30.0,50.0,53.45154571533203,46.71031188964844,53.7677001953125,47.0941276550293,10.080928802490234,10.430913925170898,13.3537015914917,B_underfit(regression-to-mean)
sample_251,beam,124,45.0,50.0,40.0,37.31082534790039,29.56744766235352,33.12351608276367,26.608806610107425,-11.560863494873045,-15.133838653564451,13.34735107421875,B_underfit(regression-to-mean)
sample_92,beam,110,40.0,30.0,50.0,52.67943572998047,45.81525421142578,50.69495391845703,44.21648025512695,9.247344970703125,7.455717086791992,13.335663795471191,B_underfit(regression-to-mean)
sample_233,beam,44,66.0,72.0,60.0,56.9691276550293,50.07080459594727,55.24991989135742,48.389408111572266,-12.480033874511715,-14.180335998535156,13.330184936523438,B_underfit(regression-to-mean)
sample_92,beam,61,40.0,30.0,50.0,52.86918258666992,45.99653625488281,51.10340118408203,44.66512680053711,9.432859420776367,7.88426399230957,13.327730178833008,B_underfit(regression-to-mean)
sample_233,beam,212,66.0,72.0,60.0,56.55827713012695,49.6248779296875,55.772499084472656,48.85786056518555,-12.908422470092773,-13.684820175170898,13.296621322631836,B_underfit(regression-to-mean)
sample_92,beam,109,40.0,30.0,50.0,49.39434814453125,42.60316848754883,49.43541717529297,43.05406188964844,5.998758316040039,6.244739532470703,13.293133735656738,B_underfit(regression-to-mean)
sample_243,beam,230,20.0,20.0,20.0,38.241092681884766,32.419471740722656,32.40919494628906,30.094669342041016,15.330282211303711,11.251932144165039,13.291107177734377,B_underfit(regression-to-mean)
sample_233,beam,22,66.0,72.0,60.0,56.89427947998047,49.979042053222656,55.4455680847168,48.55196380615234,-12.563339233398438,-14.001234054565433,13.282286643981934,B_underfit(regression-to-mean)
sample_233,beam,216,66.0,72.0,60.0,57.100128173828125,50.20381164550781,55.230262756347656,48.36098861694336,-12.348030090332031,-14.204374313354492,13.276202201843262,B_underfit(regression-to-mean)
sample_233,beam,308,66.0,72.0,60.0,56.83705520629883,49.975582122802734,55.4998664855957,48.590965270996094,-12.593681335449219,-13.954584121704102,13.27413272857666,B_underfit(regression-to-mean)
sample_92,beam,60,40.0,30.0,50.0,49.03377532958984,42.37008666992188,49.79300308227539,43.45198440551758,5.701930999755859,6.622493743896484,13.251176834106445,B_underfit(regression-to-mean)
sample_92,beam,107,40.0,30.0,50.0,48.93634796142578,42.24846649169922,49.25185775756836,42.95900344848633,5.5924072265625,6.105430603027344,13.245183944702148,B_underfit(regression-to-mean)
sample_208,column,40,60.0,50.0,70.0,61.062931060791016,55.034786224365234,60.39948654174805,53.47010040283203,-1.951141357421875,-3.065206527709961,13.23938274383545,B_underfit(regression-to-mean)
sample_208,column,54,60.0,50.0,70.0,61.33330535888672,55.175323486328125,59.82367706298828,53.045169830322266,-1.7456855773925781,-3.5655765533447266,13.234122276306152,B_underfit(regression-to-mean)
sample_92,beam,108,40.0,30.0,50.0,48.70796203613281,42.04711532592773,49.06821441650391,42.82342529296875,5.37753868103027,5.945819854736332,13.226408958435059,B_underfit(regression-to-mean)
sample_208,column,57,60.0,50.0,70.0,61.14554214477539,55.056114196777344,60.1713752746582,53.392852783203125,-1.8991718292236328,-3.217885971069336,13.216987609863281,B_underfit(regression-to-mean)
sample_142,column,15,50.0,50.0,50.0,37.80713653564453,38.12006378173828,35.15807342529297,36.07065200805664,-12.036399841308594,-14.385637283325195,13.211018562316895,B_underfit(regression-to-mean)
sample_233,beam,50,66.0,72.0,60.0,57.225860595703125,50.34417343139648,55.254005432128906,48.38198471069336,-12.214982986450199,-14.182004928588867,13.198493957519531,B_underfit(regression-to-mean)
sample_92,beam,59,40.0,30.0,50.0,48.42253112792969,41.92924118041992,49.40800094604492,43.13970184326172,5.175886154174805,6.27385139465332,13.190397262573242,B_underfit(regression-to-mean)
sample_208,column,1,60.0,50.0,70.0,61.20032501220703,55.62417602539063,61.12109756469727,53.950782775878906,-1.5877494812011683,-2.4640598297119105,13.186615943908691,B_underfit(regression-to-mean)
sample_208,column,74,60.0,50.0,70.0,61.305023193359375,54.9924201965332,59.32321166992188,52.92349624633789,-1.851278305053711,-3.8766460418701136,13.178079605102539,B_underfit(regression-to-mean)
sample_233,beam,265,66.0,72.0,60.0,56.9892578125,50.126590728759766,55.6242561340332,48.69384765625,-12.442075729370117,-13.840948104858398,13.141511917114258,B_underfit(regression-to-mean)
sample_233,beam,210,66.0,72.0,60.0,56.93519592285156,50.04201889038086,55.7175178527832,48.799293518066406,-12.511392593383789,-13.741594314575195,13.126493453979492,B_underfit(regression-to-mean)
sample_142,column,17,50.0,50.0,50.0,37.82405471801758,38.14530944824219,35.31587219238281,36.21284484863281,-12.015317916870117,-14.235641479492188,13.125479698181152,B_underfit(regression-to-mean)
sample_195,beam,57,60.0,60.0,60.0,49.48502731323242,42.933250427246094,50.71848678588867,44.39266204833984,-13.790861129760742,-12.444425582885746,13.117643356323242,B_underfit(regression-to-mean)
sample_243,beam,229,20.0,20.0,20.0,38.29127883911133,32.22473907470703,32.1512451171875,29.794322967529297,15.25800895690918,10.972784042358398,13.115396499633789,B_underfit(regression-to-mean)
sample_142,column,14,50.0,50.0,50.0,37.813751220703125,38.13552474975586,35.34706497192383,36.242897033691406,-12.025362014770508,-14.205018997192383,13.115190505981445,B_underfit(regression-to-mean)
sample_233,beam,330,56.0,62.0,50.0,47.65646362304688,41.52605819702149,43.51794052124024,38.89552688598633,-11.408739089965813,-14.793266296386715,13.10100269317627,B_underfit(regression-to-mean)
sample_189,column,74,45.0,45.0,45.0,61.17793655395508,56.11309814453125,57.91538619995117,57.108585357666016,13.645517349243164,12.511985778808594,13.078751564025879,B_underfit(regression-to-mean)
sample_233,beam,39,66.0,72.0,60.0,57.17753982543945,50.297889709472656,55.5599365234375,48.65858840942383,-12.262285232543945,-13.890737533569336,13.07651138305664,B_underfit(regression-to-mean)
sample_208,column,43,60.0,50.0,70.0,60.368141174316406,54.47463607788086,60.19063568115234,53.82011032104492,-2.578611373901367,-2.9946269989013707,13.066007614135742,B_underfit(regression-to-mean)
sample_243,beam,231,20.0,20.0,20.0,37.8470344543457,31.85923194885254,32.44234085083008,30.06119537353516,14.853133201599121,11.251768112182619,13.052450656890867,B_underfit(regression-to-mean)
sample_182,beam,68,30.0,30.0,30.0,46.10850143432617,40.64473342895508,45.10752487182617,40.340476989746094,13.376617431640625,12.724000930786133,13.050309181213379,B_underfit(regression-to-mean)
sample_203,beam,91,27.5,30.0,25.0,41.2689323425293,36.559349060058594,44.42398452758789,39.92586135864258,11.414140701293945,14.674922943115234,13.04453182220459,B_underfit(regression-to-mean)
sample_142,column,13,50.0,50.0,50.0,37.84797668457031,38.172119140625,35.46992874145508,36.352294921875,-11.989952087402344,-14.088888168334961,13.039420127868652,B_underfit(regression-to-mean)
sample_208,column,60,60.0,50.0,70.0,60.31635284423828,54.363399505615234,59.82012939453125,53.655906677246094,-2.660123825073242,-3.261981964111328,13.02929401397705,B_underfit(regression-to-mean)
sample_208,column,17,60.0,50.0,70.0,60.51876068115234,55.66355514526367,60.89967346191406,53.648223876953125,-1.9088420867919957,-2.7260513305664062,13.026663780212402,B_underfit(regression-to-mean)
sample_251,beam,206,45.0,50.0,40.0,38.42167663574219,30.12096405029297,33.745819091796875,25.63385963439941,-10.728679656982422,-15.310160636901857,13.019420146942139,B_underfit(regression-to-mean)
sample_92,beam,58,40.0,30.0,50.0,46.99007415771485,41.1306266784668,49.33283233642578,43.124698638916016,4.060350418090824,6.228765487670898,13.016895294189453,B_underfit(regression-to-mean)
sample_233,beam,70,66.0,72.0,60.0,56.67597579956055,49.787696838378906,56.2657470703125,49.27341079711914,-12.768163681030273,-13.23042106628418,12.999292373657227,B_underfit(regression-to-mean)
sample_243,beam,194,20.0,20.0,20.0,38.57173538208008,33.27914810180664,31.210712432861328,28.926437377929688,15.92544174194336,10.068574905395508,12.997008323669434,B_underfit(regression-to-mean)
sample_31,beam,4,30.0,30.0,30.0,47.90416717529297,41.5894660949707,44.33959579467773,38.15267181396485,14.746816635131836,11.246133804321289,12.996475219726562,B_underfit(regression-to-mean)
sample_208,column,21,60.0,50.0,70.0,61.294883728027344,56.54676055908203,60.96017074584961,53.831390380859375,-1.0791778564453125,-2.604219436645508,12.969225883483887,B_underfit(regression-to-mean)
sample_233,beam,5,66.0,72.0,60.0,57.33415603637695,50.46488952636719,55.631935119628906,48.70685577392578,-12.10047721862793,-13.830604553222656,12.965540885925293,B_underfit(regression-to-mean)
sample_233,beam,239,66.0,72.0,60.0,56.922813415527344,50.03805541992188,56.1181640625,49.13935852050781,-12.519565582275387,-13.371238708496094,12.945402145385742,B_underfit(regression-to-mean)
sample_208,column,51,60.0,50.0,70.0,59.91080093383789,54.2962760925293,59.03154754638672,52.88898849487305,-2.8964614868164062,-4.039731979370117,12.939270973205566,B_underfit(regression-to-mean)
sample_142,beam,27,50.0,50.0,50.0,38.89566040039063,36.48134231567383,36.92169570922852,35.95084762573242,-12.31149864196777,-13.563728332519528,12.937613487243652,B_underfit(regression-to-mean)
sample_233,beam,3,66.0,72.0,60.0,56.96162414550781,50.07342147827149,56.1137924194336,49.14773941040039,-12.482477188110348,-13.369234085083004,12.92585563659668,B_underfit(regression-to-mean)
sample_142,column,11,50.0,50.0,50.0,37.821868896484375,38.14464569091797,35.73759841918945,36.59439468383789,-12.016742706298828,-13.834003448486328,12.925373077392578,B_underfit(regression-to-mean)
sample_233,beam,15,66.0,72.0,60.0,57.28514862060547,50.3914794921875,55.821590423583984,48.88983154296875,-12.161685943603516,-13.644289016723633,12.902987480163574,B_underfit(regression-to-mean)
sample_208,column,5,60.0,50.0,70.0,58.825965881347656,54.01941680908203,61.00834655761719,54.20656967163086,-3.5773086547851562,-2.3925418853759766,12.902081489562988,B_underfit(regression-to-mean)
sample_142,column,20,50.0,50.0,50.0,37.874732971191406,38.20301818847656,35.74824523925781,36.59421920776367,-11.961124420166016,-13.828767776489258,12.894946098327637,B_underfit(regression-to-mean)
sample_251,beam,209,45.0,60.0,30.0,37.72102737426758,29.77284240722656,34.7314338684082,26.209836959838867,-11.253065109252931,-14.529364585876465,12.891214847564697,B_underfit(regression-to-mean)
sample_208,column,66,60.0,50.0,70.0,59.794803619384766,54.01235580444336,58.70320892333984,52.92259979248047,-3.0964202880859375,-4.187095642089847,12.890764236450195,B_underfit(regression-to-mean)
sample_39,beam,142,30.0,30.0,30.0,45.32390594482422,40.14781951904297,45.639007568359375,40.42192840576172,12.735862731933594,13.030467987060547,12.88316535949707,B_underfit(regression-to-mean)
sample_195,beam,60,62.5,65.0,60.0,54.34146118164063,47.4626350402832,51.553070068359375,45.1417121887207,-11.597951889038082,-14.152608871459961,12.875280380249023,B_underfit(regression-to-mean)
sample_251,beam,208,45.0,60.0,30.0,37.92171096801758,29.86857032775879,34.59654235839844,26.11792755126953,-11.104859352111816,-14.642765045166016,12.873812198638916,B_underfit(regression-to-mean)
sample_233,beam,259,66.0,72.0,60.0,57.22354888916016,50.32807922363281,55.95563507080078,49.00879287719727,-12.224185943603512,-13.517786026000973,12.870985984802246,B_underfit(regression-to-mean)
sample_189,beam,184,50.0,60.0,40.0,41.45532989501953,31.666522979736328,43.01454162597656,32.439632415771484,-13.43907356262207,-12.272912979125977,12.855993270874023,B_underfit(regression-to-mean)
sample_192,beam,26,30.0,35.0,25.0,46.753395080566406,41.0554313659668,44.51306915283203,39.02837371826172,13.904413223266602,11.770721435546875,12.837567329406738,B_underfit(regression-to-mean)
sample_233,beam,43,66.0,72.0,60.0,57.04058074951172,50.1521110534668,56.21580505371094,49.24772644042969,-12.403654098510742,-13.268234252929688,12.835944175720215,B_underfit(regression-to-mean)
sample_251,beam,211,45.0,60.0,30.0,37.244728088378906,29.64839553833008,35.24532699584961,26.52443504333496,-11.553438186645506,-14.115118980407715,12.834278583526611,B_underfit(regression-to-mean)
sample_208,column,48,60.0,50.0,70.0,59.76112747192383,54.166778564453125,58.805458068847656,53.06624603271485,-3.0360469818115234,-4.0641479492187464,12.833390235900879,B_underfit(regression-to-mean)
sample_208,column,37,60.0,50.0,70.0,60.742149353027344,56.18744659423828,60.35826110839844,53.58072662353516,-1.5352020263671875,-3.0305061340331996,12.833059310913086,B_underfit(regression-to-mean)
sample_251,beam,210,45.0,60.0,30.0,37.457149505615234,29.688838958740234,35.14359664916992,26.44580078125,-11.427005767822266,-14.205301284790039,12.816153526306152,B_underfit(regression-to-mean)
sample_208,column,63,60.0,50.0,70.0,59.62913513183594,53.94097900390625,58.58414459228516,53.0373649597168,-3.2149429321289062,-4.18924522399902,12.808733940124512,B_underfit(regression-to-mean)
sample_233,beam,302,66.0,72.0,60.0,57.30950546264648,50.41693878173828,56.01945495605469,49.067325592041016,-12.13677787780762,-13.456609725952148,12.796693801879883,B_underfit(regression-to-mean)
sample_208,column,2,60.0,50.0,70.0,61.64567184448242,56.26105499267578,60.623443603515625,54.82280349731445,-1.0466365814208984,-2.276876449584961,12.796314239501953,B_underfit(regression-to-mean)
sample_195,beam,58,60.0,60.0,60.0,49.87271881103516,43.27537155151367,51.04136657714844,44.68294525146485,-13.425954818725582,-12.137844085693356,12.781899452209473,B_underfit(regression-to-mean)
sample_233,beam,14,66.0,72.0,60.0,57.18114471435547,50.29812240600586,56.19498443603516,49.2202033996582,-12.260366439819336,-13.292406082153317,12.776386260986328,B_underfit(regression-to-mean)
sample_189,beam,182,50.0,60.0,40.0,41.586669921875,31.79265785217285,43.06173706054688,32.463958740234375,-13.310336112976074,-12.237152099609371,12.773744106292725,B_underfit(regression-to-mean)
sample_233,beam,63,66.0,72.0,60.0,56.94905471801758,50.05353546142578,56.455352783203125,49.44819641113281,-12.49870491027832,-13.048225402832031,12.773465156555176,B_underfit(regression-to-mean)
sample_10,beam,112,65.0,75.0,55.0,53.84561920166016,47.06563186645508,57.58169174194336,50.46450805664063,-14.54437446594238,-10.976900100708004,12.760637283325195,B_underfit(regression-to-mean)
sample_203,beam,100,40.0,50.0,30.0,56.014686584472656,49.21237182617188,56.363895416259766,49.389793395996094,12.61352920532227,12.87684440612793,12.745186805725098,B_underfit(regression-to-mean)
sample_233,beam,234,66.0,72.0,60.0,56.993770599365234,50.077144622802734,56.511192321777344,49.4986572265625,-12.464542388916016,-12.995075225830078,12.729808807373047,B_underfit(regression-to-mean)
sample_189,beam,180,50.0,60.0,40.0,41.63365173339844,31.82834243774414,43.13250732421875,32.50863265991211,-13.269002914428711,-12.17943000793457,12.72421646118164,B_underfit(regression-to-mean)
sample_233,beam,253,66.0,72.0,60.0,57.18789291381836,50.29487991333008,56.33302307128906,49.350982666015625,-12.258613586425781,-13.157997131347656,12.708305358886719,B_underfit(regression-to-mean)
sample_233,beam,296,66.0,72.0,60.0,57.26151657104492,50.37035369873047,56.27945709228516,49.302711486816406,-12.184064865112305,-13.208915710449215,12.696490287780762,B_underfit(regression-to-mean)
sample_142,beam,25,50.0,50.0,50.0,38.71849822998047,36.01381301879883,37.93247985839844,36.64714050292969,-12.633844375610352,-12.710189819335938,12.672017097473145,B_underfit(regression-to-mean)
sample_243,beam,232,20.0,20.0,20.0,37.46254348754883,31.45518493652344,32.18771743774414,29.54955673217773,14.458864212036135,10.868637084960936,12.663750648498535,B_underfit(regression-to-mean)
sample_208,column,22,60.0,50.0,70.0,61.582763671875,56.955265045166016,60.649147033691406,54.664180755615234,-0.7309856414794922,-2.3433361053466797,12.653116226196289,B_underfit(regression-to-mean)
sample_189,beam,178,50.0,60.0,40.0,41.72738265991211,31.889036178588867,43.19790649414063,32.59461975097656,-13.191790580749512,-12.103736877441403,12.647763729095459,B_underfit(regression-to-mean)
sample_142,beam,30,50.0,50.0,50.0,38.988189697265625,36.54279708862305,37.52143478393555,36.37173080444336,-12.234506607055664,-13.053417205810547,12.643961906433105,B_underfit(regression-to-mean)
sample_233,beam,18,66.0,72.0,60.0,57.28308868408203,50.39604187011719,56.37703704833984,49.38564300537109,-12.16043472290039,-13.118659973144538,12.639547348022461,B_underfit(regression-to-mean)
sample_195,beam,79,60.0,60.0,60.0,50.2220458984375,43.58803176879883,51.014347076416016,44.685089111328125,-13.094961166381836,-12.15028190612793,12.622621536254883,B_underfit(regression-to-mean)
sample_142,column,16,50.0,50.0,50.0,37.82825469970703,38.15769577026367,36.41170120239258,37.19190979003906,-12.007024765014648,-13.19819450378418,12.602609634399414,B_underfit(regression-to-mean)
sample_208,column,18,60.0,50.0,70.0,61.00298309326172,56.26996994018555,60.490867614746094,54.8188591003418,-1.3635234832763672,-2.3451366424560547,12.601255416870117,B_underfit(regression-to-mean)
sample_233,beam,211,66.0,72.0,60.0,57.020450592041016,50.10390472412109,56.7520866394043,49.72809600830078,-12.437822341918949,-12.759908676147461,12.598865509033201,B_underfit(regression-to-mean)
sample_208,column,25,60.0,50.0,70.0,58.93203353881836,55.14913177490234,60.67507553100586,54.09494018554688,-2.959417343139652,-2.6149921417236293,12.59075927734375,B_underfit(regression-to-mean)
sample_151,column,49,65.0,70.0,60.0,53.16912078857422,51.5870361328125,53.7784423828125,51.10564041137695,-12.62192153930664,-12.557958602905273,12.589940071105957,B_underfit(regression-to-mean)
sample_233,beam,61,66.0,72.0,60.0,56.69925308227539,49.79911422729492,57.1219367980957,50.04422378540039,-12.750816345214844,-12.416919708251953,12.583868026733398,B_underfit(regression-to-mean)
sample_243,beam,247,20.0,20.0,20.0,37.85862731933594,30.543964385986328,32.87591552734375,29.034225463867188,14.201295852661133,10.955070495605469,12.5781831741333,B_underfit(regression-to-mean)
sample_233,beam,298,66.0,72.0,60.0,57.13922882080078,50.22658157348633,56.667091369628906,49.660152435302734,-12.317094802856445,-12.83637809753418,12.576736450195312,B_underfit(regression-to-mean)
sample_233,beam,38,66.0,72.0,60.0,57.22823333740234,50.34929275512695,56.5643310546875,49.559326171875,-12.211236953735355,-12.93817138671875,12.57470417022705,B_underfit(regression-to-mean)
sample_208,column,13,60.0,50.0,70.0,57.27046585083008,53.67526626586914,60.45289993286133,53.85469055175781,-4.527133941650391,-2.8462047576904297,12.548352241516113,B_underfit(regression-to-mean)
sample_208,column,0,60.0,50.0,70.0,61.68638610839844,56.4350471496582,60.30420684814453,55.36393737792969,-0.9392833709716797,-2.1659278869628906,12.54790210723877,B_underfit(regression-to-mean)
sample_233,beam,57,66.0,72.0,60.0,56.397071838378906,49.47525787353516,57.5428466796875,50.41647338867188,-13.063835144042965,-12.020339965820309,12.54208755493164,B_underfit(regression-to-mean)
sample_208,column,6,60.0,50.0,70.0,59.667579650878906,54.65831756591797,60.471221923828125,55.32742691040039,-2.8370513916015625,-2.100675582885742,12.538264274597168,B_underfit(regression-to-mean)
sample_233,beam,227,66.0,72.0,60.0,56.80212020874024,49.924781799316406,57.106712341308594,50.02505874633789,-12.636548995971676,-12.434114456176758,12.535331726074219,B_underfit(regression-to-mean)
sample_92,beam,76,32.5,35.0,30.0,47.72213745117188,41.40816116333008,48.53443908691406,42.4671745300293,12.06514930725098,13.00080680847168,12.532978057861328,B_underfit(regression-to-mean)
sample_182,beam,125,30.0,30.0,30.0,42.595680236816406,37.52081680297852,48.013092041015625,41.874755859375,10.058248519897464,14.943923950195312,12.501086235046387,B_underfit(regression-to-mean)
sample_233,beam,232,66.0,72.0,60.0,56.91229248046875,50.00838088989258,57.09009552001953,50.01474380493164,-12.539663314819336,-12.447580337524414,12.493621826171875,B_underfit(regression-to-mean)
sample_243,beam,234,20.0,20.0,20.0,36.99858856201172,30.790828704833984,32.844085693359375,29.316730499267575,13.894708633422852,11.080408096313475,12.487558364868164,B_underfit(regression-to-mean)
sample_208,column,9,60.0,50.0,70.0,57.174583435058594,53.34619140625,60.24324035644531,54.19232177734375,-4.739612579345703,-2.7822189331054688,12.469827651977539,B_underfit(regression-to-mean)
sample_233,beam,52,66.0,72.0,60.0,56.76788711547852,49.88311767578125,57.28740310668945,50.19150924682617,-12.674497604370114,-12.260543823242188,12.467520713806152,B_underfit(regression-to-mean)
sample_233,beam,320,66.0,72.0,60.0,57.11620330810547,50.21668243408203,56.9350700378418,49.87879943847656,-12.33355712890625,-12.59306526184082,12.463311195373535,B_underfit(regression-to-mean)
sample_233,beam,325,66.0,72.0,60.0,56.974876403808594,50.09832763671875,57.085445404052734,50.007755279541016,-12.463397979736328,-12.453399658203125,12.458398818969727,B_underfit(regression-to-mean)
sample_179,beam,93,37.5,50.0,25.0,54.04280471801758,47.31056213378906,52.496036529541016,45.97932815551758,13.17668342590332,11.737682342529297,12.457182884216309,B_underfit(regression-to-mean)
sample_243,beam,233,20.0,20.0,20.0,37.19100189208984,31.12384033203125,32.30830383300781,29.19517135620117,14.157421112060543,10.75173759460449,12.45457935333252,B_underfit(regression-to-mean)
sample_208,column,38,60.0,50.0,70.0,61.27336120605469,56.67008972167969,60.01993560791016,54.81276321411133,-1.0282745361328125,-2.5836505889892543,12.452610969543457,B_underfit(regression-to-mean)
sample_203,beam,99,40.0,50.0,30.0,55.1484489440918,48.38917922973633,56.63835144042969,49.63204956054688,11.768814086914062,13.135200500488285,12.452007293701172,B_underfit(regression-to-mean)
sample_233,column,103,60.0,60.0,60.0,46.73973846435547,47.39077758789063,48.1906623840332,47.88205337524414,-12.93474197387695,-11.963642120361328,12.44919204711914,B_underfit(regression-to-mean)
sample_233,beam,297,66.0,72.0,60.0,57.22029113769531,50.32481384277344,56.90273666381836,49.86376190185547,-12.227447509765625,-12.616750717163086,12.422099113464355,B_underfit(regression-to-mean)
sample_208,column,20,60.0,50.0,70.0,61.53443145751953,57.13534164428711,60.38132095336914,55.13480758666992,-0.6651134490966797,-2.2419357299804688,12.41140079498291,B_underfit(regression-to-mean)
sample_208,column,56,60.0,50.0,70.0,60.794189453125,54.7022590637207,55.86922073364258,52.34346389770508,-2.2517757415771484,-5.893657684326172,12.40442180633545,B_underfit(regression-to-mean)
sample_233,beam,230,66.0,72.0,60.0,56.90125274658203,50.00883483886719,57.30930709838867,50.21110153198242,-12.54495620727539,-12.239795684814453,12.392375946044922,B_underfit(regression-to-mean)
sample_233,beam,209,66.0,72.0,60.0,57.1409912109375,50.24316787719727,57.05194854736328,49.996360778808594,-12.307920455932614,-12.475845336914062,12.39188289642334,B_underfit(regression-to-mean)
sample_233,beam,277,66.0,72.0,60.0,57.1507453918457,50.24691390991211,57.0638542175293,49.99331665039063,-12.301170349121094,-12.471414566040036,12.386292457580566,B_underfit(regression-to-mean)
sample_243,beam,253,20.0,20.0,20.0,37.96195602416992,30.680389404296875,32.32245635986328,28.51387405395508,14.321172714233398,10.418165206909181,12.369668960571289,B_underfit(regression-to-mean)
sample_142,beam,23,50.0,50.0,50.0,38.42787551879883,35.75797653198242,38.97412872314453,37.36956787109375,-12.907073974609375,-11.82815170288086,12.367612838745117,B_underfit(regression-to-mean)
sample_208,column,16,60.0,50.0,70.0,61.20636367797852,56.64410018920898,60.64763259887695,55.77959060668945,-1.07476806640625,-1.7863883972167969,12.357576370239258,B_underfit(regression-to-mean)
sample_142,beam,21,50.0,50.0,50.0,38.9637565612793,36.59319686889648,38.24532318115234,36.84006118774414,-12.221523284912113,-12.457307815551761,12.339415550231934,B_underfit(regression-to-mean)
sample_208,column,42,60.0,50.0,70.0,60.95632553100586,54.90773391723633,55.41617965698242,52.1170539855957,-2.0679702758789062,-6.2333831787109375,12.336929321289062,B_underfit(regression-to-mean)
sample_233,beam,27,66.0,72.0,60.0,57.05549240112305,50.194671630859375,57.26177597045898,50.18174362182617,-12.374917984008789,-12.278240203857425,12.326579093933105,B_underfit(regression-to-mean)
sample_233,beam,255,66.0,72.0,60.0,57.11774826049805,50.20284652709961,57.23215866088867,50.16297149658203,-12.339702606201172,-12.302434921264648,12.32106876373291,B_underfit(regression-to-mean)
sample_208,column,76,60.0,50.0,70.0,60.6567497253418,54.44219970703125,55.24216842651367,52.1840934753418,-2.4505252838134766,-6.286869049072266,12.318156242370605,B_underfit(regression-to-mean)
sample_92,beam,56,32.5,35.0,30.0,47.38533401489258,41.08472442626953,48.40742874145508,42.39409637451172,11.735029220581055,12.900762557983398,12.317895889282227,B_underfit(regression-to-mean)
sample_195,column,16,47.5,35.0,60.0,49.4253158569336,49.917293548583984,48.03853988647461,48.27653884887695,2.1713047027587926,0.6575393676757812,12.317505836486816,B_underfit(regression-to-mean)
sample_195,column,15,47.5,35.0,60.0,48.54867172241211,49.13430404663086,47.93448638916016,48.08600997924805,1.3414878845214844,0.5102481842041051,12.31571102142334,B_underfit(regression-to-mean)
sample_195,column,59,47.5,35.0,60.0,47.05204391479492,47.77024459838867,46.0955696105957,46.13496398925781,-0.08885574340820312,-1.3847332000732422,12.310601234436033,B_underfit(regression-to-mean)
sample_195,beam,56,62.5,65.0,60.0,55.32854080200195,48.41893768310547,51.7203483581543,45.293983459472656,-10.626260757446289,-13.992834091186523,12.309547424316406,B_underfit(regression-to-mean)
sample_195,column,58,47.5,35.0,60.0,46.28910827636719,47.01937484741211,45.6348762512207,45.678104400634766,-0.8457584381103516,-1.8435096740722656,12.306626319885254,B_underfit(regression-to-mean)
sample_251,beam,227,45.0,50.0,40.0,37.52447509765625,29.48832130432129,36.5410385131836,27.22075080871582,-11.49360179901123,-13.11910533905029,12.306353569030762,B_underfit(regression-to-mean)
sample_182,beam,126,30.0,30.0,30.0,42.48015594482422,37.54957580566406,47.593536376953125,41.59654235839844,10.01486587524414,14.595039367675781,12.304952621459961,B_underfit(regression-to-mean)
sample_195,column,56,47.5,35.0,60.0,46.27727127075195,47.02545166015625,45.65290069580078,45.691253662109375,-0.8486385345458984,-1.8279228210449219,12.303366661071777,B_underfit(regression-to-mean)
sample_195,column,57,47.5,35.0,60.0,46.86616516113281,47.6273307800293,45.93241500854492,45.977272033691406,-0.2532520294189453,-1.545156478881836,12.298494338989258,B_underfit(regression-to-mean)
sample_195,column,43,47.5,35.0,60.0,48.25508880615234,48.99319839477539,47.92054748535156,48.0153923034668,1.1241436004638636,0.4679698944091797,12.29176139831543,B_underfit(regression-to-mean)
sample_195,column,22,47.5,35.0,60.0,48.26435089111328,48.90227508544922,48.528419494628906,48.724029541015625,1.08331298828125,1.1262245178222656,12.291616439819336,B_underfit(regression-to-mean)
sample_182,beam,67,30.0,30.0,30.0,45.16253662109375,40.096675872802734,44.10041046142578,39.80360794067383,12.629606246948242,11.952009201049805,12.290807723999023,B_underfit(regression-to-mean)
sample_195,column,44,47.5,35.0,60.0,49.10345458984375,49.76428985595703,48.01834487915039,48.206172943115234,1.9338722229003906,0.6122589111328125,12.287834167480469,B_underfit(regression-to-mean)
sample_142,column,18,50.0,50.0,50.0,37.8347282409668,38.16302490234375,37.07197570800781,37.780399322509766,-12.001123428344727,-12.573812484741211,12.28746795654297,B_underfit(regression-to-mean)
sample_195,column,23,47.5,35.0,60.0,49.214088439941406,49.80660629272461,48.58401107788086,48.84357452392578,2.010347366333008,1.2137928009033203,12.286979675292969,B_underfit(regression-to-mean)
sample_208,column,4,60.0,50.0,70.0,60.18467712402344,55.24932861328125,60.53438186645508,56.32386779785156,-2.2829971313476562,-1.5708751678466797,12.286465644836426,B_underfit(regression-to-mean)
sample_208,column,47,60.0,50.0,70.0,59.9604721069336,54.17413330078125,55.55488204956055,52.29175567626953,-2.9326972961425746,-6.076681137084961,12.26236629486084,B_underfit(regression-to-mean)
sample_233,beam,282,66.0,72.0,60.0,57.10090637207031,50.22071838378906,57.373809814453125,50.26313400268555,-12.339187622070312,-12.181528091430664,12.260357856750488,B_underfit(regression-to-mean)
sample_195,column,51,47.5,35.0,60.0,49.01274871826172,49.7429313659668,48.622596740722656,48.85425567626953,1.8778400421142578,1.2384262084960938,12.259539604187012,B_underfit(regression-to-mean)
sample_195,column,50,47.5,35.0,60.0,48.00397109985352,48.80517578125,48.54194259643555,48.718692779541016,0.9045734405517614,1.1303176879882812,12.255511283874512,B_underfit(regression-to-mean)
sample_208,column,26,60.0,50.0,70.0,59.55804061889648,55.70473861694336,60.368988037109375,55.2494010925293,-2.3686103820800817,-2.190805435180664,12.2432222366333,B_underfit(regression-to-mean)
sample_208,column,59,60.0,50.0,70.0,60.97092056274414,54.86761474609375,54.84651184082031,51.98076248168945,-2.0807323455810547,-6.586362838745117,12.242263793945312,B_underfit(regression-to-mean)
sample_10,beam,172,65.0,75.0,55.0,54.36223602294922,47.57379150390625,58.134498596191406,50.961456298828125,-14.031986236572266,-10.452022552490234,12.24200439453125,B_underfit(regression-to-mean)
sample_208,column,36,60.0,50.0,70.0,61.43302917480469,56.96818542480469,60.20284271240234,55.70123291015625,-0.7993927001953125,-2.0479621887207067,12.241613388061523,B_underfit(regression-to-mean)
sample_92,beam,74,32.5,35.0,30.0,47.39661407470703,41.15059280395508,48.1772346496582,42.23833847045898,11.773603439331055,12.70778656005859,12.240694999694824,B_underfit(regression-to-mean)
sample_233,beam,318,66.0,72.0,60.0,57.00429916381836,50.12063217163086,57.52045440673828,50.40184783935547,-12.43753433227539,-12.038848876953125,12.238191604614258,B_underfit(regression-to-mean)
sample_208,column,19,60.0,50.0,70.0,61.46830368041992,57.00366973876953,60.55650329589844,56.07386016845703,-0.7640132904052734,-1.6848182678222656,12.23681926727295,B_underfit(regression-to-mean)
sample_235,column,30,62.5,70.0,55.0,48.89048004150391,49.78474807739258,51.69596481323242,50.77363586425781,-13.162385940551754,-11.265199661254883,12.21379280090332,B_underfit(regression-to-mean)
sample_243,beam,248,20.0,20.0,20.0,37.65365219116211,30.281068801879883,32.50663757324219,28.40393829345703,13.967360496520996,10.45528793334961,12.211324214935303,B_underfit(regression-to-mean)
sample_233,column,100,60.0,60.0,60.0,47.06342315673828,47.6747932434082,48.39931869506836,48.045745849609375,-12.630891799926758,-11.777467727661133,12.204179763793945,B_underfit(regression-to-mean)
sample_233,beam,35,66.0,72.0,60.0,57.26529693603516,50.376461029052734,57.35014343261719,50.26091766357422,-12.179121017456051,-12.194469451904297,12.186795234680176,B_underfit(regression-to-mean)
sample_233,beam,316,66.0,72.0,60.0,56.95753860473633,50.07916259765625,57.67693710327149,50.54069900512695,-12.481649398803711,-11.891181945800778,12.186415672302246,B_underfit(regression-to-mean)
sample_195,beam,61,62.5,65.0,60.0,55.70609664916992,48.77772903442383,51.62134552001953,45.20490646362305,-10.258087158203125,-14.086874008178711,12.172480583190918,B_underfit(regression-to-mean)
sample_208,column,39,60.0,50.0,70.0,61.73389434814453,57.26301193237305,60.18030548095703,55.9615478515625,-0.5015468597412109,-1.9290733337402344,12.172410011291504,B_underfit(regression-to-mean)
sample_208,column,62,60.0,50.0,70.0,59.86521911621094,54.02177429199219,54.92213821411133,52.09318542480469,-3.0565032958984375,-6.492338180541992,12.168099403381348,B_underfit(regression-to-mean)
sample_208,column,33,60.0,50.0,70.0,57.43814086914063,54.65358352661133,59.78302001953125,53.89862823486328,-3.95413780212402,-3.1591758728027344,12.167237281799316,B_underfit(regression-to-mean)
sample_233,beam,295,66.0,72.0,60.0,57.33852005004883,50.451133728027344,57.31804275512695,50.235050201416016,-12.105173110961914,-12.223453521728516,12.164313316345215,B_underfit(regression-to-mean)
sample_208,column,53,60.0,50.0,70.0,59.4528923034668,53.93771743774414,55.308292388916016,52.2009162902832,-3.3046951293945312,-6.245395660400391,12.155637741088867,B_underfit(regression-to-mean)
sample_233,beam,206,66.0,72.0,60.0,57.26842498779297,50.35886764526367,57.465763092041016,50.36727523803711,-12.18635368347168,-12.083480834960938,12.134917259216309,B_underfit(regression-to-mean)
sample_195,beam,72,60.0,60.0,60.0,51.71574401855469,44.896820068359375,50.590919494628906,44.29164505004883,-11.693717956542969,-12.558717727661133,12.12621784210205,B_underfit(regression-to-mean)
sample_208,column,50,60.0,50.0,70.0,59.419898986816406,53.87261581420898,55.08580780029297,52.17528533935547,-3.3537425994873082,-6.369453430175781,12.11445140838623,B_underfit(regression-to-mean)
sample_233,beam,254,66.0,72.0,60.0,57.14611053466797,50.23974990844727,57.63903427124024,50.521759033203125,-12.30706977844238,-11.919603347778317,12.113336563110352,B_underfit(regression-to-mean)
sample_208,column,14,60.0,50.0,70.0,58.01505279541016,54.34860229492188,59.92980194091797,55.14481735229492,-3.8181724548339773,-2.4626903533935547,12.112858772277832,B_underfit(regression-to-mean)
sample_208,column,7,60.0,50.0,70.0,60.33388137817383,55.72871017456055,60.45214080810547,56.62666320800781,-1.9687042236328125,-1.4605979919433594,12.107662200927734,B_underfit(regression-to-mean)
sample_233,beam,4,66.0,72.0,60.0,57.26197814941406,50.39316177368164,57.52190017700195,50.4072494506836,-12.172430038452148,-12.035425186157223,12.103927612304688,B_underfit(regression-to-mean)
sample_208,column,44,47.5,35.0,60.0,49.88550567626953,51.94960021972656,50.95863342285156,50.49259948730469,3.417552947998047,3.225616455078125,12.100484848022461,B_underfit(regression-to-mean)
sample_243,beam,254,20.0,20.0,20.0,37.77501678466797,30.40399932861328,32.134361267089844,28.083965301513672,14.089508056640625,10.109163284301758,12.099335670471191,B_underfit(regression-to-mean)
sample_233,beam,203,66.0,72.0,60.0,57.09596633911133,50.20523834228516,57.71761703491211,50.59567260742188,-12.349397659301754,-11.843355178833004,12.096376419067383,B_underfit(regression-to-mean)
sample_195,beam,80,60.0,60.0,60.0,51.14289093017578,44.42962265014648,51.19520950317383,44.84849548339844,-12.21374320983887,-11.978147506713867,12.095945358276367,B_underfit(regression-to-mean)
sample_216,column,9,70.0,70.0,70.0,60.973751068115234,55.268062591552734,59.82485961914063,55.55607604980469,-11.879093170166016,-12.30953216552734,12.09431266784668,B_underfit(regression-to-mean)
sample_243,beam,249,20.0,20.0,20.0,37.37749481201172,29.949445724487305,32.6259765625,28.42268180847168,13.663470268249512,10.52432918548584,12.093899726867676,B_underfit(regression-to-mean)
sample_233,beam,199,66.0,72.0,60.0,57.0276985168457,50.13310623168945,57.80092239379883,50.66412734985352,-12.419597625732422,-11.767475128173825,12.093536376953125,B_underfit(regression-to-mean)
sample_208,column,10,60.0,50.0,70.0,57.870643615722656,53.9175910949707,59.73649978637695,55.3460693359375,-4.10588264465332,-2.4587154388427734,12.085870742797852,B_underfit(regression-to-mean)
sample_208,column,73,60.0,50.0,70.0,59.25572204589844,53.65125274658203,54.6366081237793,51.97673416137695,-3.5465126037597656,-6.693328857421875,12.066085815429688,B_underfit(regression-to-mean)
sample_208,column,29,60.0,50.0,70.0,57.06704711914063,54.43699264526367,59.71691131591797,54.09233474731445,-4.247980117797848,-3.095376968383789,12.063657760620117,B_underfit(regression-to-mean)
sample_233,beam,275,66.0,72.0,60.0,57.06394958496094,50.166690826416016,57.84029769897461,50.68656539916992,-12.384679794311523,-11.736568450927734,12.060624122619629,B_underfit(regression-to-mean)
sample_92,beam,57,32.5,35.0,30.0,46.24063873291016,40.74506378173828,48.62847137451172,42.551177978515625,10.992851257324222,13.089824676513672,12.041337966918945,B_underfit(regression-to-mean)
sample_233,beam,273,66.0,72.0,60.0,57.03376388549805,50.15072250366211,57.90581893920898,50.7457160949707,-12.407756805419922,-11.67423248291016,12.040994644165039,B_underfit(regression-to-mean)
sample_208,column,24,60.0,50.0,70.0,60.02945709228516,56.15580749511719,60.44579315185547,56.19541931152344,-1.9073677062988246,-1.6793937683105469,12.031005859375,B_underfit(regression-to-mean)
sample_208,column,65,60.0,50.0,70.0,59.192996978759766,53.63155746459961,54.44321823120117,51.92393493652344,-3.5877227783203125,-6.816423416137695,12.020180702209473,B_underfit(regression-to-mean)
sample_208,column,45,47.5,35.0,60.0,49.41959381103516,51.89188766479492,50.89211654663086,50.426639556884766,3.1557407379150426,3.1593780517578125,11.998295783996582,B_underfit(regression-to-mean)
sample_233,beam,328,56.0,62.0,50.0,48.304046630859375,41.89949035644531,45.55162048339844,40.25487518310547,-10.898231506347656,-13.096752166748047,11.997491836547852,B_underfit(regression-to-mean)
sample_233,beam,32,66.0,72.0,60.0,57.30922317504883,50.44059753417969,57.72274398803711,50.5922966003418,-12.125089645385742,-11.842479705810547,11.983784675598145,B_underfit(regression-to-mean)
sample_233,beam,252,66.0,72.0,60.0,57.28429412841797,50.39291763305664,57.77996826171875,50.64806365966797,-12.161394119262695,-11.78598403930664,11.973689079284668,B_underfit(regression-to-mean)
sample_233,beam,28,66.0,72.0,60.0,57.30182266235352,50.44353485107422,57.77889633178711,50.64615631103516,-12.12732124328613,-11.787473678588864,11.9573974609375,B_underfit(regression-to-mean)
sample_233,beam,285,66.0,72.0,60.0,57.206016540527344,50.32764053344727,57.92755126953125,50.77806854248047,-12.233171463012692,-11.64719009399414,11.940180778503418,B_underfit(regression-to-mean)
sample_243,beam,250,20.0,20.0,20.0,37.00989532470703,29.69084930419922,32.668121337890625,28.35348892211914,13.350372314453125,10.510805130004883,11.930588722229004,B_underfit(regression-to-mean)
sample_151,column,33,65.0,70.0,60.0,54.6937255859375,51.895294189453125,54.331485748291016,51.36964416503906,-11.705490112304688,-12.149435043334961,11.927462577819824,B_underfit(regression-to-mean)
sample_208,column,27,60.0,50.0,70.0,60.41716766357422,56.61884307861328,60.36788940429688,56.46055603027344,-1.48199462890625,-1.5857772827148402,11.926414489746094,B_underfit(regression-to-mean)
sample_251,beam,234,45.0,60.0,30.0,37.09169006347656,29.339452743530277,37.82427215576172,28.057037353515625,-11.78442859649658,-12.059345245361328,11.921886920928955,B_underfit(regression-to-mean)
sample_233,beam,8,66.0,72.0,60.0,57.26430130004883,50.39264678955078,57.92160415649414,50.76226043701172,-12.171525955200195,-11.65806770324707,11.914796829223633,B_underfit(regression-to-mean)
sample_233,beam,200,66.0,72.0,60.0,57.21609878540039,50.3286361694336,58.00019073486328,50.84397506713867,-12.227632522583004,-11.577917098999023,11.902774810791016,B_underfit(regression-to-mean)
sample_233,beam,13,66.0,72.0,60.0,57.21041488647461,50.29586791992188,58.02657318115234,50.866729736328125,-12.246858596801754,-11.55334854125977,11.900103569030762,B_underfit(regression-to-mean)
sample_233,beam,29,66.0,72.0,60.0,57.42668533325195,50.557395935058594,57.777076721191406,50.64132690429688,-12.007959365844727,-11.790798187255856,11.899378776550293,B_underfit(regression-to-mean)
sample_251,beam,233,45.0,60.0,30.0,37.26737594604492,29.38678359985352,37.76753234863281,27.988265991210938,-11.67292022705078,-12.122100830078125,11.897510528564451,B_underfit(regression-to-mean)
sample_92,beam,66,35.0,40.0,30.0,49.54351043701172,42.84267425537109,50.79700469970703,44.344329833984375,11.193092346191403,12.570667266845703,11.881879806518555,B_underfit(regression-to-mean)
sample_233,beam,292,66.0,72.0,60.0,57.36913299560547,50.47419738769531,57.88762664794922,50.74472427368164,-12.07833480834961,-11.68382453918457,11.88107967376709,B_underfit(regression-to-mean)
sample_233,beam,313,66.0,72.0,60.0,56.86532211303711,49.98572540283203,58.45940017700195,51.23711395263672,-12.57447624206543,-11.151742935180664,11.863109588623047,B_underfit(regression-to-mean)
sample_233,beam,201,66.0,72.0,60.0,57.37129211425781,50.485389709472656,57.93313217163086,50.78192901611328,-12.071659088134766,-11.64246940612793,11.857064247131348,B_underfit(regression-to-mean)
sample_233,beam,208,66.0,72.0,60.0,57.38016891479492,50.46641540527344,57.94995880126953,50.80055618286133,-12.07670783996582,-11.62474250793457,11.850725173950195,B_underfit(regression-to-mean)
sample_233,beam,270,66.0,72.0,60.0,57.07232666015625,50.19651794433594,58.28204345703125,51.07647705078125,-12.365577697753906,-11.32073974609375,11.843158721923828,B_underfit(regression-to-mean)
sample_251,beam,232,45.0,60.0,30.0,37.4466667175293,29.454814910888672,37.7762451171875,27.99520874023437,-11.549259185791016,-12.114273071289064,11.831766128540039,B_underfit(regression-to-mean)
sample_208,column,12,60.0,50.0,70.0,58.515567779541016,54.92387771606445,59.98769760131836,56.25314712524414,-3.2802772521972656,-1.87957763671875,11.831560134887695,B_underfit(regression-to-mean)
sample_10,column,56,70.0,70.0,70.0,61.73493576049805,55.3467025756836,61.292362213134766,54.38080596923828,-11.459180831909176,-12.163415908813477,11.811298370361328,B_underfit(regression-to-mean)
sample_208,column,8,60.0,50.0,70.0,58.24232864379883,54.37816619873047,59.773231506347656,56.42418670654297,-3.6897525787353516,-1.9012908935546875,11.803301811218262,B_underfit(regression-to-mean)
sample_233,beam,249,66.0,72.0,60.0,57.34754180908203,50.45399475097656,58.1030502319336,50.93714141845703,-12.099231719970703,-11.479904174804684,11.789567947387695,B_underfit(regression-to-mean)
sample_233,beam,37,66.0,72.0,60.0,57.34783935546875,50.45191192626953,58.10380554199219,50.94107818603516,-12.10012435913086,-11.477558135986325,11.788841247558594,B_underfit(regression-to-mean)
sample_208,column,34,60.0,50.0,70.0,57.997066497802734,55.10665512084961,59.48047637939453,55.24340057373047,-3.448139190673828,-2.6380615234375,11.781871795654297,B_underfit(regression-to-mean)
sample_10,beam,113,65.0,75.0,55.0,55.4380111694336,48.613059997558594,58.05482482910156,50.88874435424805,-12.974464416503903,-10.528215408325195,11.75133991241455,B_underfit(regression-to-mean)
sample_233,beam,242,66.0,72.0,60.0,57.165016174316406,50.28236770629883,58.405120849609375,51.20465087890625,-12.276308059692383,-11.195114135742188,11.735711097717285,B_underfit(regression-to-mean)
sample_208,column,30,60.0,50.0,70.0,57.61958694458008,54.85633850097656,59.50753402709961,55.36055374145508,-3.7620372772216797,-2.5659561157226562,11.727557182312012,B_underfit(regression-to-mean)
sample_208,column,15,60.0,50.0,70.0,59.16116714477539,55.58429336547852,59.828556060791016,56.530460357666016,-2.6272697448730433,-1.8204917907714844,11.718742370605469,B_underfit(regression-to-mean)
sample_10,beam,173,65.0,75.0,55.0,55.31320571899414,48.500972747802734,58.24919128417969,51.06344604492188,-13.092910766601562,-10.343681335449215,11.71829605102539,B_underfit(regression-to-mean)
sample_233,beam,289,66.0,72.0,60.0,57.38832473754883,50.504981994628906,58.21852111816406,51.036865234375,-12.053346633911133,-11.372306823730469,11.7128267288208,B_underfit(regression-to-mean)
sample_208,column,11,60.0,50.0,70.0,58.915809631347656,55.14250183105469,59.67047500610352,56.62488555908203,-2.970844268798828,-1.852319717407223,11.704724311828613,B_underfit(regression-to-mean)
sample_233,beam,287,66.0,72.0,60.0,57.48928451538086,50.6070556640625,58.16299819946289,50.9873275756836,-11.95182991027832,-11.424837112426754,11.688333511352539,B_underfit(regression-to-mean)
sample_203,beam,71,45.0,50.0,40.0,36.14330291748047,28.911487579345703,38.15974426269531,30.053035736083984,-12.472604751586914,-10.893610000610352,11.683107376098633,B_underfit(regression-to-mean)
sample_189,column,83,45.0,45.0,45.0,57.57868957519531,54.90015411376953,57.665409088134766,56.57836151123047,11.239421844482422,12.121885299682617,11.68065357208252,B_underfit(regression-to-mean)
sample_203,beam,67,45.0,50.0,40.0,37.089969635009766,29.57379913330078,37.05839538574219,29.558853149414062,-11.668115615844727,-11.691375732421875,11.679745674133303,B_underfit(regression-to-mean)
sample_233,beam,286,66.0,72.0,60.0,57.37775421142578,50.50162506103516,58.31084442138672,51.121673583984375,-12.060310363769528,-11.283740997314453,11.672025680541992,B_underfit(regression-to-mean)
sample_233,beam,331,33.5,37.0,30.0,48.58935928344727,41.987571716308594,48.101959228515625,41.83678817749024,11.788465499877933,11.469373703002933,11.62891960144043,B_underfit(regression-to-mean)
sample_118,beam,54,60.0,70.0,50.0,50.26976776123047,43.76996612548828,53.00763702392578,46.4400749206543,-12.980133056640625,-10.276144027709961,11.628138542175291,B_underfit(regression-to-mean)
sample_243,beam,252,20.0,20.0,20.0,36.50676345825195,29.463001251220703,32.59415817260742,27.92214584350586,12.984882354736328,10.25815200805664,11.621517181396484,B_underfit(regression-to-mean)
sample_203,beam,72,45.0,50.0,40.0,36.16679763793945,28.968822479248047,38.18283462524414,30.231525421142575,-12.43218994140625,-10.792819976806642,11.612504959106445,B_underfit(regression-to-mean)
sample_203,beam,114,35.0,40.0,30.0,49.238990783691406,42.9294319152832,50.273773193359375,43.98610305786133,11.084211349487305,12.129938125610352,11.607074737548828,B_underfit(regression-to-mean)
sample_243,beam,251,20.0,20.0,20.0,36.7065315246582,29.544002532958984,32.3131103515625,27.830162048339844,13.125267028808594,10.071636199951172,11.598451614379883,B_underfit(regression-to-mean)
sample_235,beam,71,35.0,40.0,30.0,49.78219985961914,43.30767822265625,49.80024719238281,43.49516677856445,11.544939041137695,11.647706985473633,11.596323013305664,B_underfit(regression-to-mean)
sample_233,beam,333,56.0,62.0,50.0,48.56818008422852,42.13659286499024,46.20149612426758,40.75986862182617,-10.647613525390618,-12.519317626953125,11.583465576171873,B_underfit(regression-to-mean)
sample_208,beam,88,45.0,50.0,40.0,37.637916564941406,30.34840202331543,36.91321563720703,28.810667037963867,-11.006840705871582,-12.13805866241455,11.572449684143066,B_underfit(regression-to-mean)
sample_203,beam,68,45.0,50.0,40.0,36.86754989624024,29.374744415283203,37.63127136230469,29.85815048217773,-11.878852844238278,-11.25528907775879,11.567070960998533,B_underfit(regression-to-mean)
sample_203,beam,70,45.0,50.0,40.0,36.49547576904297,29.082290649414062,38.03376388549805,30.156295776367188,-12.211116790771484,-10.904970169067383,11.558043479919434,B_underfit(regression-to-mean)
sample_10,beam,174,65.0,75.0,55.0,55.76857376098633,48.94415283203125,58.13190460205078,50.95840835571289,-12.643636703491211,-10.454843521118164,11.549240112304688,B_underfit(regression-to-mean)
sample_208,column,32,60.0,50.0,70.0,58.418601989746094,55.51524353027344,59.512298583984375,56.22867965698242,-3.0330772399902344,-2.1295108795166016,11.546744346618652,B_underfit(regression-to-mean)
sample_10,column,57,70.0,70.0,70.0,61.84909057617188,55.47965240478516,61.82870864868164,54.66747283935547,-11.335628509521477,-11.751909255981445,11.543768882751465,B_underfit(regression-to-mean)
sample_233,beam,205,66.0,72.0,60.0,57.51490783691406,50.61674499511719,58.44887161254883,51.24919891357422,-11.934173583984375,-11.150964736938477,11.542569160461426,B_underfit(regression-to-mean)
sample_233,beam,246,66.0,72.0,60.0,57.33406829833984,50.4493522644043,58.63650131225586,51.4119873046875,-12.108289718627933,-10.97575569152832,11.542022705078125,B_underfit(regression-to-mean)
sample_189,column,37,50.0,40.0,60.0,62.571590423583984,57.92031097412109,59.5059814453125,57.99116516113281,10.245950698852536,8.748573303222656,11.541523933410645,B_underfit(regression-to-mean)
sample_189,column,38,50.0,40.0,60.0,62.65849304199219,58.06238555908203,59.98668670654297,58.429344177246094,10.36043930053711,9.208015441894531,11.538362503051758,B_underfit(regression-to-mean)
sample_203,beam,69,45.0,50.0,40.0,36.71988677978516,29.184478759765625,37.89028549194336,30.074913024902344,-12.047817230224606,-11.017400741577148,11.532608985900879,B_underfit(regression-to-mean)
sample_195,beam,124,60.0,60.0,60.0,52.36785888671875,45.51897430419922,51.16572952270508,44.81787872314453,-11.056583404541016,-12.008195877075195,11.532389640808105,B_underfit(regression-to-mean)
sample_203,beam,66,45.0,50.0,40.0,36.77586364746094,29.248973846435547,37.8526496887207,30.015357971191406,-11.987581253051758,-11.065996170043945,11.526788711547852,B_underfit(regression-to-mean)
sample_151,column,19,65.0,70.0,60.0,54.86237716674805,51.795291900634766,56.7949447631836,50.4608039855957,-11.671165466308594,-11.372125625610348,11.521645545959473,B_underfit(regression-to-mean)
sample_92,beam,12,32.5,35.0,30.0,45.98527145385742,40.05305099487305,47.94975662231445,42.0357666015625,10.519161224365234,12.492761611938477,11.505961418151855,B_underfit(regression-to-mean)
sample_233,beam,244,66.0,72.0,60.0,57.43595123291016,50.55014801025391,58.61022186279297,51.3876953125,-12.006950378417962,-11.001041412353516,11.503995895385742,B_underfit(regression-to-mean)
sample_240,beam,228,65.0,80.0,50.0,57.430931091308594,50.58242034912109,57.89788436889648,50.7565803527832,-10.99332427978516,-10.67276763916016,11.502546310424805,B_underfit(regression-to-mean)
sample_240,beam,227,65.0,80.0,50.0,57.38632583618164,50.5388298034668,57.90772247314453,50.76502990722656,-11.037422180175781,-10.663623809814453,11.502452850341797,B_underfit(regression-to-mean)
sample_240,beam,229,65.0,80.0,50.0,57.48162460327149,50.629859924316406,58.07426452636719,50.91350173950195,-10.944257736206051,-10.50611686706543,11.496868133544922,B_underfit(regression-to-mean)
sample_233,beam,294,66.0,72.0,60.0,57.434326171875,50.52686309814453,58.635963439941406,51.41561126708984,-12.019405364990234,-10.974212646484379,11.496809005737305,B_underfit(regression-to-mean)
sample_208,column,35,60.0,50.0,70.0,59.24309539794922,56.24313735961914,59.43354797363281,56.45053482055664,-2.2568836212158203,-2.0579586029052734,11.495742797851562,B_underfit(regression-to-mean)
sample_240,beam,230,65.0,80.0,50.0,57.51759719848633,50.66260147094727,58.44355010986328,51.24177169799805,-10.9099006652832,-10.157339096069336,11.485806465148926,B_underfit(regression-to-mean)
sample_208,column,28,60.0,50.0,70.0,57.9964599609375,55.2476921081543,59.52863693237305,56.336219787597656,-3.3779239654541016,-2.0675716400146484,11.485296249389648,B_underfit(regression-to-mean)
sample_233,beam,30,66.0,72.0,60.0,57.48192596435547,50.60882186889648,58.594573974609375,51.37656784057617,-11.954626083374027,-11.014429092407227,11.484527587890625,B_underfit(regression-to-mean)
sample_189,column,36,50.0,40.0,60.0,60.95967864990234,56.59554672241211,59.32374954223633,57.75273895263672,8.777612686157223,8.538244247436523,11.483785629272461,B_underfit(regression-to-mean)
sample_251,beam,231,45.0,60.0,30.0,37.89116287231445,29.655954360961918,38.271270751953125,28.260578155517575,-11.226441383361815,-11.73407554626465,11.480258464813232,B_underfit(regression-to-mean)
sample_240,beam,231,65.0,80.0,50.0,57.52373504638672,50.67059326171875,58.69409942626953,51.46428680419922,-10.902835845947266,-9.920806884765625,11.47926139831543,B_underfit(regression-to-mean)
sample_240,beam,28,65.0,80.0,50.0,57.37447738647461,50.521141052246094,58.7449836730957,51.50664138793945,-11.052190780639648,-9.874187469482422,11.477080345153809,B_underfit(regression-to-mean)
sample_240,beam,232,65.0,80.0,50.0,57.52736282348633,50.673919677734375,58.860931396484375,51.61222076416016,-10.899358749389648,-9.76342391967773,11.474461555480957,B_underfit(regression-to-mean)
sample_240,beam,29,65.0,80.0,50.0,57.41859436035156,50.56515121459961,58.922508239746094,51.66591644287109,-11.008127212524414,-9.70578765869141,11.472491264343262,B_underfit(regression-to-mean)
sample_240,beam,21,65.0,80.0,50.0,57.42982864379883,50.5577507019043,58.82532501220703,51.57917785644531,-11.006210327148438,-9.797748565673828,11.470443725585938,B_underfit(regression-to-mean)
sample_240,beam,233,65.0,80.0,50.0,57.53217315673828,50.67854690551758,59.0216178894043,51.7546272277832,-10.89463996887207,-9.61187744140625,11.46984577178955,B_underfit(regression-to-mean)
sample_240,beam,234,65.0,80.0,50.0,57.590614318847656,50.73879623413086,59.08490753173828,51.81442260742188,-10.835294723510742,-9.550334930419918,11.4694242477417,B_underfit(regression-to-mean)
sample_240,beam,235,65.0,80.0,50.0,57.60544967651367,50.75201416015625,59.17871856689453,51.89778137207031,-10.821268081665039,-9.461750030517578,11.46640682220459,B_underfit(regression-to-mean)
sample_240,beam,22,65.0,80.0,50.0,57.48878479003906,50.61747741699219,59.00070190429688,51.73666763305664,-10.946868896484375,-9.631315231323239,11.466164588928223,B_underfit(regression-to-mean)
sample_240,beam,30,65.0,80.0,50.0,57.44742202758789,50.59531784057617,59.24575805664063,51.95365524291992,-10.978630065917969,-9.400293350219723,11.463948249816895,B_underfit(regression-to-mean)
sample_240,beam,236,65.0,80.0,50.0,57.61658477783203,50.761268615722656,59.38954925537109,52.084922790527344,-10.811073303222656,-9.262763977050785,11.460014343261719,B_underfit(regression-to-mean)
sample_240,beam,23,65.0,80.0,50.0,57.5108757019043,50.64073944091797,59.34459686279297,52.04296875,-10.924192428588867,-9.306217193603516,11.457058906555176,B_underfit(regression-to-mean)
sample_240,beam,0,65.0,80.0,50.0,57.65596008300781,50.78404235839844,59.32396697998047,52.02110290527344,-10.779998779296875,-9.327465057373047,11.456304550170898,B_underfit(regression-to-mean)
sample_240,beam,248,65.0,80.0,50.0,57.66362762451172,50.80854034423828,59.578250885009766,52.252220153808594,-10.763916015625,-9.08476448059082,11.454720497131348,B_underfit(regression-to-mean)
sample_240,beam,241,65.0,80.0,50.0,57.663673400878906,50.808876037597656,59.59261322021485,52.26598358154297,-10.763725280761719,-9.07070159912109,11.454643249511719,B_underfit(regression-to-mean)
sample_240,beam,7,65.0,80.0,50.0,57.592071533203125,50.71824264526367,59.386863708496094,52.07827758789063,-10.844842910766602,-9.267429351806637,11.45439624786377,B_underfit(regression-to-mean)
sample_240,beam,31,65.0,80.0,50.0,57.455848693847656,50.60609436035156,59.62958526611328,52.294246673583984,-10.96902847290039,-9.038084030151367,11.453726768493652,B_underfit(regression-to-mean)
sample_208,column,61,60.0,50.0,70.0,48.85496139526367,49.67802429199219,56.29352188110352,51.94620895385742,-10.73350715637207,-5.880134582519528,11.453581809997559,B_underfit(regression-to-mean)
sample_240,beam,249,65.0,80.0,50.0,57.67127227783203,50.8171272277832,59.68610382080078,52.34837341308594,-10.755800247192383,-8.98276138305664,11.452031135559082,B_underfit(regression-to-mean)
sample_240,beam,242,65.0,80.0,50.0,57.671180725097656,50.81539916992188,59.697662353515625,52.35952758789063,-10.75671005249023,-8.971405029296871,11.451520919799805,B_underfit(regression-to-mean)
sample_240,beam,237,65.0,80.0,50.0,57.62456512451172,50.76741790771485,59.694366455078125,52.355587005615234,-10.804008483886715,-8.97502326965332,11.451018333435059,B_underfit(regression-to-mean)
sample_240,beam,1,65.0,80.0,50.0,57.66497039794922,50.79220199584961,59.537139892578125,52.21208190917969,-10.771413803100586,-9.125389099121094,11.450543403625488,B_underfit(regression-to-mean)
sample_240,beam,8,65.0,80.0,50.0,57.61444854736328,50.7412109375,59.54114532470703,52.21623611450195,-10.82217025756836,-9.121309280395508,11.45046329498291,B_underfit(regression-to-mean)
sample_240,beam,24,65.0,80.0,50.0,57.519039154052734,50.65049743652344,59.73231887817383,52.387245178222656,-10.915231704711914,-8.940217971801758,11.446596145629883,B_underfit(regression-to-mean)
sample_240,beam,250,65.0,80.0,50.0,57.67354202270508,50.81884765625,59.90493774414063,52.54288482666016,-10.753805160522461,-8.776088714599602,11.445813179016113,B_underfit(regression-to-mean)
sample_240,beam,243,65.0,80.0,50.0,57.67383575439453,50.81732177734375,59.91624450683594,52.55371856689453,-10.75442123413086,-8.765018463134766,11.445240020751953,B_underfit(regression-to-mean)
sample_240,beam,32,65.0,80.0,50.0,57.46394348144531,50.615421295166016,59.97760391235352,52.60439300537109,-10.960317611694336,-8.709001541137695,11.44456672668457,B_underfit(regression-to-mean)
sample_240,beam,238,65.0,80.0,50.0,57.61839294433594,50.76206970214844,59.96021270751953,52.59171676635742,-10.809768676757812,-8.724035263061523,11.443795204162598,B_underfit(regression-to-mean)
sample_240,beam,9,65.0,80.0,50.0,57.62443161010742,50.75294494628906,59.807315826416016,52.45349884033203,-10.811311721801758,-8.869592666625977,11.443674087524414,B_underfit(regression-to-mean)
sample_240,beam,2,65.0,80.0,50.0,57.66887664794922,50.79688262939453,59.86141204833984,52.50132369995117,-10.767120361328125,-8.818632125854496,11.44197940826416,B_underfit(regression-to-mean)
sample_208,beam,90,45.0,50.0,40.0,37.6201057434082,29.94378662109375,37.69367218017578,28.97513008117676,-11.218053817749023,-11.665598869323729,11.441826343536377,B_underfit(regression-to-mean)
sample_208,column,31,60.0,50.0,70.0,58.797889709472656,55.95345687866211,59.42334365844727,56.506954193115234,-2.624326705932617,-2.0348510742187464,11.440205574035645,B_underfit(regression-to-mean)
sample_240,beam,239,65.0,80.0,50.0,57.61421585083008,50.758277893066406,60.140724182128906,52.75239181518555,-10.813753128051758,-8.553442001342773,11.438932418823242,B_underfit(regression-to-mean)
sample_240,beam,33,65.0,80.0,50.0,57.473388671875,50.626609802246094,60.21427917480469,52.81514739990234,-10.950000762939453,-8.485286712646488,11.438522338867188,B_underfit(regression-to-mean)
sample_240,beam,10,65.0,80.0,50.0,57.62685394287109,50.75706100463867,60.0139045715332,52.63753509521485,-10.80804252624512,-8.674280166625973,11.438459396362305,B_underfit(regression-to-mean)
sample_240,beam,251,65.0,80.0,50.0,57.67859649658203,50.82227325439453,60.19314193725586,52.799407958984375,-10.749565124511719,-8.503725051879883,11.437485694885254,B_underfit(regression-to-mean)
sample_233,beam,34,66.0,72.0,60.0,57.533390045166016,50.65752029418945,58.6429557800293,51.41694641113281,-11.904544830322266,-10.970048904418945,11.437296867370605,B_underfit(regression-to-mean)
sample_240,beam,25,65.0,80.0,50.0,57.53030014038086,50.66387939453125,60.10837173461914,52.72232437133789,-10.902910232543945,-8.584651947021484,11.436882972717285,B_underfit(regression-to-mean)
sample_240,beam,244,65.0,80.0,50.0,57.67828750610352,50.82029724121094,60.21969604492188,52.82372283935547,-10.75070762634277,-8.478290557861325,11.436509132385254,B_underfit(regression-to-mean)
sample_240,beam,14,65.0,80.0,50.0,57.72052383422852,50.849456787109375,60.12601852416992,52.73891830444336,-10.715009689331051,-8.56753158569336,11.435458183288574,B_underfit(regression-to-mean)
sample_240,beam,3,65.0,80.0,50.0,57.6664924621582,50.79547119140625,60.11215972900391,52.72454833984375,-10.769018173217773,-8.581645965576168,11.435341835021973,B_underfit(regression-to-mean)
sample_240,beam,240,65.0,80.0,50.0,57.614891052246094,50.758766174316406,60.28053665161133,52.87713623046875,-10.81317138671875,-8.421163558959961,11.435118675231934,B_underfit(regression-to-mean)
sample_240,beam,34,65.0,80.0,50.0,57.47579193115234,50.63124084472656,60.41977310180664,52.998497009277344,-10.94648361206055,-8.290864944458008,11.43354320526123,B_underfit(regression-to-mean)
sample_10,beam,175,65.0,75.0,55.0,56.0408935546875,49.20730209350586,58.09698486328125,50.92705535888672,-12.37590217590332,-10.487979888916016,11.431941032409668,B_underfit(regression-to-mean)
sample_240,beam,15,65.0,80.0,50.0,57.71971130371094,50.84921646118164,60.27700805664063,52.87371444702149,-10.715536117553711,-8.424638748168938,11.43155288696289,B_underfit(regression-to-mean)
sample_240,beam,11,65.0,80.0,50.0,57.62946701049805,50.76097869873047,60.33382415771485,52.92208862304688,-10.804777145385742,-8.372043609619134,11.429944038391113,B_underfit(regression-to-mean)
sample_240,beam,252,65.0,80.0,50.0,57.66915893554688,50.81417083740234,60.49137878417969,53.06496810913086,-10.75833511352539,-8.221826553344727,11.42965030670166,B_underfit(regression-to-mean)
sample_240,beam,245,65.0,80.0,50.0,57.66945266723633,50.81266784667969,60.49058151245117,53.06521224975586,-10.758939743041992,-8.222103118896484,11.429461479187012,B_underfit(regression-to-mean)
sample_240,beam,26,65.0,80.0,50.0,57.540645599365234,50.67594909667969,60.39550018310547,52.977813720703125,-10.891702651977539,-8.313343048095703,11.429404258728027,B_underfit(regression-to-mean)
sample_240,beam,4,65.0,80.0,50.0,57.66673278808594,50.79665756225586,60.42075347900391,52.99950408935547,-10.768304824829102,-8.289871215820309,11.42716884613037,B_underfit(regression-to-mean)
sample_208,column,58,60.0,50.0,70.0,48.816009521484375,49.67415237426758,56.02785873413086,51.83042526245117,-10.754919052124023,-6.070858001708984,11.426817893981934,B_underfit(regression-to-mean)
sample_240,beam,16,65.0,80.0,50.0,57.71721649169922,50.846824645996094,60.49433898925781,53.06781768798828,-10.717979431152344,-8.218921661376953,11.425771713256836,B_underfit(regression-to-mean)
sample_240,beam,27,65.0,80.0,50.0,57.53511428833008,50.67213439941406,60.587799072265625,53.14934921264648,-10.89637565612793,-8.131425857543949,11.424642562866211,B_underfit(regression-to-mean)
sample_240,beam,246,65.0,80.0,50.0,57.66316223144531,50.80705261230469,60.68000793457031,53.23405075073242,-10.764892578125,-8.042970657348633,11.424483299255371,B_underfit(regression-to-mean)
sample_195,beam,59,60.0,60.0,60.0,52.42082977294922,45.55013275146485,51.3618049621582,44.96942138671875,-11.014518737792965,-11.834386825561523,11.424452781677246,B_underfit(regression-to-mean)
sample_240,beam,12,65.0,80.0,50.0,57.62797546386719,50.75959014892578,60.55824661254883,53.12228393554688,-10.806217193603516,-8.159734725952145,11.42391300201416,B_underfit(regression-to-mean)
sample_240,beam,253,65.0,80.0,50.0,57.662357330322266,50.808223724365234,60.71456909179688,53.26410675048828,-10.76470947265625,-8.010662078857418,11.423851013183594,B_underfit(regression-to-mean)
sample_240,beam,5,65.0,80.0,50.0,57.665077209472656,50.795188903808594,60.61272811889648,53.17071533203125,-10.769866943359375,-8.108278274536136,11.422024726867676,B_underfit(regression-to-mean)
sample_240,beam,247,65.0,80.0,50.0,57.66273498535156,50.80670166015625,60.82279968261719,53.3614501953125,-10.765281677246094,-7.907875061035156,11.420654296875,B_underfit(regression-to-mean)
sample_240,beam,13,65.0,80.0,50.0,57.62325286865234,50.75576019287109,60.69537734985352,53.24456024169922,-10.810493469238288,-8.03003120422363,11.420422554016113,B_underfit(regression-to-mean)
sample_240,beam,254,65.0,80.0,50.0,57.66088104248047,50.80690002441406,60.879913330078125,53.41166305541992,-10.766109466552734,-7.854211807250977,11.419442176818848,B_underfit(regression-to-mean)
sample_240,beam,17,65.0,80.0,50.0,57.71458053588867,50.843711853027344,60.729827880859375,53.27804946899414,-10.720853805541992,-7.996061325073242,11.41933822631836,B_underfit(regression-to-mean)
sample_240,beam,6,65.0,80.0,50.0,57.6607666015625,50.79174423217773,60.74187469482422,53.28578567504883,-10.773744583129886,-7.986169815063477,11.418722152709961,B_underfit(regression-to-mean)
sample_233,column,80,70.0,70.0,70.0,60.49380493164063,55.075775146484375,59.92116928100586,58.85919189453125,-12.215209960937496,-10.609819412231445,11.412514686584473,B_underfit(regression-to-mean)
sample_240,beam,18,65.0,80.0,50.0,57.70698165893555,50.83774948120117,61.02401351928711,53.54045867919922,-10.72763442993164,-7.717763900756836,11.411803245544434,B_underfit(regression-to-mean)
sample_233,beam,243,66.0,72.0,60.0,57.35931396484375,50.47706604003906,58.88815689086914,51.63785171508789,-12.081809997558594,-10.736995697021484,11.409402847290039,B_underfit(regression-to-mean)
sample_251,beam,239,45.0,60.0,30.0,37.80025100708008,29.61909294128418,38.43455505371094,28.509939193725582,-11.290328025817871,-11.52775287628174,11.409040451049805,B_underfit(regression-to-mean)
sample_240,beam,19,65.0,80.0,50.0,57.70088958740234,50.83259582519531,61.25215148925781,53.74397277832031,-10.733257293701175,-7.5019378662109375,11.405881881713867,B_underfit(regression-to-mean)
sample_240,beam,20,65.0,80.0,50.0,57.69847106933594,50.830833435058594,61.43073272705078,53.90331268310547,-10.735347747802734,-7.332977294921875,11.401235580444336,B_underfit(regression-to-mean)
sample_195,beam,81,60.0,60.0,60.0,52.25872039794922,45.42473602294922,51.55069732666016,45.16802978515625,-11.158271789550781,-11.640636444091793,11.399454116821289,B_underfit(regression-to-mean)
sample_10,column,58,70.0,70.0,70.0,61.82403564453125,55.55634307861328,62.239017486572266,54.78919982910156,-11.309810638427734,-11.485891342163086,11.39785099029541,B_underfit(regression-to-mean)
sample_233,beam,202,66.0,72.0,60.0,57.39152908325195,50.50701904296875,58.92892837524414,51.67399215698242,-12.050725936889648,-10.698539733886719,11.374632835388184,B_underfit(regression-to-mean)
sample_251,beam,241,45.0,60.0,30.0,37.51416778564453,29.65541648864746,38.63465881347656,28.704418182373047,-11.415207862854004,-11.330461502075195,11.3728346824646,B_underfit(regression-to-mean)
sample_203,beam,73,45.0,50.0,40.0,36.00543212890625,28.94140243530273,38.956321716308594,30.614999771118164,-12.52658271789551,-10.214339256286621,11.370460987091064,B_underfit(regression-to-mean)
sample_208,column,64,60.0,50.0,70.0,48.78007507324219,49.66014099121094,55.63630294799805,51.768165588378906,-10.779891967773438,-6.297765731811523,11.356980323791504,B_underfit(regression-to-mean)
sample_233,beam,291,66.0,72.0,60.0,57.589237213134766,50.70936584472656,58.76668548583984,51.53129959106445,-11.850698471069336,-10.851007461547855,11.350852966308594,B_underfit(regression-to-mean)
sample_233,beam,251,66.0,72.0,60.0,57.463111877441406,50.56092071533203,58.91619873046875,51.66479110717773,-11.987983703613281,-10.709505081176761,11.34874439239502,B_underfit(regression-to-mean)
sample_235,column,31,62.5,70.0,55.0,50.35594940185547,50.63189697265625,52.63957214355469,51.02870178222656,-12.00607681274414,-10.665863037109375,11.335969924926758,B_underfit(regression-to-mean)
sample_251,beam,240,45.0,60.0,30.0,37.70930099487305,29.627456665039062,38.652462005615234,28.67727279663086,-11.331621170043945,-11.335132598876953,11.333376884460447,B_underfit(regression-to-mean)
sample_208,column,72,60.0,50.0,70.0,48.90473175048828,49.78507614135742,55.702857971191406,51.71975326538086,-10.655096054077148,-6.288694381713867,11.323324203491211,B_underfit(regression-to-mean)
sample_208,column,75,60.0,50.0,70.0,48.90231323242188,49.82151794433594,55.859336853027344,51.84416961669922,-10.63808441162109,-6.148246765136719,11.322834014892578,B_underfit(regression-to-mean)
sample_208,column,55,60.0,50.0,70.0,48.89049911499024,50.3555793762207,56.63401412963867,52.13167190551758,-10.376960754394528,-5.617156982421875,11.314065933227539,B_underfit(regression-to-mean)
sample_233,beam,207,66.0,72.0,60.0,57.50714492797852,50.61798477172852,58.97041320800781,51.71363830566406,-11.937435150146477,-10.657974243164062,11.297704696655273,B_underfit(regression-to-mean)
sample_10,beam,114,65.0,75.0,55.0,56.19552612304688,49.355953216552734,58.22455596923828,51.039512634277344,-12.224260330200192,-10.367965698242188,11.296113014221191,B_underfit(regression-to-mean)
sample_10,column,75,70.0,70.0,70.0,61.81435012817383,55.86844253540039,61.49392318725586,55.68364715576172,-11.15860366821289,-11.411214828491211,11.28490924835205,B_underfit(regression-to-mean)
sample_208,column,3,60.0,50.0,70.0,55.445709228515625,55.28092956542969,59.96358871459961,55.00379180908203,-4.636680603027344,-2.5163097381591797,11.281144142150879,B_underfit(regression-to-mean)
sample_151,column,26,65.0,70.0,60.0,55.901641845703125,52.19691848754883,56.11710739135742,50.682865142822266,-10.950719833374023,-11.600013732910156,11.27536678314209,B_underfit(regression-to-mean)
sample_10,beam,148,65.0,75.0,55.0,56.106082916259766,49.242897033691406,58.381004333496094,51.18279266357422,-12.325510025024414,-10.218101501464844,11.271805763244629,B_underfit(regression-to-mean)
sample_10,column,30,70.0,70.0,70.0,62.01206970214844,55.55664825439453,61.17581558227539,56.18708419799805,-11.215641021728516,-11.318550109863281,11.267095565795898,B_underfit(regression-to-mean)
sample_208,column,52,60.0,50.0,70.0,49.076316833496094,50.4513053894043,56.400177001953125,51.91634368896485,-10.236188888549805,-5.841739654541012,11.239052772521973,B_underfit(regression-to-mean)
sample_233,beam,36,66.0,72.0,60.0,57.5363883972168,50.66282653808594,59.07266998291016,51.80118560791016,-11.900392532348633,-10.563072204589837,11.231732368469238,B_underfit(regression-to-mean)
sample_10,beam,115,65.0,75.0,55.0,56.41582489013672,49.56513214111328,58.141746520996094,50.96525573730469,-12.009521484375,-10.44649887084961,11.228010177612305,B_underfit(regression-to-mean)
sample_235,column,32,62.5,70.0,55.0,50.18559646606445,50.6195182800293,53.49338150024414,50.80066680908203,-12.097442626953125,-10.352975845336914,11.22520923614502,B_underfit(regression-to-mean)
sample_10,beam,116,65.0,75.0,55.0,56.4561882019043,49.601409912109375,58.167999267578125,50.98825073242188,-11.971200942993164,-10.421874999999996,11.196537971496582,B_underfit(regression-to-mean)
sample_233,beam,6,66.0,72.0,60.0,57.50495910644531,50.62489318847656,59.22419738769531,51.936126708984375,-11.935073852539062,-10.419837951660156,11.17745590209961,B_underfit(regression-to-mean)
sample_251,beam,185,45.0,50.0,40.0,38.91198348999024,30.132373809814453,38.186954498291016,28.0832462310791,-10.477821350097653,-11.864899635314941,11.171360492706299,B_underfit(regression-to-mean)
sample_251,beam,186,45.0,50.0,40.0,38.78434371948242,30.04757499694824,38.329010009765625,28.207088470458984,-10.58404064178467,-11.731950759887695,11.157995700836182,B_underfit(regression-to-mean)
sample_233,beam,288,66.0,72.0,60.0,57.52080535888672,50.63544464111328,59.252220153808594,51.96370315551758,-11.921875,-10.392038345336914,11.156956672668457,B_underfit(regression-to-mean)
sample_208,column,49,60.0,50.0,70.0,49.1862907409668,50.4575424194336,56.18994903564453,51.98191452026367,-10.178083419799801,-5.914068222045898,11.141050338745117,B_underfit(regression-to-mean)
sample_233,beam,10,66.0,72.0,60.0,57.493412017822266,50.618125915527344,59.31903076171875,52.01179122924805,-11.944231033325195,-10.334589004516602,11.139410018920898,B_underfit(regression-to-mean)
sample_195,beam,116,60.0,60.0,60.0,53.14076614379883,46.27754211425781,51.26829528808594,44.910247802734375,-10.29084587097168,-11.910728454589844,11.100787162780762,B_underfit(regression-to-mean)
sample_251,beam,238,45.0,60.0,30.0,38.24114990234375,29.851112365722656,38.87666320800781,28.70715713500977,-10.953868865966797,-11.20808982849121,11.080979347229004,B_underfit(regression-to-mean)
sample_189,beam,25,42.5,45.0,40.0,56.20339584350586,49.17969512939453,58.043888092041016,50.88834381103516,10.191545486450195,11.96611595153809,11.07883071899414,B_underfit(regression-to-mean)
sample_233,beam,11,66.0,72.0,60.0,57.558197021484375,50.68891906738281,59.433143615722656,52.11704254150391,-11.876441955566406,-10.224906921386715,11.050674438476562,B_underfit(regression-to-mean)
sample_10,column,31,70.0,70.0,70.0,62.03365707397461,55.63555908203125,61.7296028137207,56.420352935791016,-11.16539192199707,-10.92502212524414,11.045207023620605,B_underfit(regression-to-mean)
sample_233,beam,248,66.0,72.0,60.0,57.57534408569336,50.6914291381836,59.44107055664063,52.132423400878906,-11.86661338806152,-10.21325302124023,11.039933204650879,B_underfit(regression-to-mean)
sample_235,column,0,40.0,40.0,40.0,52.60755920410156,51.01478958129883,51.12025451660156,49.382320404052734,11.811174392700195,10.251287460327148,11.031230926513672,B_underfit(regression-to-mean)
sample_233,column,81,70.0,70.0,70.0,61.60652923583984,55.81046295166016,59.87521362304688,58.626983642578125,-11.29150390625,-10.748901367187496,11.02020263671875,B_underfit(regression-to-mean)
sample_142,beam,29,50.0,50.0,50.0,39.27617263793945,36.77815628051758,41.13286209106445,38.767852783203125,-11.972835540771484,-10.049642562866211,11.011239051818848,B_underfit(regression-to-mean)
sample_233,beam,250,66.0,72.0,60.0,57.54718017578125,50.66957473754883,59.54241561889648,52.22415542602539,-11.891622543334961,-10.116714477539066,11.004168510437012,B_underfit(regression-to-mean)
sample_10,column,76,70.0,70.0,70.0,62.02620697021485,56.11799621582031,61.895267486572266,56.004127502441406,-10.927898406982418,-11.050302505493164,10.989100456237793,B_underfit(regression-to-mean)
sample_99,beam,65,42.5,40.0,45.0,56.95659255981445,50.09005355834961,56.94647979736328,49.89435958862305,11.023323059082031,10.920419692993164,10.971871376037598,B_underfit(regression-to-mean)
sample_233,beam,293,66.0,72.0,60.0,57.569480895996094,50.68981170654297,59.61109161376953,52.285430908203125,-11.870353698730469,-10.051738739013672,10.96104621887207,B_underfit(regression-to-mean)
sample_10,column,32,70.0,70.0,70.0,61.97227096557617,55.66183090209961,62.14897918701172,56.3853759765625,-11.18294906616211,-10.73282241821289,10.9578857421875,B_underfit(regression-to-mean)
sample_151,column,50,65.0,70.0,60.0,56.67548751831055,52.989349365234375,53.64975357055664,53.013938903808594,-10.167581558227539,-11.668153762817383,10.917867660522463,B_underfit(regression-to-mean)
sample_251,beam,88,35.0,40.0,30.0,49.99271774291992,43.62313079833984,47.8789176940918,42.174346923828125,11.80792427062988,10.026632308959961,10.917278289794922,B_underfit(regression-to-mean)
sample_203,column,98,40.0,40.0,40.0,50.05754852294922,50.39046096801758,51.89759063720703,51.250953674316406,10.224004745483398,11.574272155761719,10.899138450622559,B_underfit(regression-to-mean)
sample_195,beam,77,60.0,60.0,60.0,53.155120849609375,46.307865142822266,51.6709213256836,45.27619552612305,-10.26850700378418,-11.526441574096676,10.89747428894043,B_underfit(regression-to-mean)
sample_233,column,82,70.0,70.0,70.0,61.97412872314453,56.26074981689453,59.89802169799805,58.29819488525391,-10.882560729980469,-10.90189170837402,10.892226219177246,B_underfit(regression-to-mean)
sample_251,beam,229,45.0,50.0,40.0,38.49727630615234,30.01345443725586,39.21918487548828,28.73593139648437,-10.744634628295902,-11.022441864013674,10.883538246154785,B_underfit(regression-to-mean)
sample_10,column,77,70.0,70.0,70.0,62.09593963623047,56.18207550048828,62.17656707763672,56.087188720703125,-10.860992431640625,-10.868122100830078,10.864557266235352,B_underfit(regression-to-mean)
sample_111,column,44,50.0,50.0,50.0,63.03319549560547,58.666969299316406,61.65230178833008,60.01519775390625,10.850082397460938,10.833749771118164,10.84191608428955,B_underfit(regression-to-mean)
sample_111,column,40,50.0,50.0,50.0,62.990760803222656,58.69500732421875,61.62993621826172,60.01161575317383,10.842884063720703,10.820775985717773,10.831830024719238,B_underfit(regression-to-mean)
sample_10,beam,149,65.0,75.0,55.0,56.83462524414063,49.91949844360352,58.611446380615234,51.38854217529297,-11.622938156127923,-10.000005722045898,10.811471939086914,B_underfit(regression-to-mean)
sample_10,beam,106,65.0,75.0,55.0,57.216068267822266,50.37432861328125,58.16756439208984,50.9970817565918,-11.204801559448242,-10.417676925659183,10.811239242553711,B_underfit(regression-to-mean)
sample_99,beam,10,42.5,40.0,45.0,56.791534423828125,49.9085807800293,56.748722076416016,49.717681884765625,10.850057601928711,10.73320198059082,10.791629791259766,B_underfit(regression-to-mean)
sample_111,column,56,50.0,50.0,50.0,63.0340576171875,58.71148681640625,61.51024627685547,59.90587615966797,10.872772216796875,10.708061218261719,10.790416717529299,B_underfit(regression-to-mean)
sample_111,column,48,50.0,50.0,50.0,62.996185302734375,58.698429107666016,61.50682830810547,59.94335174560547,10.847307205200195,10.725090026855469,10.786198616027832,B_underfit(regression-to-mean)
sample_10,beam,152,65.0,75.0,55.0,57.09657669067383,50.18135070800781,58.44439697265625,51.238956451416016,-11.36103630065918,-10.158323287963867,10.759679794311523,B_underfit(regression-to-mean)
sample_111,column,43,50.0,50.0,50.0,62.96826934814453,58.65699768066406,61.44651794433594,59.92365646362305,10.812633514404297,10.685087203979492,10.748860359191895,B_underfit(regression-to-mean)
sample_111,column,52,50.0,50.0,50.0,63.0576171875,58.64792251586914,61.42903900146485,59.8592414855957,10.85276985168457,10.644140243530277,10.748455047607422,B_underfit(regression-to-mean)
sample_10,beam,142,65.0,75.0,55.0,56.9839973449707,50.17875289916992,58.55561065673828,51.33958053588867,-11.418624877929688,-10.052404403686523,10.735514640808105,B_underfit(regression-to-mean)
sample_111,column,39,50.0,50.0,50.0,62.9039306640625,58.678897857666016,61.428199768066406,59.918365478515625,10.791414260864258,10.673282623291016,10.732348442077637,B_underfit(regression-to-mean)
sample_10,beam,151,65.0,75.0,55.0,57.08112716674805,50.16628646850586,58.5247802734375,51.31080627441406,-11.376293182373047,-10.082206726074219,10.729249954223635,B_underfit(regression-to-mean)
sample_99,beam,36,42.5,40.0,45.0,56.76253509521485,49.87762451171875,56.62123489379883,49.60459518432617,10.8200798034668,10.6129150390625,10.716497421264648,B_underfit(regression-to-mean)
sample_92,beam,65,35.0,40.0,30.0,48.33087539672852,41.83967208862305,49.49886703491211,43.16471481323242,10.085273742675785,11.331790924072266,10.708532333374023,B_underfit(regression-to-mean)
sample_233,column,84,70.0,70.0,70.0,61.71794509887695,57.08757019042969,59.98039245605469,58.41859817504883,-10.59724235534668,-10.800504684448242,10.698873519897461,B_underfit(regression-to-mean)
sample_10,column,49,70.0,70.0,70.0,62.31393051147461,56.28367233276367,62.05110549926758,56.60971450805664,-10.70119857788086,-10.66958999633789,10.685394287109375,B_underfit(regression-to-mean)
sample_111,column,55,50.0,50.0,50.0,62.970458984375,58.69599151611328,61.2767448425293,59.786956787109375,10.83322525024414,10.531850814819336,10.682538032531738,B_underfit(regression-to-mean)
sample_251,beam,236,45.0,50.0,40.0,38.77775573730469,30.218734741210938,39.40068054199219,28.88357734680176,-10.501754760742188,-10.857871055603026,10.679812908172607,B_underfit(regression-to-mean)
sample_111,column,47,50.0,50.0,50.0,62.90572738647461,58.674598693847656,61.29036331176758,59.83264923095703,10.790163040161133,10.561506271362305,10.675834655761719,B_underfit(regression-to-mean)
sample_99,beam,69,42.5,40.0,45.0,56.87534713745117,50.0001335144043,56.41122817993164,49.41584014892578,10.937740325927734,10.413534164428711,10.675637245178223,B_underfit(regression-to-mean)
sample_233,column,94,70.0,70.0,70.0,61.82145690917969,56.38187789916992,60.02492904663086,59.10373306274414,-10.898332595825195,-10.4356689453125,10.667000770568848,B_underfit(regression-to-mean)
sample_31,beam,93,45.0,50.0,40.0,38.2236328125,30.56794166564941,38.62247085571289,29.928009033203125,-10.604212760925295,-10.724760055541992,10.664486408233643,B_underfit(regression-to-mean)
sample_233,column,86,70.0,70.0,70.0,61.768287658691406,56.37504196166992,60.36545181274414,58.84836196899414,-10.928335189819336,-10.39309310913086,10.660714149475098,B_underfit(regression-to-mean)
sample_86,beam,71,52.5,45.0,60.0,43.69671249389648,39.64767837524414,43.79344177246094,40.25082015991211,-10.827804565429691,-10.477869033813477,10.652836799621582,B_underfit(regression-to-mean)
sample_111,column,51,50.0,50.0,50.0,62.9875602722168,58.63404846191406,61.19023513793945,59.731632232666016,10.81080436706543,10.460933685302734,10.635869026184082,B_underfit(regression-to-mean)
sample_99,column,27,50.0,50.0,50.0,62.87748336791992,58.67641067504883,61.24441909790039,59.61774444580078,10.776947021484375,10.431081771850586,10.60401439666748,B_underfit(regression-to-mean)
sample_111,column,60,50.0,50.0,50.0,62.870361328125,58.70309448242188,61.139259338378906,59.6829948425293,10.786727905273441,10.411127090454102,10.59892749786377,B_underfit(regression-to-mean)
sample_233,column,85,70.0,70.0,70.0,61.6806526184082,56.31475830078125,60.4658088684082,59.24625396728516,-11.002294540405273,-10.143968582153317,10.573131561279297,B_underfit(regression-to-mean)
sample_233,column,95,70.0,70.0,70.0,62.32809448242188,56.649559020996094,59.90522384643555,58.82662582397461,-10.511173248291012,-10.634075164794922,10.572624206542969,B_underfit(regression-to-mean)
sample_233,column,77,70.0,70.0,70.0,62.40171432495117,56.79737091064453,60.20127868652344,58.35581588745117,-10.400457382202148,-10.721452713012695,10.560955047607422,B_underfit(regression-to-mean)
sample_233,column,96,70.0,70.0,70.0,62.57615661621094,57.06574630737305,59.82204055786133,58.32997894287109,-10.179048538208008,-10.923990249633793,10.551519393920898,B_underfit(regression-to-mean)
sample_111,column,42,50.0,50.0,50.0,62.86227416992188,58.64265060424805,61.02911758422852,59.66475296020508,10.752462387084964,10.3469352722168,10.549698829650879,B_underfit(regression-to-mean)
sample_99,column,49,50.0,50.0,50.0,62.742897033691406,58.60220718383789,61.17438125610352,59.56361770629883,10.672552108764648,10.368999481201175,10.52077579498291,B_underfit(regression-to-mean)
sample_99,column,69,50.0,50.0,50.0,62.8037338256836,58.68611526489258,61.04439926147461,59.48897933959961,10.74492454528809,10.26668930053711,10.505806922912598,B_underfit(regression-to-mean)
sample_233,column,75,70.0,70.0,70.0,62.26628112792969,57.37704086303711,60.12752532958984,58.23245620727539,-10.178339004516602,-10.820009231567386,10.499174118041992,B_underfit(regression-to-mean)
sample_233,column,83,70.0,70.0,70.0,62.34421920776367,57.14581680297852,60.05437469482422,58.52195739746094,-10.254981994628903,-10.711833953857422,10.483407974243164,B_underfit(regression-to-mean)
sample_10,beam,75,65.0,75.0,55.0,57.517333984375,50.63302612304688,58.58489227294922,51.36109161376953,-10.924819946289059,-10.027008056640625,10.475914001464844,B_underfit(regression-to-mean)
sample_111,column,54,50.0,50.0,50.0,62.90854644775391,58.68161010742188,60.81759262084961,59.493743896484375,10.795078277587898,10.155668258666992,10.475373268127441,B_underfit(regression-to-mean)
sample_111,column,38,50.0,50.0,50.0,62.750099182128906,58.64607620239258,60.90258407592773,59.57745361328125,10.698087692260742,10.240018844604489,10.469053268432617,B_underfit(regression-to-mean)
sample_99,beam,14,42.5,40.0,45.0,56.689208984375,49.79963684082031,56.17034530639648,49.20085144042969,10.744422912597656,10.185598373413082,10.465010643005371,B_underfit(regression-to-mean)
sample_111,column,59,50.0,50.0,50.0,62.70531463623047,58.64865493774414,60.92362976074219,59.54096221923828,10.676984786987305,10.232295989990234,10.45464038848877,B_underfit(regression-to-mean)
sample_111,column,46,50.0,50.0,50.0,62.75947189331055,58.63791275024414,60.86024856567383,59.559940338134766,10.698692321777344,10.210094451904297,10.45439338684082,B_underfit(regression-to-mean)
sample_99,column,31,50.0,50.0,50.0,62.75128173828125,58.58530426025391,61.02098846435547,59.442684173583984,10.668292999267582,10.231836318969727,10.450064659118652,B_underfit(regression-to-mean)
sample_233,column,99,70.0,70.0,70.0,61.6572151184082,56.78194427490234,60.4466438293457,59.32049179077149,-10.78042030334473,-10.116432189941403,10.448426246643066,B_underfit(regression-to-mean)
sample_10,column,50,70.0,70.0,70.0,62.37815475463867,56.425880432128906,62.4253158569336,56.983375549316406,-10.597982406616211,-10.295654296874996,10.446818351745605,B_underfit(regression-to-mean)
sample_99,column,74,50.0,50.0,50.0,62.755767822265625,58.62760543823242,60.930763244628906,59.40413665771485,10.691686630249023,10.167449951171879,10.42956829071045,B_underfit(regression-to-mean)
sample_111,column,50,50.0,50.0,50.0,62.89601135253906,58.62908554077149,60.745906829833984,59.43963623046875,10.762548446655277,10.092771530151367,10.42765998840332,B_underfit(regression-to-mean)
sample_235,beam,70,35.0,40.0,30.0,48.93471145629883,42.43301010131836,48.45195770263672,41.71988296508789,10.683860778808594,10.085920333862305,10.38489055633545,B_underfit(regression-to-mean)
sample_111,column,41,50.0,50.0,50.0,62.57919692993164,58.55025100708008,60.82726287841797,59.50300216674805,10.56472396850586,10.165132522583008,10.364928245544434,B_underfit(regression-to-mean)
sample_10,column,51,70.0,70.0,70.0,62.372535705566406,56.43869018554688,62.77534103393555,56.9576301574707,-10.594387054443356,-10.133514404296875,10.363950729370117,B_underfit(regression-to-mean)
sample_99,column,73,50.0,50.0,50.0,62.735477447509766,58.6123161315918,60.7904167175293,59.30588150024414,10.673896789550781,10.048149108886719,10.36102294921875,B_underfit(regression-to-mean)
sample_99,beam,40,42.5,40.0,45.0,56.64454650878906,49.75538635253906,55.99045944213867,49.040863037109375,10.699966430664062,10.015661239624023,10.357813835144043,B_underfit(regression-to-mean)
sample_10,column,88,70.0,70.0,70.0,62.619850158691406,56.91680908203125,60.935821533203125,58.111270904541016,-10.231670379638672,-10.47645378112793,10.3540620803833,B_underfit(regression-to-mean)
sample_86,beam,70,52.5,45.0,60.0,44.10410690307617,39.88467025756836,44.184112548828125,40.43717956542969,-10.505611419677734,-10.189353942871094,10.347482681274414,B_underfit(regression-to-mean)
sample_233,column,104,70.0,70.0,70.0,61.84849548339844,57.07808303833008,60.405303955078125,59.29627227783203,-10.536710739135742,-10.149211883544922,10.342961311340332,B_underfit(regression-to-mean)
sample_99,column,53,50.0,50.0,50.0,62.5089225769043,58.47121810913086,60.95405197143555,59.401512145996094,10.490070343017578,10.17778205871582,10.3339262008667,B_underfit(regression-to-mean)
sample_86,column,22,50.0,60.0,40.0,39.224159240722656,39.61077880859375,42.901634216308594,42.989349365234375,-10.582530975341797,-7.054508209228516,10.313194274902344,B_underfit(regression-to-mean)
sample_233,column,76,70.0,70.0,70.0,62.63163375854492,57.27656936645508,60.20075225830078,58.73249435424805,-10.0458984375,-10.533376693725586,10.289637565612793,B_underfit(regression-to-mean)
sample_233,column,79,70.0,70.0,70.0,62.33171463012695,56.86996841430664,60.3961067199707,59.24439239501953,-10.399158477783203,-10.179750442504883,10.289454460144043,B_underfit(regression-to-mean)
sample_192,beam,44,42.5,55.0,30.0,44.63248825073242,40.11429214477539,43.54344177246094,39.07845306396485,-0.12660980224609375,-1.1890525817871058,10.254203796386719,B_underfit(regression-to-mean)
sample_233,column,17,70.0,70.0,70.0,62.620418548583984,57.286617279052734,60.29571914672852,58.79582214355469,-10.04648208618164,-10.454229354858395,10.25035572052002,B_underfit(regression-to-mean)
sample_233,column,16,70.0,70.0,70.0,62.44700622558594,57.06830596923828,60.38397216796875,59.25063705444336,-10.24234390258789,-10.182695388793945,10.212519645690918,B_underfit(regression-to-mean)
sample_233,column,1,70.0,70.0,70.0,62.15732192993164,57.37248992919922,60.37932205200195,59.29947280883789,-10.23509407043457,-10.160602569580078,10.197848320007324,B_underfit(regression-to-mean)
sample_111,column,45,50.0,50.0,50.0,62.3176155090332,58.43837356567383,60.643653869628906,59.38466644287109,10.377994537353516,10.014160156249996,10.196077346801758,B_underfit(regression-to-mean)
sample_10,column,89,70.0,70.0,70.0,62.78483581542969,57.168888092041016,61.256595611572266,58.22658920288086,-10.023138046264648,-10.258407592773438,10.140772819519043,B_underfit(regression-to-mean)
sample_192,beam,39,42.5,55.0,30.0,45.02728271484375,40.279273986816406,45.32861328125,40.62834548950195,0.15327835083007812,0.47847938537597656,10.137930870056152,B_underfit(regression-to-mean)
sample_86,column,19,50.0,60.0,40.0,42.13832473754883,42.67079925537109,43.67162704467773,43.680362701416016,-7.595438003540043,-6.3240051269531286,10.135302543640137,B_underfit(regression-to-mean)
sample_86,column,23,50.0,60.0,40.0,41.5122184753418,41.994117736816406,43.56256103515625,43.581424713134766,-8.246831893920898,-6.428007125854492,10.125190734863281,B_underfit(regression-to-mean)
sample_86,column,18,50.0,60.0,40.0,39.750244140625,40.14830017089844,43.00264358520508,43.08012008666992,-10.050727844238281,-6.9586181640625,10.11888313293457,B_underfit(regression-to-mean)
sample_86,column,9,50.0,60.0,40.0,40.775421142578125,41.20743179321289,43.520626068115234,43.54203796386719,-9.008573532104492,-6.468667984008789,10.11335563659668,B_underfit(regression-to-mean)
sample_86,column,13,50.0,60.0,40.0,40.150184631347656,40.56901168823242,43.40753936767578,43.440162658691406,-9.640401840209961,-6.576148986816406,10.112862586975098,B_underfit(regression-to-mean)
